/Users/dinisha/mlx-inference-bench/.venv/lib/python3.12/site-packages/mlx_lm/server.py:1723: UserWarning: mlx_lm.server is not recommended for production as it only implements basic security checks.
  warnings.warn(
2026-09-19 21:08:43,748 - INFO - Starting httpd at 127.0.0.1 on port 8080...
2026-09-19 21:08:43,931 - INFO - HTTP Request: GET https://huggingface.co/api/models/Qwen/Qwen3-0.6B/revision/main "HTTP/1.1 200 OK"
Fetching 7 files:   0%|          | 0/7 [00:00<?, ?it/s]Fetching 7 files: 100%|██████████| 7/7 [00:00<00:00, 1357.88it/s]
127.0.0.1 - - [19/Sep/2026 21:08:44] "GET /v1/models HTTP/1.1" 200 -
127.0.0.1 - - [19/Sep/2026 21:08:47] code 501, message Unsupported method ('HEAD')
127.0.0.1 - - [19/Sep/2026 21:08:47] "HEAD /metrics HTTP/1.1" 501 -
127.0.0.1 - - [19/Sep/2026 21:08:47] "GET /metrics HTTP/1.1" 404 -
2026-09-19 21:08:50,718 - INFO - Prompt Cache: 0 sequences, 0.00 GB
2026-09-19 21:08:50,718 - INFO - - assistant: 0 sequences, 0.00 GB
2026-09-19 21:08:50,718 - INFO - - user: 0 sequences, 0.00 GB
2026-09-19 21:08:50,718 - INFO - - system: 0 sequences, 0.00 GB
127.0.0.1 - - [19/Sep/2026 21:08:50] "POST /v1/chat/completions HTTP/1.1" 200 -
2026-09-19 21:08:51,421 - INFO - Prompt processing progress: 520/524
2026-09-19 21:08:51,469 - INFO - Prompt processing progress: 523/524
2026-09-19 21:08:51,492 - INFO - Prompt processing progress: 524/524
2026-09-19 21:08:54,429 - INFO - Prompt Cache: 1 sequences, 0.07 GB
2026-09-19 21:08:54,429 - INFO - - assistant: 1 sequences, 0.07 GB
2026-09-19 21:08:54,429 - INFO - - user: 0 sequences, 0.00 GB
2026-09-19 21:08:54,429 - INFO - - system: 0 sequences, 0.00 GB
127.0.0.1 - - [19/Sep/2026 21:08:54] "POST /v1/chat/completions HTTP/1.1" 200 -
2026-09-19 21:08:54,867 - INFO - Prompt processing progress: 517/521
2026-09-19 21:08:54,914 - INFO - Prompt processing progress: 520/521
2026-09-19 21:08:54,934 - INFO - Prompt processing progress: 521/521
2026-09-19 21:08:58,000 - INFO - Prompt Cache: 1 sequences, 0.07 GB
2026-09-19 21:08:58,000 - INFO - - assistant: 1 sequences, 0.07 GB
2026-09-19 21:08:58,000 - INFO - - user: 0 sequences, 0.00 GB
2026-09-19 21:08:58,000 - INFO - - system: 0 sequences, 0.00 GB
127.0.0.1 - - [19/Sep/2026 21:08:58] "POST /v1/chat/completions HTTP/1.1" 200 -
2026-09-19 21:08:58,427 - INFO - Prompt processing progress: 517/521
2026-09-19 21:08:58,470 - INFO - Prompt processing progress: 520/521
2026-09-19 21:08:58,491 - INFO - Prompt processing progress: 521/521
2026-09-19 21:09:01,432 - INFO - Prompt Cache: 1 sequences, 0.07 GB
2026-09-19 21:09:01,432 - INFO - - assistant: 1 sequences, 0.07 GB
2026-09-19 21:09:01,432 - INFO - - user: 0 sequences, 0.00 GB
2026-09-19 21:09:01,432 - INFO - - system: 0 sequences, 0.00 GB
127.0.0.1 - - [19/Sep/2026 21:09:01] "POST /v1/chat/completions HTTP/1.1" 200 -
2026-09-19 21:09:01,859 - INFO - Prompt processing progress: 517/521
2026-09-19 21:09:01,903 - INFO - Prompt processing progress: 520/521
2026-09-19 21:09:01,924 - INFO - Prompt processing progress: 521/521
2026-09-19 21:09:04,862 - INFO - Prompt Cache: 1 sequences, 0.07 GB
2026-09-19 21:09:04,862 - INFO - - assistant: 1 sequences, 0.07 GB
2026-09-19 21:09:04,862 - INFO - - user: 0 sequences, 0.00 GB
2026-09-19 21:09:04,862 - INFO - - system: 0 sequences, 0.00 GB
127.0.0.1 - - [19/Sep/2026 21:09:04] "POST /v1/chat/completions HTTP/1.1" 200 -
2026-09-19 21:09:05,287 - INFO - Prompt processing progress: 517/521
2026-09-19 21:09:05,330 - INFO - Prompt processing progress: 520/521
2026-09-19 21:09:05,351 - INFO - Prompt processing progress: 521/521
2026-09-19 21:09:08,288 - INFO - Prompt Cache: 1 sequences, 0.07 GB
2026-09-19 21:09:08,288 - INFO - - assistant: 1 sequences, 0.07 GB
2026-09-19 21:09:08,288 - INFO - - user: 0 sequences, 0.00 GB
2026-09-19 21:09:08,288 - INFO - - system: 0 sequences, 0.00 GB
127.0.0.1 - - [19/Sep/2026 21:09:08] "POST /v1/chat/completions HTTP/1.1" 200 -
2026-09-19 21:09:08,714 - INFO - Prompt processing progress: 517/521
2026-09-19 21:09:08,761 - INFO - Prompt processing progress: 520/521
2026-09-19 21:09:08,781 - INFO - Prompt processing progress: 521/521
2026-09-19 21:09:11,718 - INFO - Prompt Cache: 1 sequences, 0.07 GB
2026-09-19 21:09:11,718 - INFO - - assistant: 1 sequences, 0.07 GB
2026-09-19 21:09:11,718 - INFO - - user: 0 sequences, 0.00 GB
2026-09-19 21:09:11,718 - INFO - - system: 0 sequences, 0.00 GB
127.0.0.1 - - [19/Sep/2026 21:09:11] "POST /v1/chat/completions HTTP/1.1" 200 -
2026-09-19 21:09:12,144 - INFO - Prompt processing progress: 517/521
2026-09-19 21:09:12,187 - INFO - Prompt processing progress: 520/521
2026-09-19 21:09:12,208 - INFO - Prompt processing progress: 521/521
2026-09-19 21:09:15,140 - INFO - Prompt Cache: 1 sequences, 0.07 GB
2026-09-19 21:09:15,140 - INFO - - assistant: 1 sequences, 0.07 GB
2026-09-19 21:09:15,140 - INFO - - user: 0 sequences, 0.00 GB
2026-09-19 21:09:15,140 - INFO - - system: 0 sequences, 0.00 GB
127.0.0.1 - - [19/Sep/2026 21:09:15] "POST /v1/chat/completions HTTP/1.1" 200 -
2026-09-19 21:09:15,567 - INFO - Prompt processing progress: 517/521
2026-09-19 21:09:15,611 - INFO - Prompt processing progress: 520/521
2026-09-19 21:09:15,632 - INFO - Prompt processing progress: 521/521
2026-09-19 21:09:17,377 - INFO - Prompt Cache: 1 sequences, 0.07 GB
2026-09-19 21:09:17,377 - INFO - - assistant: 1 sequences, 0.07 GB
2026-09-19 21:09:17,377 - INFO - - user: 0 sequences, 0.00 GB
2026-09-19 21:09:17,377 - INFO - - system: 0 sequences, 0.00 GB
127.0.0.1 - - [19/Sep/2026 21:09:17] "POST /v1/chat/completions HTTP/1.1" 200 -
2026-09-19 21:09:17,803 - INFO - Prompt processing progress: 517/521
2026-09-19 21:09:17,846 - INFO - Prompt processing progress: 520/521
2026-09-19 21:09:17,867 - INFO - Prompt processing progress: 521/521
2026-09-19 21:09:20,806 - INFO - Prompt Cache: 1 sequences, 0.07 GB
2026-09-19 21:09:20,807 - INFO - - assistant: 1 sequences, 0.07 GB
2026-09-19 21:09:20,807 - INFO - - user: 0 sequences, 0.00 GB
2026-09-19 21:09:20,807 - INFO - - system: 0 sequences, 0.00 GB
127.0.0.1 - - [19/Sep/2026 21:09:20] "POST /v1/chat/completions HTTP/1.1" 200 -
2026-09-19 21:09:21,242 - INFO - Prompt processing progress: 517/521
2026-09-19 21:09:21,293 - INFO - Prompt processing progress: 520/521
2026-09-19 21:09:21,319 - INFO - Prompt processing progress: 521/521
127.0.0.1 - - [19/Sep/2026 21:09:30] code 501, message Unsupported method ('HEAD')
127.0.0.1 - - [19/Sep/2026 21:09:30] "HEAD /metrics HTTP/1.1" 501 -
127.0.0.1 - - [19/Sep/2026 21:09:30] "GET /metrics HTTP/1.1" 404 -
2026-09-19 21:09:32,699 - INFO - Prompt Cache: 1 sequences, 0.07 GB
2026-09-19 21:09:32,699 - INFO - - assistant: 1 sequences, 0.07 GB
2026-09-19 21:09:32,699 - INFO - - user: 0 sequences, 0.00 GB
2026-09-19 21:09:32,699 - INFO - - system: 0 sequences, 0.00 GB
127.0.0.1 - - [19/Sep/2026 21:09:32] "POST /v1/chat/completions HTTP/1.1" 200 -
2026-09-19 21:09:33,231 - INFO - Prompt processing progress: 517/521
2026-09-19 21:09:33,276 - INFO - Prompt processing progress: 520/521
2026-09-19 21:09:33,297 - INFO - Prompt processing progress: 521/521
2026-09-19 21:09:36,227 - INFO - Prompt Cache: 1 sequences, 0.07 GB
2026-09-19 21:09:36,227 - INFO - - assistant: 1 sequences, 0.07 GB
2026-09-19 21:09:36,227 - INFO - - user: 0 sequences, 0.00 GB
2026-09-19 21:09:36,227 - INFO - - system: 0 sequences, 0.00 GB
127.0.0.1 - - [19/Sep/2026 21:09:36] "POST /v1/chat/completions HTTP/1.1" 200 -
2026-09-19 21:09:36,660 - INFO - Prompt processing progress: 517/521
2026-09-19 21:09:36,706 - INFO - Prompt processing progress: 520/521
2026-09-19 21:09:36,727 - INFO - Prompt processing progress: 521/521
2026-09-19 21:09:39,775 - INFO - Prompt Cache: 1 sequences, 0.07 GB
2026-09-19 21:09:39,775 - INFO - - assistant: 1 sequences, 0.07 GB
2026-09-19 21:09:39,775 - INFO - - user: 0 sequences, 0.00 GB
2026-09-19 21:09:39,775 - INFO - - system: 0 sequences, 0.00 GB
127.0.0.1 - - [19/Sep/2026 21:09:39] "POST /v1/chat/completions HTTP/1.1" 200 -
2026-09-19 21:09:40,201 - INFO - Prompt processing progress: 517/521
2026-09-19 21:09:40,244 - INFO - Prompt processing progress: 520/521
2026-09-19 21:09:40,264 - INFO - Prompt processing progress: 521/521
2026-09-19 21:09:43,196 - INFO - Prompt Cache: 1 sequences, 0.07 GB
2026-09-19 21:09:43,196 - INFO - - assistant: 1 sequences, 0.07 GB
2026-09-19 21:09:43,196 - INFO - - user: 0 sequences, 0.00 GB
2026-09-19 21:09:43,196 - INFO - - system: 0 sequences, 0.00 GB
127.0.0.1 - - [19/Sep/2026 21:09:43] "POST /v1/chat/completions HTTP/1.1" 200 -
2026-09-19 21:09:43,621 - INFO - Prompt processing progress: 517/521
2026-09-19 21:09:43,666 - INFO - Prompt processing progress: 520/521
2026-09-19 21:09:43,687 - INFO - Prompt processing progress: 521/521
2026-09-19 21:09:46,661 - INFO - Prompt Cache: 1 sequences, 0.07 GB
2026-09-19 21:09:46,661 - INFO - - assistant: 1 sequences, 0.07 GB
2026-09-19 21:09:46,661 - INFO - - user: 0 sequences, 0.00 GB
2026-09-19 21:09:46,661 - INFO - - system: 0 sequences, 0.00 GB
127.0.0.1 - - [19/Sep/2026 21:09:46] "POST /v1/chat/completions HTTP/1.1" 200 -
2026-09-19 21:09:47,089 - INFO - Prompt processing progress: 517/521
2026-09-19 21:09:47,133 - INFO - Prompt processing progress: 520/521
2026-09-19 21:09:47,154 - INFO - Prompt processing progress: 521/521
2026-09-19 21:09:50,089 - INFO - Prompt Cache: 1 sequences, 0.07 GB
2026-09-19 21:09:50,089 - INFO - - assistant: 1 sequences, 0.07 GB
2026-09-19 21:09:50,089 - INFO - - user: 0 sequences, 0.00 GB
2026-09-19 21:09:50,089 - INFO - - system: 0 sequences, 0.00 GB
127.0.0.1 - - [19/Sep/2026 21:09:50] "POST /v1/chat/completions HTTP/1.1" 200 -
2026-09-19 21:09:50,514 - INFO - Prompt processing progress: 517/521
2026-09-19 21:09:50,559 - INFO - Prompt processing progress: 520/521
2026-09-19 21:09:50,580 - INFO - Prompt processing progress: 521/521
2026-09-19 21:09:53,509 - INFO - Prompt Cache: 1 sequences, 0.07 GB
2026-09-19 21:09:53,509 - INFO - - assistant: 1 sequences, 0.07 GB
2026-09-19 21:09:53,509 - INFO - - user: 0 sequences, 0.00 GB
2026-09-19 21:09:53,509 - INFO - - system: 0 sequences, 0.00 GB
127.0.0.1 - - [19/Sep/2026 21:09:53] "POST /v1/chat/completions HTTP/1.1" 200 -
2026-09-19 21:09:53,935 - INFO - Prompt processing progress: 517/521
2026-09-19 21:09:53,978 - INFO - Prompt processing progress: 520/521
2026-09-19 21:09:53,999 - INFO - Prompt processing progress: 521/521
2026-09-19 21:09:56,931 - INFO - Prompt Cache: 1 sequences, 0.07 GB
2026-09-19 21:09:56,931 - INFO - - assistant: 1 sequences, 0.07 GB
2026-09-19 21:09:56,931 - INFO - - user: 0 sequences, 0.00 GB
2026-09-19 21:09:56,931 - INFO - - system: 0 sequences, 0.00 GB
127.0.0.1 - - [19/Sep/2026 21:09:56] "POST /v1/chat/completions HTTP/1.1" 200 -
2026-09-19 21:09:57,357 - INFO - Prompt processing progress: 517/521
2026-09-19 21:09:57,402 - INFO - Prompt processing progress: 520/521
2026-09-19 21:09:57,422 - INFO - Prompt processing progress: 521/521
2026-09-19 21:09:59,168 - INFO - Prompt Cache: 1 sequences, 0.07 GB
2026-09-19 21:09:59,168 - INFO - - assistant: 1 sequences, 0.07 GB
2026-09-19 21:09:59,168 - INFO - - user: 0 sequences, 0.00 GB
2026-09-19 21:09:59,168 - INFO - - system: 0 sequences, 0.00 GB
127.0.0.1 - - [19/Sep/2026 21:09:59] "POST /v1/chat/completions HTTP/1.1" 200 -
2026-09-19 21:09:59,593 - INFO - Prompt processing progress: 517/521
2026-09-19 21:09:59,637 - INFO - Prompt processing progress: 520/521
2026-09-19 21:09:59,657 - INFO - Prompt processing progress: 521/521
2026-09-19 21:10:02,646 - INFO - Prompt Cache: 1 sequences, 0.07 GB
2026-09-19 21:10:02,646 - INFO - - assistant: 1 sequences, 0.07 GB
2026-09-19 21:10:02,646 - INFO - - user: 0 sequences, 0.00 GB
2026-09-19 21:10:02,646 - INFO - - system: 0 sequences, 0.00 GB
127.0.0.1 - - [19/Sep/2026 21:10:02] "POST /v1/chat/completions HTTP/1.1" 200 -
2026-09-19 21:10:03,087 - INFO - Prompt processing progress: 517/521
2026-09-19 21:10:03,138 - INFO - Prompt processing progress: 520/521
2026-09-19 21:10:03,163 - INFO - Prompt processing progress: 521/521
127.0.0.1 - - [19/Sep/2026 21:10:11] code 501, message Unsupported method ('HEAD')
127.0.0.1 - - [19/Sep/2026 21:10:11] "HEAD /metrics HTTP/1.1" 501 -
127.0.0.1 - - [19/Sep/2026 21:10:11] "GET /metrics HTTP/1.1" 404 -
2026-09-19 21:10:14,572 - INFO - Prompt Cache: 1 sequences, 0.07 GB
2026-09-19 21:10:14,572 - INFO - - assistant: 1 sequences, 0.07 GB
2026-09-19 21:10:14,572 - INFO - - user: 0 sequences, 0.00 GB
2026-09-19 21:10:14,572 - INFO - - system: 0 sequences, 0.00 GB
127.0.0.1 - - [19/Sep/2026 21:10:14] "POST /v1/chat/completions HTTP/1.1" 200 -
2026-09-19 21:10:15,063 - INFO - Prompt processing progress: 517/521
2026-09-19 21:10:15,108 - INFO - Prompt processing progress: 520/521
2026-09-19 21:10:15,129 - INFO - Prompt processing progress: 521/521
2026-09-19 21:10:18,062 - INFO - Prompt Cache: 1 sequences, 0.07 GB
2026-09-19 21:10:18,062 - INFO - - assistant: 1 sequences, 0.07 GB
2026-09-19 21:10:18,062 - INFO - - user: 0 sequences, 0.00 GB
2026-09-19 21:10:18,062 - INFO - - system: 0 sequences, 0.00 GB
127.0.0.1 - - [19/Sep/2026 21:10:18] "POST /v1/chat/completions HTTP/1.1" 200 -
2026-09-19 21:10:18,497 - INFO - Prompt processing progress: 517/521
2026-09-19 21:10:18,543 - INFO - Prompt processing progress: 520/521
2026-09-19 21:10:18,564 - INFO - Prompt processing progress: 521/521
2026-09-19 21:10:21,639 - INFO - Prompt Cache: 1 sequences, 0.07 GB
2026-09-19 21:10:21,639 - INFO - - assistant: 1 sequences, 0.07 GB
2026-09-19 21:10:21,639 - INFO - - user: 0 sequences, 0.00 GB
2026-09-19 21:10:21,639 - INFO - - system: 0 sequences, 0.00 GB
127.0.0.1 - - [19/Sep/2026 21:10:21] "POST /v1/chat/completions HTTP/1.1" 200 -
2026-09-19 21:10:22,065 - INFO - Prompt processing progress: 517/521
2026-09-19 21:10:22,108 - INFO - Prompt processing progress: 520/521
2026-09-19 21:10:22,129 - INFO - Prompt processing progress: 521/521
2026-09-19 21:10:25,088 - INFO - Prompt Cache: 1 sequences, 0.07 GB
2026-09-19 21:10:25,088 - INFO - - assistant: 1 sequences, 0.07 GB
2026-09-19 21:10:25,088 - INFO - - user: 0 sequences, 0.00 GB
2026-09-19 21:10:25,088 - INFO - - system: 0 sequences, 0.00 GB
127.0.0.1 - - [19/Sep/2026 21:10:25] "POST /v1/chat/completions HTTP/1.1" 200 -
2026-09-19 21:10:25,517 - INFO - Prompt processing progress: 517/521
2026-09-19 21:10:25,562 - INFO - Prompt processing progress: 520/521
2026-09-19 21:10:25,582 - INFO - Prompt processing progress: 521/521
2026-09-19 21:10:28,565 - INFO - Prompt Cache: 1 sequences, 0.07 GB
2026-09-19 21:10:28,565 - INFO - - assistant: 1 sequences, 0.07 GB
2026-09-19 21:10:28,565 - INFO - - user: 0 sequences, 0.00 GB
2026-09-19 21:10:28,565 - INFO - - system: 0 sequences, 0.00 GB
127.0.0.1 - - [19/Sep/2026 21:10:28] "POST /v1/chat/completions HTTP/1.1" 200 -
2026-09-19 21:10:28,991 - INFO - Prompt processing progress: 517/521
2026-09-19 21:10:29,034 - INFO - Prompt processing progress: 520/521
2026-09-19 21:10:29,055 - INFO - Prompt processing progress: 521/521
2026-09-19 21:10:32,038 - INFO - Prompt Cache: 1 sequences, 0.07 GB
2026-09-19 21:10:32,038 - INFO - - assistant: 1 sequences, 0.07 GB
2026-09-19 21:10:32,039 - INFO - - user: 0 sequences, 0.00 GB
2026-09-19 21:10:32,039 - INFO - - system: 0 sequences, 0.00 GB
127.0.0.1 - - [19/Sep/2026 21:10:32] "POST /v1/chat/completions HTTP/1.1" 200 -
2026-09-19 21:10:32,466 - INFO - Prompt processing progress: 517/521
2026-09-19 21:10:32,511 - INFO - Prompt processing progress: 520/521
2026-09-19 21:10:32,532 - INFO - Prompt processing progress: 521/521
2026-09-19 21:10:35,516 - INFO - Prompt Cache: 1 sequences, 0.07 GB
2026-09-19 21:10:35,516 - INFO - - assistant: 1 sequences, 0.07 GB
2026-09-19 21:10:35,516 - INFO - - user: 0 sequences, 0.00 GB
2026-09-19 21:10:35,516 - INFO - - system: 0 sequences, 0.00 GB
127.0.0.1 - - [19/Sep/2026 21:10:35] "POST /v1/chat/completions HTTP/1.1" 200 -
2026-09-19 21:10:35,941 - INFO - Prompt processing progress: 517/521
2026-09-19 21:10:35,984 - INFO - Prompt processing progress: 520/521
2026-09-19 21:10:36,005 - INFO - Prompt processing progress: 521/521
2026-09-19 21:10:38,982 - INFO - Prompt Cache: 1 sequences, 0.07 GB
2026-09-19 21:10:38,982 - INFO - - assistant: 1 sequences, 0.07 GB
2026-09-19 21:10:38,982 - INFO - - user: 0 sequences, 0.00 GB
2026-09-19 21:10:38,982 - INFO - - system: 0 sequences, 0.00 GB
127.0.0.1 - - [19/Sep/2026 21:10:38] "POST /v1/chat/completions HTTP/1.1" 200 -
2026-09-19 21:10:39,409 - INFO - Prompt processing progress: 517/521
2026-09-19 21:10:39,454 - INFO - Prompt processing progress: 520/521
2026-09-19 21:10:39,474 - INFO - Prompt processing progress: 521/521
2026-09-19 21:10:41,333 - INFO - Prompt Cache: 1 sequences, 0.07 GB
2026-09-19 21:10:41,333 - INFO - - assistant: 1 sequences, 0.07 GB
2026-09-19 21:10:41,333 - INFO - - user: 0 sequences, 0.00 GB
2026-09-19 21:10:41,333 - INFO - - system: 0 sequences, 0.00 GB
127.0.0.1 - - [19/Sep/2026 21:10:41] "POST /v1/chat/completions HTTP/1.1" 200 -
2026-09-19 21:10:41,763 - INFO - Prompt processing progress: 517/521
2026-09-19 21:10:41,807 - INFO - Prompt processing progress: 520/521
2026-09-19 21:10:41,828 - INFO - Prompt processing progress: 521/521
2026-09-19 21:10:45,044 - INFO - Prompt Cache: 1 sequences, 0.07 GB
2026-09-19 21:10:45,044 - INFO - - assistant: 1 sequences, 0.07 GB
2026-09-19 21:10:45,044 - INFO - - user: 0 sequences, 0.00 GB
2026-09-19 21:10:45,044 - INFO - - system: 0 sequences, 0.00 GB
127.0.0.1 - - [19/Sep/2026 21:10:45] "POST /v1/chat/completions HTTP/1.1" 200 -
2026-09-19 21:10:45,489 - INFO - Prompt processing progress: 517/521
2026-09-19 21:10:45,540 - INFO - Prompt processing progress: 520/521
2026-09-19 21:10:45,565 - INFO - Prompt processing progress: 521/521
127.0.0.1 - - [19/Sep/2026 21:10:54] code 501, message Unsupported method ('HEAD')
127.0.0.1 - - [19/Sep/2026 21:10:54] "HEAD /metrics HTTP/1.1" 501 -
127.0.0.1 - - [19/Sep/2026 21:10:54] "GET /metrics HTTP/1.1" 404 -
2026-09-19 21:10:57,533 - INFO - Prompt Cache: 1 sequences, 0.07 GB
2026-09-19 21:10:57,533 - INFO - - assistant: 1 sequences, 0.07 GB
2026-09-19 21:10:57,533 - INFO - - user: 0 sequences, 0.00 GB
2026-09-19 21:10:57,533 - INFO - - system: 0 sequences, 0.00 GB
127.0.0.1 - - [19/Sep/2026 21:10:57] "POST /v1/chat/completions HTTP/1.1" 200 -
2026-09-19 21:10:58,362 - INFO - Prompt processing progress: 517/521
2026-09-19 21:10:58,407 - INFO - Prompt processing progress: 520/521
2026-09-19 21:10:58,428 - INFO - Prompt processing progress: 521/521
2026-09-19 21:11:01,469 - INFO - Prompt Cache: 1 sequences, 0.07 GB
2026-09-19 21:11:01,469 - INFO - - assistant: 1 sequences, 0.07 GB
2026-09-19 21:11:01,469 - INFO - - user: 0 sequences, 0.00 GB
2026-09-19 21:11:01,469 - INFO - - system: 0 sequences, 0.00 GB
127.0.0.1 - - [19/Sep/2026 21:11:01] "POST /v1/chat/completions HTTP/1.1" 200 -
2026-09-19 21:11:01,911 - INFO - Prompt processing progress: 517/521
2026-09-19 21:11:01,956 - INFO - Prompt processing progress: 520/521
2026-09-19 21:11:01,976 - INFO - Prompt processing progress: 521/521
2026-09-19 21:11:05,062 - INFO - Prompt Cache: 1 sequences, 0.07 GB
2026-09-19 21:11:05,063 - INFO - - assistant: 1 sequences, 0.07 GB
2026-09-19 21:11:05,063 - INFO - - user: 0 sequences, 0.00 GB
2026-09-19 21:11:05,063 - INFO - - system: 0 sequences, 0.00 GB
127.0.0.1 - - [19/Sep/2026 21:11:05] "POST /v1/chat/completions HTTP/1.1" 200 -
2026-09-19 21:11:05,491 - INFO - Prompt processing progress: 517/521
2026-09-19 21:11:05,534 - INFO - Prompt processing progress: 520/521
2026-09-19 21:11:05,555 - INFO - Prompt processing progress: 521/521
2026-09-19 21:11:08,501 - INFO - Prompt Cache: 1 sequences, 0.07 GB
2026-09-19 21:11:08,501 - INFO - - assistant: 1 sequences, 0.07 GB
2026-09-19 21:11:08,501 - INFO - - user: 0 sequences, 0.00 GB
2026-09-19 21:11:08,501 - INFO - - system: 0 sequences, 0.00 GB
127.0.0.1 - - [19/Sep/2026 21:11:08] "POST /v1/chat/completions HTTP/1.1" 200 -
2026-09-19 21:11:08,928 - INFO - Prompt processing progress: 517/521
2026-09-19 21:11:08,973 - INFO - Prompt processing progress: 520/521
2026-09-19 21:11:08,992 - INFO - Prompt processing progress: 521/521
2026-09-19 21:11:11,942 - INFO - Prompt Cache: 1 sequences, 0.07 GB
2026-09-19 21:11:11,943 - INFO - - assistant: 1 sequences, 0.07 GB
2026-09-19 21:11:11,943 - INFO - - user: 0 sequences, 0.00 GB
2026-09-19 21:11:11,943 - INFO - - system: 0 sequences, 0.00 GB
127.0.0.1 - - [19/Sep/2026 21:11:11] "POST /v1/chat/completions HTTP/1.1" 200 -
2026-09-19 21:11:12,381 - INFO - Prompt processing progress: 517/521
2026-09-19 21:11:12,431 - INFO - Prompt processing progress: 520/521
2026-09-19 21:11:12,455 - INFO - Prompt processing progress: 521/521
127.0.0.1 - - [19/Sep/2026 21:11:21] code 501, message Unsupported method ('HEAD')
127.0.0.1 - - [19/Sep/2026 21:11:21] "HEAD /metrics HTTP/1.1" 501 -
127.0.0.1 - - [19/Sep/2026 21:11:21] "GET /metrics HTTP/1.1" 404 -
2026-09-19 21:11:24,443 - INFO - Prompt Cache: 1 sequences, 0.07 GB
2026-09-19 21:11:24,443 - INFO - - assistant: 1 sequences, 0.07 GB
2026-09-19 21:11:24,443 - INFO - - user: 0 sequences, 0.00 GB
2026-09-19 21:11:24,443 - INFO - - system: 0 sequences, 0.00 GB
127.0.0.1 - - [19/Sep/2026 21:11:24] "POST /v1/chat/completions HTTP/1.1" 200 -
2026-09-19 21:11:24,719 - INFO - Prompt processing progress: 133/137
2026-09-19 21:11:24,766 - INFO - Prompt processing progress: 136/137
2026-09-19 21:11:24,786 - INFO - Prompt processing progress: 137/137
2026-09-19 21:11:27,699 - INFO - Prompt Cache: 1 sequences, 0.03 GB
2026-09-19 21:11:27,699 - INFO - - assistant: 1 sequences, 0.03 GB
2026-09-19 21:11:27,699 - INFO - - user: 0 sequences, 0.00 GB
2026-09-19 21:11:27,699 - INFO - - system: 0 sequences, 0.00 GB
127.0.0.1 - - [19/Sep/2026 21:11:27] "POST /v1/chat/completions HTTP/1.1" 200 -
2026-09-19 21:11:27,897 - INFO - Prompt processing progress: 133/137
2026-09-19 21:11:27,935 - INFO - Prompt processing progress: 136/137
2026-09-19 21:11:27,954 - INFO - Prompt processing progress: 137/137
2026-09-19 21:11:30,984 - INFO - Prompt Cache: 1 sequences, 0.03 GB
2026-09-19 21:11:30,984 - INFO - - assistant: 1 sequences, 0.03 GB
2026-09-19 21:11:30,985 - INFO - - user: 0 sequences, 0.00 GB
2026-09-19 21:11:30,985 - INFO - - system: 0 sequences, 0.00 GB
127.0.0.1 - - [19/Sep/2026 21:11:30] "POST /v1/chat/completions HTTP/1.1" 200 -
2026-09-19 21:11:31,171 - INFO - Prompt processing progress: 133/137
2026-09-19 21:11:31,210 - INFO - Prompt processing progress: 136/137
2026-09-19 21:11:31,229 - INFO - Prompt processing progress: 137/137
2026-09-19 21:11:34,108 - INFO - Prompt Cache: 1 sequences, 0.03 GB
2026-09-19 21:11:34,108 - INFO - - assistant: 1 sequences, 0.03 GB
2026-09-19 21:11:34,108 - INFO - - user: 0 sequences, 0.00 GB
2026-09-19 21:11:34,108 - INFO - - system: 0 sequences, 0.00 GB
127.0.0.1 - - [19/Sep/2026 21:11:34] "POST /v1/chat/completions HTTP/1.1" 200 -
2026-09-19 21:11:34,294 - INFO - Prompt processing progress: 133/137
2026-09-19 21:11:34,332 - INFO - Prompt processing progress: 136/137
2026-09-19 21:11:34,352 - INFO - Prompt processing progress: 137/137
2026-09-19 21:11:37,188 - INFO - Prompt Cache: 1 sequences, 0.03 GB
2026-09-19 21:11:37,188 - INFO - - assistant: 1 sequences, 0.03 GB
2026-09-19 21:11:37,188 - INFO - - user: 0 sequences, 0.00 GB
2026-09-19 21:11:37,188 - INFO - - system: 0 sequences, 0.00 GB
127.0.0.1 - - [19/Sep/2026 21:11:37] "POST /v1/chat/completions HTTP/1.1" 200 -
2026-09-19 21:11:37,374 - INFO - Prompt processing progress: 133/137
2026-09-19 21:11:37,413 - INFO - Prompt processing progress: 136/137
2026-09-19 21:11:37,432 - INFO - Prompt processing progress: 137/137
2026-09-19 21:11:40,263 - INFO - Prompt Cache: 1 sequences, 0.03 GB
2026-09-19 21:11:40,263 - INFO - - assistant: 1 sequences, 0.03 GB
2026-09-19 21:11:40,263 - INFO - - user: 0 sequences, 0.00 GB
2026-09-19 21:11:40,263 - INFO - - system: 0 sequences, 0.00 GB
127.0.0.1 - - [19/Sep/2026 21:11:40] "POST /v1/chat/completions HTTP/1.1" 200 -
2026-09-19 21:11:40,448 - INFO - Prompt processing progress: 133/137
2026-09-19 21:11:40,486 - INFO - Prompt processing progress: 136/137
2026-09-19 21:11:40,506 - INFO - Prompt processing progress: 137/137
2026-09-19 21:11:43,335 - INFO - Prompt Cache: 1 sequences, 0.03 GB
2026-09-19 21:11:43,335 - INFO - - assistant: 1 sequences, 0.03 GB
2026-09-19 21:11:43,335 - INFO - - user: 0 sequences, 0.00 GB
2026-09-19 21:11:43,335 - INFO - - system: 0 sequences, 0.00 GB
127.0.0.1 - - [19/Sep/2026 21:11:43] "POST /v1/chat/completions HTTP/1.1" 200 -
2026-09-19 21:11:43,519 - INFO - Prompt processing progress: 133/137
2026-09-19 21:11:43,558 - INFO - Prompt processing progress: 136/137
2026-09-19 21:11:43,578 - INFO - Prompt processing progress: 137/137
2026-09-19 21:11:46,412 - INFO - Prompt Cache: 1 sequences, 0.03 GB
2026-09-19 21:11:46,412 - INFO - - assistant: 1 sequences, 0.03 GB
2026-09-19 21:11:46,412 - INFO - - user: 0 sequences, 0.00 GB
2026-09-19 21:11:46,412 - INFO - - system: 0 sequences, 0.00 GB
127.0.0.1 - - [19/Sep/2026 21:11:46] "POST /v1/chat/completions HTTP/1.1" 200 -
2026-09-19 21:11:46,596 - INFO - Prompt processing progress: 133/137
2026-09-19 21:11:46,635 - INFO - Prompt processing progress: 136/137
2026-09-19 21:11:46,654 - INFO - Prompt processing progress: 137/137
2026-09-19 21:11:49,478 - INFO - Prompt Cache: 1 sequences, 0.03 GB
2026-09-19 21:11:49,478 - INFO - - assistant: 1 sequences, 0.03 GB
2026-09-19 21:11:49,478 - INFO - - user: 0 sequences, 0.00 GB
2026-09-19 21:11:49,478 - INFO - - system: 0 sequences, 0.00 GB
127.0.0.1 - - [19/Sep/2026 21:11:49] "POST /v1/chat/completions HTTP/1.1" 200 -
2026-09-19 21:11:49,664 - INFO - Prompt processing progress: 133/137
2026-09-19 21:11:49,703 - INFO - Prompt processing progress: 136/137
2026-09-19 21:11:49,723 - INFO - Prompt processing progress: 137/137
2026-09-19 21:11:52,548 - INFO - Prompt Cache: 1 sequences, 0.03 GB
2026-09-19 21:11:52,548 - INFO - - assistant: 1 sequences, 0.03 GB
2026-09-19 21:11:52,548 - INFO - - user: 0 sequences, 0.00 GB
2026-09-19 21:11:52,548 - INFO - - system: 0 sequences, 0.00 GB
127.0.0.1 - - [19/Sep/2026 21:11:52] "POST /v1/chat/completions HTTP/1.1" 200 -
2026-09-19 21:11:52,734 - INFO - Prompt processing progress: 133/137
2026-09-19 21:11:52,773 - INFO - Prompt processing progress: 136/137
2026-09-19 21:11:52,791 - INFO - Prompt processing progress: 137/137
2026-09-19 21:11:55,627 - INFO - Prompt Cache: 1 sequences, 0.03 GB
2026-09-19 21:11:55,627 - INFO - - assistant: 1 sequences, 0.03 GB
2026-09-19 21:11:55,627 - INFO - - user: 0 sequences, 0.00 GB
2026-09-19 21:11:55,627 - INFO - - system: 0 sequences, 0.00 GB
127.0.0.1 - - [19/Sep/2026 21:11:55] "POST /v1/chat/completions HTTP/1.1" 200 -
2026-09-19 21:11:55,814 - INFO - Prompt processing progress: 133/137
2026-09-19 21:11:55,852 - INFO - Prompt processing progress: 136/137
2026-09-19 21:11:55,871 - INFO - Prompt processing progress: 137/137
2026-09-19 21:11:56,524 - INFO - Prompt Cache: 1 sequences, 0.02 GB
2026-09-19 21:11:56,524 - INFO - - assistant: 1 sequences, 0.02 GB
2026-09-19 21:11:56,524 - INFO - - user: 0 sequences, 0.00 GB
2026-09-19 21:11:56,524 - INFO - - system: 0 sequences, 0.00 GB
127.0.0.1 - - [19/Sep/2026 21:11:56] "POST /v1/chat/completions HTTP/1.1" 200 -
2026-09-19 21:11:56,710 - INFO - Prompt processing progress: 133/137
2026-09-19 21:11:56,749 - INFO - Prompt processing progress: 136/137
2026-09-19 21:11:56,769 - INFO - Prompt processing progress: 137/137
2026-09-19 21:11:59,616 - INFO - Prompt Cache: 1 sequences, 0.03 GB
2026-09-19 21:11:59,616 - INFO - - assistant: 1 sequences, 0.03 GB
2026-09-19 21:11:59,616 - INFO - - user: 0 sequences, 0.00 GB
2026-09-19 21:11:59,616 - INFO - - system: 0 sequences, 0.00 GB
127.0.0.1 - - [19/Sep/2026 21:11:59] "POST /v1/chat/completions HTTP/1.1" 200 -
2026-09-19 21:11:59,801 - INFO - Prompt processing progress: 133/137
2026-09-19 21:11:59,839 - INFO - Prompt processing progress: 136/137
2026-09-19 21:11:59,859 - INFO - Prompt processing progress: 137/137
2026-09-19 21:12:02,681 - INFO - Prompt Cache: 1 sequences, 0.03 GB
2026-09-19 21:12:02,681 - INFO - - assistant: 1 sequences, 0.03 GB
2026-09-19 21:12:02,681 - INFO - - user: 0 sequences, 0.00 GB
2026-09-19 21:12:02,681 - INFO - - system: 0 sequences, 0.00 GB
127.0.0.1 - - [19/Sep/2026 21:12:02] "POST /v1/chat/completions HTTP/1.1" 200 -
2026-09-19 21:12:02,868 - INFO - Prompt processing progress: 133/137
2026-09-19 21:12:02,906 - INFO - Prompt processing progress: 136/137
2026-09-19 21:12:02,926 - INFO - Prompt processing progress: 137/137
2026-09-19 21:12:05,747 - INFO - Prompt Cache: 1 sequences, 0.03 GB
2026-09-19 21:12:05,747 - INFO - - assistant: 1 sequences, 0.03 GB
2026-09-19 21:12:05,747 - INFO - - user: 0 sequences, 0.00 GB
2026-09-19 21:12:05,747 - INFO - - system: 0 sequences, 0.00 GB
127.0.0.1 - - [19/Sep/2026 21:12:05] "POST /v1/chat/completions HTTP/1.1" 200 -
2026-09-19 21:12:05,932 - INFO - Prompt processing progress: 133/137
2026-09-19 21:12:05,971 - INFO - Prompt processing progress: 136/137
2026-09-19 21:12:05,991 - INFO - Prompt processing progress: 137/137
2026-09-19 21:12:08,817 - INFO - Prompt Cache: 1 sequences, 0.03 GB
2026-09-19 21:12:08,817 - INFO - - assistant: 1 sequences, 0.03 GB
2026-09-19 21:12:08,817 - INFO - - user: 0 sequences, 0.00 GB
2026-09-19 21:12:08,817 - INFO - - system: 0 sequences, 0.00 GB
127.0.0.1 - - [19/Sep/2026 21:12:08] "POST /v1/chat/completions HTTP/1.1" 200 -
2026-09-19 21:12:09,003 - INFO - Prompt processing progress: 133/137
2026-09-19 21:12:09,041 - INFO - Prompt processing progress: 136/137
2026-09-19 21:12:09,061 - INFO - Prompt processing progress: 137/137
2026-09-19 21:12:10,817 - INFO - Prompt Cache: 1 sequences, 0.03 GB
2026-09-19 21:12:10,817 - INFO - - assistant: 1 sequences, 0.03 GB
2026-09-19 21:12:10,817 - INFO - - user: 0 sequences, 0.00 GB
2026-09-19 21:12:10,817 - INFO - - system: 0 sequences, 0.00 GB
127.0.0.1 - - [19/Sep/2026 21:12:10] "POST /v1/chat/completions HTTP/1.1" 200 -
2026-09-19 21:12:11,004 - INFO - Prompt processing progress: 133/137
2026-09-19 21:12:11,044 - INFO - Prompt processing progress: 136/137
2026-09-19 21:12:11,063 - INFO - Prompt processing progress: 137/137
2026-09-19 21:12:13,910 - INFO - Prompt Cache: 1 sequences, 0.03 GB
2026-09-19 21:12:13,911 - INFO - - assistant: 1 sequences, 0.03 GB
2026-09-19 21:12:13,911 - INFO - - user: 0 sequences, 0.00 GB
2026-09-19 21:12:13,911 - INFO - - system: 0 sequences, 0.00 GB
127.0.0.1 - - [19/Sep/2026 21:12:13] "POST /v1/chat/completions HTTP/1.1" 200 -
2026-09-19 21:12:14,096 - INFO - Prompt processing progress: 133/137
2026-09-19 21:12:14,134 - INFO - Prompt processing progress: 136/137
2026-09-19 21:12:14,154 - INFO - Prompt processing progress: 137/137
2026-09-19 21:12:17,020 - INFO - Prompt Cache: 1 sequences, 0.03 GB
2026-09-19 21:12:17,020 - INFO - - assistant: 1 sequences, 0.03 GB
2026-09-19 21:12:17,020 - INFO - - user: 0 sequences, 0.00 GB
2026-09-19 21:12:17,020 - INFO - - system: 0 sequences, 0.00 GB
127.0.0.1 - - [19/Sep/2026 21:12:17] "POST /v1/chat/completions HTTP/1.1" 200 -
2026-09-19 21:12:17,205 - INFO - Prompt processing progress: 133/137
2026-09-19 21:12:17,244 - INFO - Prompt processing progress: 136/137
2026-09-19 21:12:17,264 - INFO - Prompt processing progress: 137/137
2026-09-19 21:12:20,088 - INFO - Prompt Cache: 1 sequences, 0.03 GB
2026-09-19 21:12:20,088 - INFO - - assistant: 1 sequences, 0.03 GB
2026-09-19 21:12:20,088 - INFO - - user: 0 sequences, 0.00 GB
2026-09-19 21:12:20,088 - INFO - - system: 0 sequences, 0.00 GB
127.0.0.1 - - [19/Sep/2026 21:12:20] "POST /v1/chat/completions HTTP/1.1" 200 -
2026-09-19 21:12:20,274 - INFO - Prompt processing progress: 133/137
2026-09-19 21:12:20,312 - INFO - Prompt processing progress: 136/137
2026-09-19 21:12:20,332 - INFO - Prompt processing progress: 137/137
2026-09-19 21:12:23,156 - INFO - Prompt Cache: 1 sequences, 0.03 GB
2026-09-19 21:12:23,156 - INFO - - assistant: 1 sequences, 0.03 GB
2026-09-19 21:12:23,156 - INFO - - user: 0 sequences, 0.00 GB
2026-09-19 21:12:23,156 - INFO - - system: 0 sequences, 0.00 GB
127.0.0.1 - - [19/Sep/2026 21:12:23] "POST /v1/chat/completions HTTP/1.1" 200 -
2026-09-19 21:12:23,343 - INFO - Prompt processing progress: 133/137
2026-09-19 21:12:23,381 - INFO - Prompt processing progress: 136/137
2026-09-19 21:12:23,401 - INFO - Prompt processing progress: 137/137
2026-09-19 21:12:26,225 - INFO - Prompt Cache: 1 sequences, 0.03 GB
2026-09-19 21:12:26,225 - INFO - - assistant: 1 sequences, 0.03 GB
2026-09-19 21:12:26,225 - INFO - - user: 0 sequences, 0.00 GB
2026-09-19 21:12:26,225 - INFO - - system: 0 sequences, 0.00 GB
127.0.0.1 - - [19/Sep/2026 21:12:26] "POST /v1/chat/completions HTTP/1.1" 200 -
2026-09-19 21:12:26,411 - INFO - Prompt processing progress: 133/137
2026-09-19 21:12:26,449 - INFO - Prompt processing progress: 136/137
2026-09-19 21:12:26,469 - INFO - Prompt processing progress: 137/137
2026-09-19 21:12:29,293 - INFO - Prompt Cache: 1 sequences, 0.03 GB
2026-09-19 21:12:29,293 - INFO - - assistant: 1 sequences, 0.03 GB
2026-09-19 21:12:29,293 - INFO - - user: 0 sequences, 0.00 GB
2026-09-19 21:12:29,293 - INFO - - system: 0 sequences, 0.00 GB
127.0.0.1 - - [19/Sep/2026 21:12:29] "POST /v1/chat/completions HTTP/1.1" 200 -
2026-09-19 21:12:29,478 - INFO - Prompt processing progress: 133/137
2026-09-19 21:12:29,516 - INFO - Prompt processing progress: 136/137
2026-09-19 21:12:29,536 - INFO - Prompt processing progress: 137/137
2026-09-19 21:12:32,359 - INFO - Prompt Cache: 1 sequences, 0.03 GB
2026-09-19 21:12:32,359 - INFO - - assistant: 1 sequences, 0.03 GB
2026-09-19 21:12:32,359 - INFO - - user: 0 sequences, 0.00 GB
2026-09-19 21:12:32,359 - INFO - - system: 0 sequences, 0.00 GB
127.0.0.1 - - [19/Sep/2026 21:12:32] "POST /v1/chat/completions HTTP/1.1" 200 -
2026-09-19 21:12:32,546 - INFO - Prompt processing progress: 133/137
2026-09-19 21:12:32,585 - INFO - Prompt processing progress: 136/137
2026-09-19 21:12:32,604 - INFO - Prompt processing progress: 137/137
2026-09-19 21:12:35,426 - INFO - Prompt Cache: 1 sequences, 0.03 GB
2026-09-19 21:12:35,426 - INFO - - assistant: 1 sequences, 0.03 GB
2026-09-19 21:12:35,426 - INFO - - user: 0 sequences, 0.00 GB
2026-09-19 21:12:35,426 - INFO - - system: 0 sequences, 0.00 GB
127.0.0.1 - - [19/Sep/2026 21:12:35] "POST /v1/chat/completions HTTP/1.1" 200 -
2026-09-19 21:12:35,611 - INFO - Prompt processing progress: 133/137
2026-09-19 21:12:35,650 - INFO - Prompt processing progress: 136/137
2026-09-19 21:12:35,669 - INFO - Prompt processing progress: 137/137
2026-09-19 21:12:38,541 - INFO - Prompt Cache: 1 sequences, 0.03 GB
2026-09-19 21:12:38,541 - INFO - - assistant: 1 sequences, 0.03 GB
2026-09-19 21:12:38,541 - INFO - - user: 0 sequences, 0.00 GB
2026-09-19 21:12:38,541 - INFO - - system: 0 sequences, 0.00 GB
127.0.0.1 - - [19/Sep/2026 21:12:38] "POST /v1/chat/completions HTTP/1.1" 200 -
2026-09-19 21:12:38,729 - INFO - Prompt processing progress: 133/137
2026-09-19 21:12:38,767 - INFO - Prompt processing progress: 136/137
2026-09-19 21:12:38,787 - INFO - Prompt processing progress: 137/137
2026-09-19 21:12:41,610 - INFO - Prompt Cache: 1 sequences, 0.03 GB
2026-09-19 21:12:41,610 - INFO - - assistant: 1 sequences, 0.03 GB
2026-09-19 21:12:41,610 - INFO - - user: 0 sequences, 0.00 GB
2026-09-19 21:12:41,610 - INFO - - system: 0 sequences, 0.00 GB
127.0.0.1 - - [19/Sep/2026 21:12:41] "POST /v1/chat/completions HTTP/1.1" 200 -
2026-09-19 21:12:41,796 - INFO - Prompt processing progress: 133/137
2026-09-19 21:12:41,835 - INFO - Prompt processing progress: 136/137
2026-09-19 21:12:41,855 - INFO - Prompt processing progress: 137/137
2026-09-19 21:12:44,677 - INFO - Prompt Cache: 1 sequences, 0.03 GB
2026-09-19 21:12:44,677 - INFO - - assistant: 1 sequences, 0.03 GB
2026-09-19 21:12:44,677 - INFO - - user: 0 sequences, 0.00 GB
2026-09-19 21:12:44,677 - INFO - - system: 0 sequences, 0.00 GB
127.0.0.1 - - [19/Sep/2026 21:12:44] "POST /v1/chat/completions HTTP/1.1" 200 -
2026-09-19 21:12:44,862 - INFO - Prompt processing progress: 133/137
2026-09-19 21:12:44,900 - INFO - Prompt processing progress: 136/137
2026-09-19 21:12:44,920 - INFO - Prompt processing progress: 137/137
2026-09-19 21:12:47,744 - INFO - Prompt Cache: 1 sequences, 0.03 GB
2026-09-19 21:12:47,744 - INFO - - assistant: 1 sequences, 0.03 GB
2026-09-19 21:12:47,744 - INFO - - user: 0 sequences, 0.00 GB
2026-09-19 21:12:47,744 - INFO - - system: 0 sequences, 0.00 GB
127.0.0.1 - - [19/Sep/2026 21:12:47] "POST /v1/chat/completions HTTP/1.1" 200 -
2026-09-19 21:12:47,931 - INFO - Prompt processing progress: 133/137
2026-09-19 21:12:47,970 - INFO - Prompt processing progress: 136/137
2026-09-19 21:12:47,990 - INFO - Prompt processing progress: 137/137
2026-09-19 21:12:50,811 - INFO - Prompt Cache: 1 sequences, 0.03 GB
2026-09-19 21:12:50,811 - INFO - - assistant: 1 sequences, 0.03 GB
2026-09-19 21:12:50,811 - INFO - - user: 0 sequences, 0.00 GB
2026-09-19 21:12:50,811 - INFO - - system: 0 sequences, 0.00 GB
127.0.0.1 - - [19/Sep/2026 21:12:50] "POST /v1/chat/completions HTTP/1.1" 200 -
2026-09-19 21:12:50,997 - INFO - Prompt processing progress: 133/137
2026-09-19 21:12:51,035 - INFO - Prompt processing progress: 136/137
2026-09-19 21:12:51,055 - INFO - Prompt processing progress: 137/137
2026-09-19 21:12:53,876 - INFO - Prompt Cache: 1 sequences, 0.03 GB
2026-09-19 21:12:53,876 - INFO - - assistant: 1 sequences, 0.03 GB
2026-09-19 21:12:53,876 - INFO - - user: 0 sequences, 0.00 GB
2026-09-19 21:12:53,876 - INFO - - system: 0 sequences, 0.00 GB
127.0.0.1 - - [19/Sep/2026 21:12:53] "POST /v1/chat/completions HTTP/1.1" 200 -
2026-09-19 21:12:54,061 - INFO - Prompt processing progress: 133/137
2026-09-19 21:12:54,099 - INFO - Prompt processing progress: 136/137
2026-09-19 21:12:54,118 - INFO - Prompt processing progress: 137/137
2026-09-19 21:12:56,940 - INFO - Prompt Cache: 1 sequences, 0.03 GB
2026-09-19 21:12:56,940 - INFO - - assistant: 1 sequences, 0.03 GB
2026-09-19 21:12:56,940 - INFO - - user: 0 sequences, 0.00 GB
2026-09-19 21:12:56,940 - INFO - - system: 0 sequences, 0.00 GB
127.0.0.1 - - [19/Sep/2026 21:12:56] "POST /v1/chat/completions HTTP/1.1" 200 -
2026-09-19 21:12:57,126 - INFO - Prompt processing progress: 133/137
2026-09-19 21:12:57,165 - INFO - Prompt processing progress: 136/137
2026-09-19 21:12:57,185 - INFO - Prompt processing progress: 137/137
2026-09-19 21:12:59,301 - INFO - Prompt Cache: 1 sequences, 0.03 GB
2026-09-19 21:12:59,301 - INFO - - assistant: 1 sequences, 0.03 GB
2026-09-19 21:12:59,301 - INFO - - user: 0 sequences, 0.00 GB
2026-09-19 21:12:59,301 - INFO - - system: 0 sequences, 0.00 GB
127.0.0.1 - - [19/Sep/2026 21:12:59] "POST /v1/chat/completions HTTP/1.1" 200 -
2026-09-19 21:12:59,486 - INFO - Prompt processing progress: 133/137
2026-09-19 21:12:59,525 - INFO - Prompt processing progress: 136/137
2026-09-19 21:12:59,545 - INFO - Prompt processing progress: 137/137
2026-09-19 21:13:02,388 - INFO - Prompt Cache: 1 sequences, 0.03 GB
2026-09-19 21:13:02,388 - INFO - - assistant: 1 sequences, 0.03 GB
2026-09-19 21:13:02,388 - INFO - - user: 0 sequences, 0.00 GB
2026-09-19 21:13:02,388 - INFO - - system: 0 sequences, 0.00 GB
127.0.0.1 - - [19/Sep/2026 21:13:02] "POST /v1/chat/completions HTTP/1.1" 200 -
2026-09-19 21:13:02,574 - INFO - Prompt processing progress: 133/137
2026-09-19 21:13:02,612 - INFO - Prompt processing progress: 136/137
2026-09-19 21:13:02,632 - INFO - Prompt processing progress: 137/137
2026-09-19 21:13:05,453 - INFO - Prompt Cache: 1 sequences, 0.03 GB
2026-09-19 21:13:05,453 - INFO - - assistant: 1 sequences, 0.03 GB
2026-09-19 21:13:05,453 - INFO - - user: 0 sequences, 0.00 GB
2026-09-19 21:13:05,453 - INFO - - system: 0 sequences, 0.00 GB
127.0.0.1 - - [19/Sep/2026 21:13:05] "POST /v1/chat/completions HTTP/1.1" 200 -
2026-09-19 21:13:05,638 - INFO - Prompt processing progress: 133/137
2026-09-19 21:13:05,676 - INFO - Prompt processing progress: 136/137
2026-09-19 21:13:05,696 - INFO - Prompt processing progress: 137/137
2026-09-19 21:13:08,518 - INFO - Prompt Cache: 1 sequences, 0.03 GB
2026-09-19 21:13:08,519 - INFO - - assistant: 1 sequences, 0.03 GB
2026-09-19 21:13:08,519 - INFO - - user: 0 sequences, 0.00 GB
2026-09-19 21:13:08,519 - INFO - - system: 0 sequences, 0.00 GB
127.0.0.1 - - [19/Sep/2026 21:13:08] "POST /v1/chat/completions HTTP/1.1" 200 -
2026-09-19 21:13:08,704 - INFO - Prompt processing progress: 133/137
2026-09-19 21:13:08,743 - INFO - Prompt processing progress: 136/137
2026-09-19 21:13:08,762 - INFO - Prompt processing progress: 137/137
2026-09-19 21:13:11,583 - INFO - Prompt Cache: 1 sequences, 0.03 GB
2026-09-19 21:13:11,583 - INFO - - assistant: 1 sequences, 0.03 GB
2026-09-19 21:13:11,583 - INFO - - user: 0 sequences, 0.00 GB
2026-09-19 21:13:11,583 - INFO - - system: 0 sequences, 0.00 GB
127.0.0.1 - - [19/Sep/2026 21:13:11] "POST /v1/chat/completions HTTP/1.1" 200 -
2026-09-19 21:13:11,768 - INFO - Prompt processing progress: 133/137
2026-09-19 21:13:11,807 - INFO - Prompt processing progress: 136/137
2026-09-19 21:13:11,827 - INFO - Prompt processing progress: 137/137
2026-09-19 21:13:14,647 - INFO - Prompt Cache: 1 sequences, 0.03 GB
2026-09-19 21:13:14,647 - INFO - - assistant: 1 sequences, 0.03 GB
2026-09-19 21:13:14,647 - INFO - - user: 0 sequences, 0.00 GB
2026-09-19 21:13:14,647 - INFO - - system: 0 sequences, 0.00 GB
127.0.0.1 - - [19/Sep/2026 21:13:14] "POST /v1/chat/completions HTTP/1.1" 200 -
2026-09-19 21:13:14,832 - INFO - Prompt processing progress: 133/137
2026-09-19 21:13:14,870 - INFO - Prompt processing progress: 136/137
2026-09-19 21:13:14,890 - INFO - Prompt processing progress: 137/137
2026-09-19 21:13:17,718 - INFO - Prompt Cache: 1 sequences, 0.03 GB
2026-09-19 21:13:17,718 - INFO - - assistant: 1 sequences, 0.03 GB
2026-09-19 21:13:17,718 - INFO - - user: 0 sequences, 0.00 GB
2026-09-19 21:13:17,718 - INFO - - system: 0 sequences, 0.00 GB
127.0.0.1 - - [19/Sep/2026 21:13:17] "POST /v1/chat/completions HTTP/1.1" 200 -
2026-09-19 21:13:17,904 - INFO - Prompt processing progress: 133/137
2026-09-19 21:13:17,943 - INFO - Prompt processing progress: 136/137
2026-09-19 21:13:17,963 - INFO - Prompt processing progress: 137/137
2026-09-19 21:13:20,783 - INFO - Prompt Cache: 1 sequences, 0.03 GB
2026-09-19 21:13:20,783 - INFO - - assistant: 1 sequences, 0.03 GB
2026-09-19 21:13:20,783 - INFO - - user: 0 sequences, 0.00 GB
2026-09-19 21:13:20,783 - INFO - - system: 0 sequences, 0.00 GB
127.0.0.1 - - [19/Sep/2026 21:13:20] "POST /v1/chat/completions HTTP/1.1" 200 -
2026-09-19 21:13:20,970 - INFO - Prompt processing progress: 133/137
2026-09-19 21:13:21,008 - INFO - Prompt processing progress: 136/137
2026-09-19 21:13:21,028 - INFO - Prompt processing progress: 137/137
2026-09-19 21:13:23,850 - INFO - Prompt Cache: 1 sequences, 0.03 GB
2026-09-19 21:13:23,850 - INFO - - assistant: 1 sequences, 0.03 GB
2026-09-19 21:13:23,850 - INFO - - user: 0 sequences, 0.00 GB
2026-09-19 21:13:23,850 - INFO - - system: 0 sequences, 0.00 GB
127.0.0.1 - - [19/Sep/2026 21:13:23] "POST /v1/chat/completions HTTP/1.1" 200 -
2026-09-19 21:13:24,036 - INFO - Prompt processing progress: 133/137
2026-09-19 21:13:24,074 - INFO - Prompt processing progress: 136/137
2026-09-19 21:13:24,094 - INFO - Prompt processing progress: 137/137
2026-09-19 21:13:26,917 - INFO - Prompt Cache: 1 sequences, 0.03 GB
2026-09-19 21:13:26,917 - INFO - - assistant: 1 sequences, 0.03 GB
2026-09-19 21:13:26,917 - INFO - - user: 0 sequences, 0.00 GB
2026-09-19 21:13:26,917 - INFO - - system: 0 sequences, 0.00 GB
127.0.0.1 - - [19/Sep/2026 21:13:26] "POST /v1/chat/completions HTTP/1.1" 200 -
2026-09-19 21:13:27,103 - INFO - Prompt processing progress: 133/137
2026-09-19 21:13:27,141 - INFO - Prompt processing progress: 136/137
2026-09-19 21:13:27,161 - INFO - Prompt processing progress: 137/137
2026-09-19 21:13:29,987 - INFO - Prompt Cache: 1 sequences, 0.03 GB
2026-09-19 21:13:29,987 - INFO - - assistant: 1 sequences, 0.03 GB
2026-09-19 21:13:29,987 - INFO - - user: 0 sequences, 0.00 GB
2026-09-19 21:13:29,987 - INFO - - system: 0 sequences, 0.00 GB
127.0.0.1 - - [19/Sep/2026 21:13:29] "POST /v1/chat/completions HTTP/1.1" 200 -
2026-09-19 21:13:30,173 - INFO - Prompt processing progress: 133/137
2026-09-19 21:13:30,212 - INFO - Prompt processing progress: 136/137
2026-09-19 21:13:30,231 - INFO - Prompt processing progress: 137/137
2026-09-19 21:13:33,054 - INFO - Prompt Cache: 1 sequences, 0.03 GB
2026-09-19 21:13:33,054 - INFO - - assistant: 1 sequences, 0.03 GB
2026-09-19 21:13:33,054 - INFO - - user: 0 sequences, 0.00 GB
2026-09-19 21:13:33,054 - INFO - - system: 0 sequences, 0.00 GB
127.0.0.1 - - [19/Sep/2026 21:13:33] "POST /v1/chat/completions HTTP/1.1" 200 -
2026-09-19 21:13:33,238 - INFO - Prompt processing progress: 133/137
2026-09-19 21:13:33,277 - INFO - Prompt processing progress: 136/137
2026-09-19 21:13:33,297 - INFO - Prompt processing progress: 137/137
2026-09-19 21:13:36,118 - INFO - Prompt Cache: 1 sequences, 0.03 GB
2026-09-19 21:13:36,118 - INFO - - assistant: 1 sequences, 0.03 GB
2026-09-19 21:13:36,118 - INFO - - user: 0 sequences, 0.00 GB
2026-09-19 21:13:36,118 - INFO - - system: 0 sequences, 0.00 GB
127.0.0.1 - - [19/Sep/2026 21:13:36] "POST /v1/chat/completions HTTP/1.1" 200 -
2026-09-19 21:13:36,305 - INFO - Prompt processing progress: 133/137
2026-09-19 21:13:36,343 - INFO - Prompt processing progress: 136/137
2026-09-19 21:13:36,363 - INFO - Prompt processing progress: 137/137
2026-09-19 21:13:39,184 - INFO - Prompt Cache: 1 sequences, 0.03 GB
2026-09-19 21:13:39,184 - INFO - - assistant: 1 sequences, 0.03 GB
2026-09-19 21:13:39,184 - INFO - - user: 0 sequences, 0.00 GB
2026-09-19 21:13:39,184 - INFO - - system: 0 sequences, 0.00 GB
127.0.0.1 - - [19/Sep/2026 21:13:39] "POST /v1/chat/completions HTTP/1.1" 200 -
2026-09-19 21:13:39,369 - INFO - Prompt processing progress: 133/137
2026-09-19 21:13:39,408 - INFO - Prompt processing progress: 136/137
2026-09-19 21:13:39,428 - INFO - Prompt processing progress: 137/137
2026-09-19 21:13:42,249 - INFO - Prompt Cache: 1 sequences, 0.03 GB
2026-09-19 21:13:42,249 - INFO - - assistant: 1 sequences, 0.03 GB
2026-09-19 21:13:42,249 - INFO - - user: 0 sequences, 0.00 GB
2026-09-19 21:13:42,249 - INFO - - system: 0 sequences, 0.00 GB
127.0.0.1 - - [19/Sep/2026 21:13:42] "POST /v1/chat/completions HTTP/1.1" 200 -
2026-09-19 21:13:42,433 - INFO - Prompt processing progress: 133/137
2026-09-19 21:13:42,472 - INFO - Prompt processing progress: 136/137
2026-09-19 21:13:42,492 - INFO - Prompt processing progress: 137/137
2026-09-19 21:13:45,312 - INFO - Prompt Cache: 1 sequences, 0.03 GB
2026-09-19 21:13:45,312 - INFO - - assistant: 1 sequences, 0.03 GB
2026-09-19 21:13:45,312 - INFO - - user: 0 sequences, 0.00 GB
2026-09-19 21:13:45,312 - INFO - - system: 0 sequences, 0.00 GB
127.0.0.1 - - [19/Sep/2026 21:13:45] "POST /v1/chat/completions HTTP/1.1" 200 -
2026-09-19 21:13:45,496 - INFO - Prompt processing progress: 133/137
2026-09-19 21:13:45,535 - INFO - Prompt processing progress: 136/137
2026-09-19 21:13:45,554 - INFO - Prompt processing progress: 137/137
2026-09-19 21:13:48,379 - INFO - Prompt Cache: 1 sequences, 0.03 GB
2026-09-19 21:13:48,379 - INFO - - assistant: 1 sequences, 0.03 GB
2026-09-19 21:13:48,379 - INFO - - user: 0 sequences, 0.00 GB
2026-09-19 21:13:48,379 - INFO - - system: 0 sequences, 0.00 GB
127.0.0.1 - - [19/Sep/2026 21:13:48] "POST /v1/chat/completions HTTP/1.1" 200 -
2026-09-19 21:13:48,565 - INFO - Prompt processing progress: 133/137
2026-09-19 21:13:48,603 - INFO - Prompt processing progress: 136/137
2026-09-19 21:13:48,623 - INFO - Prompt processing progress: 137/137
2026-09-19 21:13:51,445 - INFO - Prompt Cache: 1 sequences, 0.03 GB
2026-09-19 21:13:51,446 - INFO - - assistant: 1 sequences, 0.03 GB
2026-09-19 21:13:51,446 - INFO - - user: 0 sequences, 0.00 GB
2026-09-19 21:13:51,446 - INFO - - system: 0 sequences, 0.00 GB
127.0.0.1 - - [19/Sep/2026 21:13:51] "POST /v1/chat/completions HTTP/1.1" 200 -
2026-09-19 21:13:51,632 - INFO - Prompt processing progress: 133/137
2026-09-19 21:13:51,670 - INFO - Prompt processing progress: 136/137
2026-09-19 21:13:51,690 - INFO - Prompt processing progress: 137/137
2026-09-19 21:13:54,546 - INFO - Prompt Cache: 1 sequences, 0.03 GB
2026-09-19 21:13:54,546 - INFO - - assistant: 1 sequences, 0.03 GB
2026-09-19 21:13:54,546 - INFO - - user: 0 sequences, 0.00 GB
2026-09-19 21:13:54,546 - INFO - - system: 0 sequences, 0.00 GB
127.0.0.1 - - [19/Sep/2026 21:13:54] "POST /v1/chat/completions HTTP/1.1" 200 -
2026-09-19 21:13:54,730 - INFO - Prompt processing progress: 133/137
2026-09-19 21:13:54,769 - INFO - Prompt processing progress: 136/137
2026-09-19 21:13:54,789 - INFO - Prompt processing progress: 137/137
2026-09-19 21:13:57,612 - INFO - Prompt Cache: 1 sequences, 0.03 GB
2026-09-19 21:13:57,612 - INFO - - assistant: 1 sequences, 0.03 GB
2026-09-19 21:13:57,612 - INFO - - user: 0 sequences, 0.00 GB
2026-09-19 21:13:57,612 - INFO - - system: 0 sequences, 0.00 GB
127.0.0.1 - - [19/Sep/2026 21:13:57] "POST /v1/chat/completions HTTP/1.1" 200 -
2026-09-19 21:13:57,799 - INFO - Prompt processing progress: 133/137
2026-09-19 21:13:57,837 - INFO - Prompt processing progress: 136/137
2026-09-19 21:13:57,857 - INFO - Prompt processing progress: 137/137
2026-09-19 21:14:00,680 - INFO - Prompt Cache: 1 sequences, 0.03 GB
2026-09-19 21:14:00,680 - INFO - - assistant: 1 sequences, 0.03 GB
2026-09-19 21:14:00,680 - INFO - - user: 0 sequences, 0.00 GB
2026-09-19 21:14:00,680 - INFO - - system: 0 sequences, 0.00 GB
127.0.0.1 - - [19/Sep/2026 21:14:00] "POST /v1/chat/completions HTTP/1.1" 200 -
2026-09-19 21:14:00,865 - INFO - Prompt processing progress: 133/137
2026-09-19 21:14:00,903 - INFO - Prompt processing progress: 136/137
2026-09-19 21:14:00,923 - INFO - Prompt processing progress: 137/137
2026-09-19 21:14:02,907 - INFO - Prompt Cache: 1 sequences, 0.03 GB
2026-09-19 21:14:02,907 - INFO - - assistant: 1 sequences, 0.03 GB
2026-09-19 21:14:02,907 - INFO - - user: 0 sequences, 0.00 GB
2026-09-19 21:14:02,907 - INFO - - system: 0 sequences, 0.00 GB
127.0.0.1 - - [19/Sep/2026 21:14:02] "POST /v1/chat/completions HTTP/1.1" 200 -
2026-09-19 21:14:03,092 - INFO - Prompt processing progress: 133/137
2026-09-19 21:14:03,132 - INFO - Prompt processing progress: 136/137
2026-09-19 21:14:03,152 - INFO - Prompt processing progress: 137/137
2026-09-19 21:14:06,034 - INFO - Prompt Cache: 1 sequences, 0.03 GB
2026-09-19 21:14:06,034 - INFO - - assistant: 1 sequences, 0.03 GB
2026-09-19 21:14:06,034 - INFO - - user: 0 sequences, 0.00 GB
2026-09-19 21:14:06,034 - INFO - - system: 0 sequences, 0.00 GB
127.0.0.1 - - [19/Sep/2026 21:14:06] "POST /v1/chat/completions HTTP/1.1" 200 -
2026-09-19 21:14:06,239 - INFO - Prompt processing progress: 133/137
2026-09-19 21:14:06,278 - INFO - Prompt processing progress: 136/137
2026-09-19 21:14:06,297 - INFO - Prompt processing progress: 137/137
2026-09-19 21:14:09,620 - INFO - Prompt Cache: 1 sequences, 0.03 GB
2026-09-19 21:14:09,620 - INFO - - assistant: 1 sequences, 0.03 GB
2026-09-19 21:14:09,620 - INFO - - user: 0 sequences, 0.00 GB
2026-09-19 21:14:09,620 - INFO - - system: 0 sequences, 0.00 GB
127.0.0.1 - - [19/Sep/2026 21:14:09] "POST /v1/chat/completions HTTP/1.1" 200 -
2026-09-19 21:14:09,829 - INFO - Prompt processing progress: 133/137
2026-09-19 21:14:09,870 - INFO - Prompt processing progress: 136/137
2026-09-19 21:14:09,891 - INFO - Prompt processing progress: 137/137
2026-09-19 21:14:11,282 - INFO - Prompt Cache: 1 sequences, 0.02 GB
2026-09-19 21:14:11,282 - INFO - - assistant: 1 sequences, 0.02 GB
2026-09-19 21:14:11,282 - INFO - - user: 0 sequences, 0.00 GB
2026-09-19 21:14:11,282 - INFO - - system: 0 sequences, 0.00 GB
127.0.0.1 - - [19/Sep/2026 21:14:11] "POST /v1/chat/completions HTTP/1.1" 200 -
2026-09-19 21:14:11,486 - INFO - Prompt processing progress: 133/137
2026-09-19 21:14:11,525 - INFO - Prompt processing progress: 136/137
2026-09-19 21:14:11,545 - INFO - Prompt processing progress: 137/137
2026-09-19 21:14:14,712 - INFO - Prompt Cache: 1 sequences, 0.03 GB
2026-09-19 21:14:14,712 - INFO - - assistant: 1 sequences, 0.03 GB
2026-09-19 21:14:14,712 - INFO - - user: 0 sequences, 0.00 GB
2026-09-19 21:14:14,712 - INFO - - system: 0 sequences, 0.00 GB
127.0.0.1 - - [19/Sep/2026 21:14:14] "POST /v1/chat/completions HTTP/1.1" 200 -
2026-09-19 21:14:14,906 - INFO - Prompt processing progress: 133/137
2026-09-19 21:14:14,945 - INFO - Prompt processing progress: 136/137
2026-09-19 21:14:14,963 - INFO - Prompt processing progress: 137/137
2026-09-19 21:14:18,319 - INFO - Prompt Cache: 1 sequences, 0.03 GB
2026-09-19 21:14:18,319 - INFO - - assistant: 1 sequences, 0.03 GB
2026-09-19 21:14:18,319 - INFO - - user: 0 sequences, 0.00 GB
2026-09-19 21:14:18,319 - INFO - - system: 0 sequences, 0.00 GB
127.0.0.1 - - [19/Sep/2026 21:14:18] "POST /v1/chat/completions HTTP/1.1" 200 -
2026-09-19 21:14:18,521 - INFO - Prompt processing progress: 133/137
2026-09-19 21:14:18,559 - INFO - Prompt processing progress: 136/137
2026-09-19 21:14:18,579 - INFO - Prompt processing progress: 137/137
2026-09-19 21:14:21,519 - INFO - Prompt Cache: 1 sequences, 0.03 GB
2026-09-19 21:14:21,519 - INFO - - assistant: 1 sequences, 0.03 GB
2026-09-19 21:14:21,519 - INFO - - user: 0 sequences, 0.00 GB
2026-09-19 21:14:21,519 - INFO - - system: 0 sequences, 0.00 GB
127.0.0.1 - - [19/Sep/2026 21:14:21] "POST /v1/chat/completions HTTP/1.1" 200 -
2026-09-19 21:14:21,712 - INFO - Prompt processing progress: 133/137
2026-09-19 21:14:21,750 - INFO - Prompt processing progress: 136/137
2026-09-19 21:14:21,767 - INFO - Prompt processing progress: 137/137
2026-09-19 21:14:24,605 - INFO - Prompt Cache: 1 sequences, 0.03 GB
2026-09-19 21:14:24,605 - INFO - - assistant: 1 sequences, 0.03 GB
2026-09-19 21:14:24,605 - INFO - - user: 0 sequences, 0.00 GB
2026-09-19 21:14:24,605 - INFO - - system: 0 sequences, 0.00 GB
127.0.0.1 - - [19/Sep/2026 21:14:24] "POST /v1/chat/completions HTTP/1.1" 200 -
2026-09-19 21:14:24,790 - INFO - Prompt processing progress: 133/137
2026-09-19 21:14:24,828 - INFO - Prompt processing progress: 136/137
2026-09-19 21:14:24,846 - INFO - Prompt processing progress: 137/137
2026-09-19 21:14:27,694 - INFO - Prompt Cache: 1 sequences, 0.03 GB
2026-09-19 21:14:27,694 - INFO - - assistant: 1 sequences, 0.03 GB
2026-09-19 21:14:27,694 - INFO - - user: 0 sequences, 0.00 GB
2026-09-19 21:14:27,694 - INFO - - system: 0 sequences, 0.00 GB
127.0.0.1 - - [19/Sep/2026 21:14:27] "POST /v1/chat/completions HTTP/1.1" 200 -
2026-09-19 21:14:27,881 - INFO - Prompt processing progress: 133/137
2026-09-19 21:14:27,919 - INFO - Prompt processing progress: 136/137
2026-09-19 21:14:27,937 - INFO - Prompt processing progress: 137/137
2026-09-19 21:14:30,865 - INFO - Prompt Cache: 1 sequences, 0.03 GB
2026-09-19 21:14:30,865 - INFO - - assistant: 1 sequences, 0.03 GB
2026-09-19 21:14:30,865 - INFO - - user: 0 sequences, 0.00 GB
2026-09-19 21:14:30,865 - INFO - - system: 0 sequences, 0.00 GB
127.0.0.1 - - [19/Sep/2026 21:14:30] "POST /v1/chat/completions HTTP/1.1" 200 -
2026-09-19 21:14:31,058 - INFO - Prompt processing progress: 133/137
2026-09-19 21:14:31,098 - INFO - Prompt processing progress: 136/137
2026-09-19 21:14:31,118 - INFO - Prompt processing progress: 137/137
2026-09-19 21:14:34,048 - INFO - Prompt Cache: 1 sequences, 0.03 GB
2026-09-19 21:14:34,048 - INFO - - assistant: 1 sequences, 0.03 GB
2026-09-19 21:14:34,048 - INFO - - user: 0 sequences, 0.00 GB
2026-09-19 21:14:34,048 - INFO - - system: 0 sequences, 0.00 GB
127.0.0.1 - - [19/Sep/2026 21:14:34] "POST /v1/chat/completions HTTP/1.1" 200 -
2026-09-19 21:14:34,234 - INFO - Prompt processing progress: 133/137
2026-09-19 21:14:34,272 - INFO - Prompt processing progress: 136/137
2026-09-19 21:14:34,291 - INFO - Prompt processing progress: 137/137
2026-09-19 21:14:37,160 - INFO - Prompt Cache: 1 sequences, 0.03 GB
2026-09-19 21:14:37,160 - INFO - - assistant: 1 sequences, 0.03 GB
2026-09-19 21:14:37,160 - INFO - - user: 0 sequences, 0.00 GB
2026-09-19 21:14:37,160 - INFO - - system: 0 sequences, 0.00 GB
127.0.0.1 - - [19/Sep/2026 21:14:37] "POST /v1/chat/completions HTTP/1.1" 200 -
2026-09-19 21:14:37,347 - INFO - Prompt processing progress: 133/137
2026-09-19 21:14:37,385 - INFO - Prompt processing progress: 136/137
2026-09-19 21:14:37,403 - INFO - Prompt processing progress: 137/137
2026-09-19 21:14:40,252 - INFO - Prompt Cache: 1 sequences, 0.03 GB
2026-09-19 21:14:40,252 - INFO - - assistant: 1 sequences, 0.03 GB
2026-09-19 21:14:40,252 - INFO - - user: 0 sequences, 0.00 GB
2026-09-19 21:14:40,252 - INFO - - system: 0 sequences, 0.00 GB
127.0.0.1 - - [19/Sep/2026 21:14:40] "POST /v1/chat/completions HTTP/1.1" 200 -
2026-09-19 21:14:40,439 - INFO - Prompt processing progress: 133/137
2026-09-19 21:14:40,477 - INFO - Prompt processing progress: 136/137
2026-09-19 21:14:40,495 - INFO - Prompt processing progress: 137/137
2026-09-19 21:14:43,330 - INFO - Prompt Cache: 1 sequences, 0.03 GB
2026-09-19 21:14:43,330 - INFO - - assistant: 1 sequences, 0.03 GB
2026-09-19 21:14:43,330 - INFO - - user: 0 sequences, 0.00 GB
2026-09-19 21:14:43,330 - INFO - - system: 0 sequences, 0.00 GB
127.0.0.1 - - [19/Sep/2026 21:14:43] "POST /v1/chat/completions HTTP/1.1" 200 -
2026-09-19 21:14:43,517 - INFO - Prompt processing progress: 133/137
2026-09-19 21:14:43,556 - INFO - Prompt processing progress: 136/137
2026-09-19 21:14:43,576 - INFO - Prompt processing progress: 137/137
2026-09-19 21:14:46,419 - INFO - Prompt Cache: 1 sequences, 0.03 GB
2026-09-19 21:14:46,419 - INFO - - assistant: 1 sequences, 0.03 GB
2026-09-19 21:14:46,419 - INFO - - user: 0 sequences, 0.00 GB
2026-09-19 21:14:46,419 - INFO - - system: 0 sequences, 0.00 GB
127.0.0.1 - - [19/Sep/2026 21:14:46] "POST /v1/chat/completions HTTP/1.1" 200 -
2026-09-19 21:14:46,611 - INFO - Prompt processing progress: 133/137
2026-09-19 21:14:46,650 - INFO - Prompt processing progress: 136/137
2026-09-19 21:14:46,670 - INFO - Prompt processing progress: 137/137
2026-09-19 21:14:49,966 - INFO - Prompt Cache: 1 sequences, 0.03 GB
2026-09-19 21:14:49,966 - INFO - - assistant: 1 sequences, 0.03 GB
2026-09-19 21:14:49,966 - INFO - - user: 0 sequences, 0.00 GB
2026-09-19 21:14:49,966 - INFO - - system: 0 sequences, 0.00 GB
127.0.0.1 - - [19/Sep/2026 21:14:49] "POST /v1/chat/completions HTTP/1.1" 200 -
2026-09-19 21:14:50,162 - INFO - Prompt processing progress: 133/137
2026-09-19 21:14:50,201 - INFO - Prompt processing progress: 136/137
2026-09-19 21:14:50,221 - INFO - Prompt processing progress: 137/137
2026-09-19 21:14:53,532 - INFO - Prompt Cache: 1 sequences, 0.03 GB
2026-09-19 21:14:53,532 - INFO - - assistant: 1 sequences, 0.03 GB
2026-09-19 21:14:53,532 - INFO - - user: 0 sequences, 0.00 GB
2026-09-19 21:14:53,532 - INFO - - system: 0 sequences, 0.00 GB
127.0.0.1 - - [19/Sep/2026 21:14:53] "POST /v1/chat/completions HTTP/1.1" 200 -
2026-09-19 21:14:53,725 - INFO - Prompt processing progress: 133/137
2026-09-19 21:14:53,764 - INFO - Prompt processing progress: 136/137
2026-09-19 21:14:53,784 - INFO - Prompt processing progress: 137/137
2026-09-19 21:14:57,140 - INFO - Prompt Cache: 1 sequences, 0.03 GB
2026-09-19 21:14:57,141 - INFO - - assistant: 1 sequences, 0.03 GB
2026-09-19 21:14:57,141 - INFO - - user: 0 sequences, 0.00 GB
2026-09-19 21:14:57,141 - INFO - - system: 0 sequences, 0.00 GB
127.0.0.1 - - [19/Sep/2026 21:14:57] "POST /v1/chat/completions HTTP/1.1" 200 -
2026-09-19 21:14:57,333 - INFO - Prompt processing progress: 133/137
2026-09-19 21:14:57,373 - INFO - Prompt processing progress: 136/137
2026-09-19 21:14:57,392 - INFO - Prompt processing progress: 137/137
2026-09-19 21:15:00,776 - INFO - Prompt Cache: 1 sequences, 0.03 GB
2026-09-19 21:15:00,776 - INFO - - assistant: 1 sequences, 0.03 GB
2026-09-19 21:15:00,776 - INFO - - user: 0 sequences, 0.00 GB
2026-09-19 21:15:00,776 - INFO - - system: 0 sequences, 0.00 GB
127.0.0.1 - - [19/Sep/2026 21:15:00] "POST /v1/chat/completions HTTP/1.1" 200 -
2026-09-19 21:15:00,970 - INFO - Prompt processing progress: 133/137
2026-09-19 21:15:01,010 - INFO - Prompt processing progress: 136/137
2026-09-19 21:15:01,030 - INFO - Prompt processing progress: 137/137
2026-09-19 21:15:04,340 - INFO - Prompt Cache: 1 sequences, 0.03 GB
2026-09-19 21:15:04,340 - INFO - - assistant: 1 sequences, 0.03 GB
2026-09-19 21:15:04,340 - INFO - - user: 0 sequences, 0.00 GB
2026-09-19 21:15:04,340 - INFO - - system: 0 sequences, 0.00 GB
127.0.0.1 - - [19/Sep/2026 21:15:04] "POST /v1/chat/completions HTTP/1.1" 200 -
2026-09-19 21:15:04,536 - INFO - Prompt processing progress: 133/137
2026-09-19 21:15:04,575 - INFO - Prompt processing progress: 136/137
2026-09-19 21:15:04,594 - INFO - Prompt processing progress: 137/137
2026-09-19 21:15:07,931 - INFO - Prompt Cache: 1 sequences, 0.03 GB
2026-09-19 21:15:07,931 - INFO - - assistant: 1 sequences, 0.03 GB
2026-09-19 21:15:07,931 - INFO - - user: 0 sequences, 0.00 GB
2026-09-19 21:15:07,931 - INFO - - system: 0 sequences, 0.00 GB
127.0.0.1 - - [19/Sep/2026 21:15:07] "POST /v1/chat/completions HTTP/1.1" 200 -
2026-09-19 21:15:08,123 - INFO - Prompt processing progress: 133/137
2026-09-19 21:15:08,163 - INFO - Prompt processing progress: 136/137
2026-09-19 21:15:08,182 - INFO - Prompt processing progress: 137/137
2026-09-19 21:15:11,512 - INFO - Prompt Cache: 1 sequences, 0.03 GB
2026-09-19 21:15:11,512 - INFO - - assistant: 1 sequences, 0.03 GB
2026-09-19 21:15:11,512 - INFO - - user: 0 sequences, 0.00 GB
2026-09-19 21:15:11,512 - INFO - - system: 0 sequences, 0.00 GB
127.0.0.1 - - [19/Sep/2026 21:15:11] "POST /v1/chat/completions HTTP/1.1" 200 -
2026-09-19 21:15:11,704 - INFO - Prompt processing progress: 133/137
2026-09-19 21:15:11,742 - INFO - Prompt processing progress: 136/137
2026-09-19 21:15:11,762 - INFO - Prompt processing progress: 137/137
2026-09-19 21:15:15,131 - INFO - Prompt Cache: 1 sequences, 0.03 GB
2026-09-19 21:15:15,131 - INFO - - assistant: 1 sequences, 0.03 GB
2026-09-19 21:15:15,131 - INFO - - user: 0 sequences, 0.00 GB
2026-09-19 21:15:15,131 - INFO - - system: 0 sequences, 0.00 GB
127.0.0.1 - - [19/Sep/2026 21:15:15] "POST /v1/chat/completions HTTP/1.1" 200 -
2026-09-19 21:15:15,327 - INFO - Prompt processing progress: 133/137
2026-09-19 21:15:15,367 - INFO - Prompt processing progress: 136/137
2026-09-19 21:15:15,386 - INFO - Prompt processing progress: 137/137
2026-09-19 21:15:17,600 - INFO - Prompt Cache: 1 sequences, 0.03 GB
2026-09-19 21:15:17,601 - INFO - - assistant: 1 sequences, 0.03 GB
2026-09-19 21:15:17,601 - INFO - - user: 0 sequences, 0.00 GB
2026-09-19 21:15:17,601 - INFO - - system: 0 sequences, 0.00 GB
127.0.0.1 - - [19/Sep/2026 21:15:17] "POST /v1/chat/completions HTTP/1.1" 200 -
2026-09-19 21:15:17,802 - INFO - Prompt processing progress: 133/137
2026-09-19 21:15:17,842 - INFO - Prompt processing progress: 136/137
2026-09-19 21:15:17,861 - INFO - Prompt processing progress: 137/137
2026-09-19 21:15:21,255 - INFO - Prompt Cache: 1 sequences, 0.03 GB
2026-09-19 21:15:21,255 - INFO - - assistant: 1 sequences, 0.03 GB
2026-09-19 21:15:21,255 - INFO - - user: 0 sequences, 0.00 GB
2026-09-19 21:15:21,255 - INFO - - system: 0 sequences, 0.00 GB
127.0.0.1 - - [19/Sep/2026 21:15:21] "POST /v1/chat/completions HTTP/1.1" 200 -
2026-09-19 21:15:21,455 - INFO - Prompt processing progress: 133/137
2026-09-19 21:15:21,495 - INFO - Prompt processing progress: 136/137
2026-09-19 21:15:21,514 - INFO - Prompt processing progress: 137/137
2026-09-19 21:15:24,972 - INFO - Prompt Cache: 1 sequences, 0.03 GB
2026-09-19 21:15:24,972 - INFO - - assistant: 1 sequences, 0.03 GB
2026-09-19 21:15:24,972 - INFO - - user: 0 sequences, 0.00 GB
2026-09-19 21:15:24,972 - INFO - - system: 0 sequences, 0.00 GB
127.0.0.1 - - [19/Sep/2026 21:15:24] "POST /v1/chat/completions HTTP/1.1" 200 -
2026-09-19 21:15:25,171 - INFO - Prompt processing progress: 133/137
2026-09-19 21:15:25,212 - INFO - Prompt processing progress: 136/137
2026-09-19 21:15:25,231 - INFO - Prompt processing progress: 137/137
2026-09-19 21:15:28,743 - INFO - Prompt Cache: 1 sequences, 0.03 GB
2026-09-19 21:15:28,743 - INFO - - assistant: 1 sequences, 0.03 GB
2026-09-19 21:15:28,743 - INFO - - user: 0 sequences, 0.00 GB
2026-09-19 21:15:28,743 - INFO - - system: 0 sequences, 0.00 GB
127.0.0.1 - - [19/Sep/2026 21:15:28] "POST /v1/chat/completions HTTP/1.1" 200 -
2026-09-19 21:15:28,942 - INFO - Prompt processing progress: 133/137
2026-09-19 21:15:28,981 - INFO - Prompt processing progress: 136/137
2026-09-19 21:15:29,002 - INFO - Prompt processing progress: 137/137
2026-09-19 21:15:32,508 - INFO - Prompt Cache: 1 sequences, 0.03 GB
2026-09-19 21:15:32,509 - INFO - - assistant: 1 sequences, 0.03 GB
2026-09-19 21:15:32,509 - INFO - - user: 0 sequences, 0.00 GB
2026-09-19 21:15:32,509 - INFO - - system: 0 sequences, 0.00 GB
127.0.0.1 - - [19/Sep/2026 21:15:32] "POST /v1/chat/completions HTTP/1.1" 200 -
2026-09-19 21:15:32,705 - INFO - Prompt processing progress: 133/137
2026-09-19 21:15:32,745 - INFO - Prompt processing progress: 136/137
2026-09-19 21:15:32,764 - INFO - Prompt processing progress: 137/137
2026-09-19 21:15:36,328 - INFO - Prompt Cache: 1 sequences, 0.03 GB
2026-09-19 21:15:36,328 - INFO - - assistant: 1 sequences, 0.03 GB
2026-09-19 21:15:36,328 - INFO - - user: 0 sequences, 0.00 GB
2026-09-19 21:15:36,328 - INFO - - system: 0 sequences, 0.00 GB
127.0.0.1 - - [19/Sep/2026 21:15:36] "POST /v1/chat/completions HTTP/1.1" 200 -
2026-09-19 21:15:36,528 - INFO - Prompt processing progress: 133/137
2026-09-19 21:15:36,569 - INFO - Prompt processing progress: 136/137
2026-09-19 21:15:36,589 - INFO - Prompt processing progress: 137/137
2026-09-19 21:15:40,074 - INFO - Prompt Cache: 1 sequences, 0.03 GB
2026-09-19 21:15:40,074 - INFO - - assistant: 1 sequences, 0.03 GB
2026-09-19 21:15:40,074 - INFO - - user: 0 sequences, 0.00 GB
2026-09-19 21:15:40,074 - INFO - - system: 0 sequences, 0.00 GB
127.0.0.1 - - [19/Sep/2026 21:15:40] "POST /v1/chat/completions HTTP/1.1" 200 -
2026-09-19 21:15:40,271 - INFO - Prompt processing progress: 133/137
2026-09-19 21:15:40,310 - INFO - Prompt processing progress: 136/137
2026-09-19 21:15:40,330 - INFO - Prompt processing progress: 137/137
2026-09-19 21:15:43,785 - INFO - Prompt Cache: 1 sequences, 0.03 GB
2026-09-19 21:15:43,785 - INFO - - assistant: 1 sequences, 0.03 GB
2026-09-19 21:15:43,785 - INFO - - user: 0 sequences, 0.00 GB
2026-09-19 21:15:43,785 - INFO - - system: 0 sequences, 0.00 GB
127.0.0.1 - - [19/Sep/2026 21:15:43] "POST /v1/chat/completions HTTP/1.1" 200 -
2026-09-19 21:15:43,982 - INFO - Prompt processing progress: 133/137
2026-09-19 21:15:44,027 - INFO - Prompt processing progress: 136/137
2026-09-19 21:15:44,046 - INFO - Prompt processing progress: 137/137
2026-09-19 21:15:47,456 - INFO - Prompt Cache: 1 sequences, 0.03 GB
2026-09-19 21:15:47,456 - INFO - - assistant: 1 sequences, 0.03 GB
2026-09-19 21:15:47,456 - INFO - - user: 0 sequences, 0.00 GB
2026-09-19 21:15:47,456 - INFO - - system: 0 sequences, 0.00 GB
127.0.0.1 - - [19/Sep/2026 21:15:47] "POST /v1/chat/completions HTTP/1.1" 200 -
2026-09-19 21:15:47,651 - INFO - Prompt processing progress: 133/137
2026-09-19 21:15:47,691 - INFO - Prompt processing progress: 136/137
2026-09-19 21:15:47,710 - INFO - Prompt processing progress: 137/137
2026-09-19 21:15:51,137 - INFO - Prompt Cache: 1 sequences, 0.03 GB
2026-09-19 21:15:51,137 - INFO - - assistant: 1 sequences, 0.03 GB
2026-09-19 21:15:51,137 - INFO - - user: 0 sequences, 0.00 GB
2026-09-19 21:15:51,137 - INFO - - system: 0 sequences, 0.00 GB
127.0.0.1 - - [19/Sep/2026 21:15:51] "POST /v1/chat/completions HTTP/1.1" 200 -
2026-09-19 21:15:51,333 - INFO - Prompt processing progress: 133/137
2026-09-19 21:15:51,374 - INFO - Prompt processing progress: 136/137
2026-09-19 21:15:51,393 - INFO - Prompt processing progress: 137/137
2026-09-19 21:15:54,910 - INFO - Prompt Cache: 1 sequences, 0.03 GB
2026-09-19 21:15:54,910 - INFO - - assistant: 1 sequences, 0.03 GB
2026-09-19 21:15:54,910 - INFO - - user: 0 sequences, 0.00 GB
2026-09-19 21:15:54,910 - INFO - - system: 0 sequences, 0.00 GB
127.0.0.1 - - [19/Sep/2026 21:15:54] "POST /v1/chat/completions HTTP/1.1" 200 -
2026-09-19 21:15:55,108 - INFO - Prompt processing progress: 133/137
2026-09-19 21:15:55,148 - INFO - Prompt processing progress: 136/137
2026-09-19 21:15:55,168 - INFO - Prompt processing progress: 137/137
2026-09-19 21:15:58,709 - INFO - Prompt Cache: 1 sequences, 0.03 GB
2026-09-19 21:15:58,709 - INFO - - assistant: 1 sequences, 0.03 GB
2026-09-19 21:15:58,709 - INFO - - user: 0 sequences, 0.00 GB
2026-09-19 21:15:58,709 - INFO - - system: 0 sequences, 0.00 GB
127.0.0.1 - - [19/Sep/2026 21:15:58] "POST /v1/chat/completions HTTP/1.1" 200 -
2026-09-19 21:15:58,906 - INFO - Prompt processing progress: 133/137
2026-09-19 21:15:58,946 - INFO - Prompt processing progress: 136/137
2026-09-19 21:15:58,966 - INFO - Prompt processing progress: 137/137
2026-09-19 21:16:02,478 - INFO - Prompt Cache: 1 sequences, 0.03 GB
2026-09-19 21:16:02,478 - INFO - - assistant: 1 sequences, 0.03 GB
2026-09-19 21:16:02,479 - INFO - - user: 0 sequences, 0.00 GB
2026-09-19 21:16:02,479 - INFO - - system: 0 sequences, 0.00 GB
127.0.0.1 - - [19/Sep/2026 21:16:02] "POST /v1/chat/completions HTTP/1.1" 200 -
2026-09-19 21:16:02,677 - INFO - Prompt processing progress: 132/136
2026-09-19 21:16:02,717 - INFO - Prompt processing progress: 135/136
2026-09-19 21:16:02,737 - INFO - Prompt processing progress: 136/136
2026-09-19 21:16:03,365 - INFO - Prompt Cache: 1 sequences, 0.02 GB
2026-09-19 21:16:03,365 - INFO - - assistant: 1 sequences, 0.02 GB
2026-09-19 21:16:03,365 - INFO - - user: 0 sequences, 0.00 GB
2026-09-19 21:16:03,365 - INFO - - system: 0 sequences, 0.00 GB
127.0.0.1 - - [19/Sep/2026 21:16:03] "POST /v1/chat/completions HTTP/1.1" 200 -
2026-09-19 21:16:03,561 - INFO - Prompt processing progress: 133/137
2026-09-19 21:16:03,602 - INFO - Prompt processing progress: 136/137
2026-09-19 21:16:03,622 - INFO - Prompt processing progress: 137/137
2026-09-19 21:16:07,141 - INFO - Prompt Cache: 1 sequences, 0.03 GB
2026-09-19 21:16:07,141 - INFO - - assistant: 1 sequences, 0.03 GB
2026-09-19 21:16:07,141 - INFO - - user: 0 sequences, 0.00 GB
2026-09-19 21:16:07,141 - INFO - - system: 0 sequences, 0.00 GB
127.0.0.1 - - [19/Sep/2026 21:16:07] "POST /v1/chat/completions HTTP/1.1" 200 -
2026-09-19 21:16:07,337 - INFO - Prompt processing progress: 133/137
2026-09-19 21:16:07,377 - INFO - Prompt processing progress: 136/137
2026-09-19 21:16:07,397 - INFO - Prompt processing progress: 137/137
2026-09-19 21:16:10,884 - INFO - Prompt Cache: 1 sequences, 0.03 GB
2026-09-19 21:16:10,884 - INFO - - assistant: 1 sequences, 0.03 GB
2026-09-19 21:16:10,884 - INFO - - user: 0 sequences, 0.00 GB
2026-09-19 21:16:10,884 - INFO - - system: 0 sequences, 0.00 GB
127.0.0.1 - - [19/Sep/2026 21:16:10] "POST /v1/chat/completions HTTP/1.1" 200 -
2026-09-19 21:16:11,081 - INFO - Prompt processing progress: 133/137
2026-09-19 21:16:11,122 - INFO - Prompt processing progress: 136/137
2026-09-19 21:16:11,141 - INFO - Prompt processing progress: 137/137
2026-09-19 21:16:14,711 - INFO - Prompt Cache: 1 sequences, 0.03 GB
2026-09-19 21:16:14,711 - INFO - - assistant: 1 sequences, 0.03 GB
2026-09-19 21:16:14,711 - INFO - - user: 0 sequences, 0.00 GB
2026-09-19 21:16:14,711 - INFO - - system: 0 sequences, 0.00 GB
127.0.0.1 - - [19/Sep/2026 21:16:14] "POST /v1/chat/completions HTTP/1.1" 200 -
2026-09-19 21:16:14,911 - INFO - Prompt processing progress: 132/136
2026-09-19 21:16:14,951 - INFO - Prompt processing progress: 135/136
2026-09-19 21:16:14,971 - INFO - Prompt processing progress: 136/136
2026-09-19 21:16:18,526 - INFO - Prompt Cache: 1 sequences, 0.03 GB
2026-09-19 21:16:18,527 - INFO - - assistant: 1 sequences, 0.03 GB
2026-09-19 21:16:18,527 - INFO - - user: 0 sequences, 0.00 GB
2026-09-19 21:16:18,527 - INFO - - system: 0 sequences, 0.00 GB
127.0.0.1 - - [19/Sep/2026 21:16:18] "POST /v1/chat/completions HTTP/1.1" 200 -
2026-09-19 21:16:18,727 - INFO - Prompt processing progress: 133/137
2026-09-19 21:16:18,767 - INFO - Prompt processing progress: 136/137
2026-09-19 21:16:18,787 - INFO - Prompt processing progress: 137/137
2026-09-19 21:16:22,334 - INFO - Prompt Cache: 1 sequences, 0.03 GB
2026-09-19 21:16:22,334 - INFO - - assistant: 1 sequences, 0.03 GB
2026-09-19 21:16:22,334 - INFO - - user: 0 sequences, 0.00 GB
2026-09-19 21:16:22,334 - INFO - - system: 0 sequences, 0.00 GB
127.0.0.1 - - [19/Sep/2026 21:16:22] "POST /v1/chat/completions HTTP/1.1" 200 -
2026-09-19 21:16:22,534 - INFO - Prompt processing progress: 133/137
2026-09-19 21:16:22,574 - INFO - Prompt processing progress: 136/137
2026-09-19 21:16:22,594 - INFO - Prompt processing progress: 137/137
2026-09-19 21:16:26,118 - INFO - Prompt Cache: 1 sequences, 0.03 GB
2026-09-19 21:16:26,118 - INFO - - assistant: 1 sequences, 0.03 GB
2026-09-19 21:16:26,118 - INFO - - user: 0 sequences, 0.00 GB
2026-09-19 21:16:26,118 - INFO - - system: 0 sequences, 0.00 GB
127.0.0.1 - - [19/Sep/2026 21:16:26] "POST /v1/chat/completions HTTP/1.1" 200 -
2026-09-19 21:16:26,318 - INFO - Prompt processing progress: 133/137
2026-09-19 21:16:26,358 - INFO - Prompt processing progress: 136/137
2026-09-19 21:16:26,379 - INFO - Prompt processing progress: 137/137
2026-09-19 21:16:29,874 - INFO - Prompt Cache: 1 sequences, 0.03 GB
2026-09-19 21:16:29,874 - INFO - - assistant: 1 sequences, 0.03 GB
2026-09-19 21:16:29,874 - INFO - - user: 0 sequences, 0.00 GB
2026-09-19 21:16:29,874 - INFO - - system: 0 sequences, 0.00 GB
127.0.0.1 - - [19/Sep/2026 21:16:29] "POST /v1/chat/completions HTTP/1.1" 200 -
2026-09-19 21:16:30,070 - INFO - Prompt processing progress: 133/137
2026-09-19 21:16:30,110 - INFO - Prompt processing progress: 136/137
2026-09-19 21:16:30,129 - INFO - Prompt processing progress: 137/137
2026-09-19 21:16:33,582 - INFO - Prompt Cache: 1 sequences, 0.03 GB
2026-09-19 21:16:33,582 - INFO - - assistant: 1 sequences, 0.03 GB
2026-09-19 21:16:33,582 - INFO - - user: 0 sequences, 0.00 GB
2026-09-19 21:16:33,582 - INFO - - system: 0 sequences, 0.00 GB
127.0.0.1 - - [19/Sep/2026 21:16:33] "POST /v1/chat/completions HTTP/1.1" 200 -
2026-09-19 21:16:33,777 - INFO - Prompt processing progress: 133/137
2026-09-19 21:16:33,817 - INFO - Prompt processing progress: 136/137
2026-09-19 21:16:33,836 - INFO - Prompt processing progress: 137/137
2026-09-19 21:16:37,187 - INFO - Prompt Cache: 1 sequences, 0.03 GB
2026-09-19 21:16:37,187 - INFO - - assistant: 1 sequences, 0.03 GB
2026-09-19 21:16:37,187 - INFO - - user: 0 sequences, 0.00 GB
2026-09-19 21:16:37,187 - INFO - - system: 0 sequences, 0.00 GB
127.0.0.1 - - [19/Sep/2026 21:16:37] "POST /v1/chat/completions HTTP/1.1" 200 -
2026-09-19 21:16:37,380 - INFO - Prompt processing progress: 133/137
2026-09-19 21:16:37,420 - INFO - Prompt processing progress: 136/137
2026-09-19 21:16:37,439 - INFO - Prompt processing progress: 137/137
2026-09-19 21:16:40,788 - INFO - Prompt Cache: 1 sequences, 0.03 GB
2026-09-19 21:16:40,788 - INFO - - assistant: 1 sequences, 0.03 GB
2026-09-19 21:16:40,788 - INFO - - user: 0 sequences, 0.00 GB
2026-09-19 21:16:40,788 - INFO - - system: 0 sequences, 0.00 GB
127.0.0.1 - - [19/Sep/2026 21:16:40] "POST /v1/chat/completions HTTP/1.1" 200 -
2026-09-19 21:16:40,985 - INFO - Prompt processing progress: 133/137
2026-09-19 21:16:41,028 - INFO - Prompt processing progress: 136/137
2026-09-19 21:16:41,051 - INFO - Prompt processing progress: 137/137
127.0.0.1 - - [19/Sep/2026 21:16:50] code 501, message Unsupported method ('HEAD')
127.0.0.1 - - [19/Sep/2026 21:16:50] "HEAD /metrics HTTP/1.1" 501 -
127.0.0.1 - - [19/Sep/2026 21:16:50] "GET /metrics HTTP/1.1" 404 -
2026-09-19 21:16:53,286 - INFO - Prompt Cache: 1 sequences, 0.03 GB
2026-09-19 21:16:53,286 - INFO - - assistant: 1 sequences, 0.03 GB
2026-09-19 21:16:53,286 - INFO - - user: 0 sequences, 0.00 GB
2026-09-19 21:16:53,286 - INFO - - system: 0 sequences, 0.00 GB
127.0.0.1 - - [19/Sep/2026 21:16:53] "POST /v1/chat/completions HTTP/1.1" 200 -
2026-09-19 21:16:54,121 - INFO - Prompt processing progress: 517/521
2026-09-19 21:16:54,173 - INFO - Prompt processing progress: 520/521
2026-09-19 21:16:54,195 - INFO - Prompt processing progress: 521/521
2026-09-19 21:16:57,681 - INFO - Prompt Cache: 1 sequences, 0.07 GB
2026-09-19 21:16:57,681 - INFO - - assistant: 1 sequences, 0.07 GB
2026-09-19 21:16:57,681 - INFO - - user: 0 sequences, 0.00 GB
2026-09-19 21:16:57,681 - INFO - - system: 0 sequences, 0.00 GB
127.0.0.1 - - [19/Sep/2026 21:16:57] "POST /v1/chat/completions HTTP/1.1" 200 -
2026-09-19 21:16:58,132 - INFO - Prompt processing progress: 517/521
2026-09-19 21:16:58,177 - INFO - Prompt processing progress: 520/521
2026-09-19 21:16:58,199 - INFO - Prompt processing progress: 521/521
2026-09-19 21:17:01,860 - INFO - Prompt Cache: 1 sequences, 0.07 GB
2026-09-19 21:17:01,860 - INFO - - assistant: 1 sequences, 0.07 GB
2026-09-19 21:17:01,860 - INFO - - user: 0 sequences, 0.00 GB
2026-09-19 21:17:01,860 - INFO - - system: 0 sequences, 0.00 GB
127.0.0.1 - - [19/Sep/2026 21:17:01] "POST /v1/chat/completions HTTP/1.1" 200 -
2026-09-19 21:17:02,299 - INFO - Prompt processing progress: 517/521
2026-09-19 21:17:02,344 - INFO - Prompt processing progress: 520/521
2026-09-19 21:17:02,364 - INFO - Prompt processing progress: 521/521
2026-09-19 21:17:05,841 - INFO - Prompt Cache: 1 sequences, 0.07 GB
2026-09-19 21:17:05,841 - INFO - - assistant: 1 sequences, 0.07 GB
2026-09-19 21:17:05,841 - INFO - - user: 0 sequences, 0.00 GB
2026-09-19 21:17:05,841 - INFO - - system: 0 sequences, 0.00 GB
127.0.0.1 - - [19/Sep/2026 21:17:05] "POST /v1/chat/completions HTTP/1.1" 200 -
2026-09-19 21:17:06,278 - INFO - Prompt processing progress: 517/521
2026-09-19 21:17:06,323 - INFO - Prompt processing progress: 520/521
2026-09-19 21:17:06,345 - INFO - Prompt processing progress: 521/521
2026-09-19 21:17:09,839 - INFO - Prompt Cache: 1 sequences, 0.07 GB
2026-09-19 21:17:09,839 - INFO - - assistant: 1 sequences, 0.07 GB
2026-09-19 21:17:09,839 - INFO - - user: 0 sequences, 0.00 GB
2026-09-19 21:17:09,839 - INFO - - system: 0 sequences, 0.00 GB
127.0.0.1 - - [19/Sep/2026 21:17:09] "POST /v1/chat/completions HTTP/1.1" 200 -
2026-09-19 21:17:10,278 - INFO - Prompt processing progress: 517/521
2026-09-19 21:17:10,324 - INFO - Prompt processing progress: 520/521
2026-09-19 21:17:10,344 - INFO - Prompt processing progress: 521/521
2026-09-19 21:17:13,833 - INFO - Prompt Cache: 1 sequences, 0.07 GB
2026-09-19 21:17:13,833 - INFO - - assistant: 1 sequences, 0.07 GB
2026-09-19 21:17:13,833 - INFO - - user: 0 sequences, 0.00 GB
2026-09-19 21:17:13,833 - INFO - - system: 0 sequences, 0.00 GB
127.0.0.1 - - [19/Sep/2026 21:17:13] "POST /v1/chat/completions HTTP/1.1" 200 -
2026-09-19 21:17:14,272 - INFO - Prompt processing progress: 517/521
2026-09-19 21:17:14,317 - INFO - Prompt processing progress: 520/521
2026-09-19 21:17:14,337 - INFO - Prompt processing progress: 521/521
2026-09-19 21:17:17,817 - INFO - Prompt Cache: 1 sequences, 0.07 GB
2026-09-19 21:17:17,817 - INFO - - assistant: 1 sequences, 0.07 GB
2026-09-19 21:17:17,817 - INFO - - user: 0 sequences, 0.00 GB
2026-09-19 21:17:17,817 - INFO - - system: 0 sequences, 0.00 GB
127.0.0.1 - - [19/Sep/2026 21:17:17] "POST /v1/chat/completions HTTP/1.1" 200 -
2026-09-19 21:17:18,255 - INFO - Prompt processing progress: 517/521
2026-09-19 21:17:18,299 - INFO - Prompt processing progress: 520/521
2026-09-19 21:17:18,321 - INFO - Prompt processing progress: 521/521
2026-09-19 21:17:21,800 - INFO - Prompt Cache: 1 sequences, 0.07 GB
2026-09-19 21:17:21,800 - INFO - - assistant: 1 sequences, 0.07 GB
2026-09-19 21:17:21,800 - INFO - - user: 0 sequences, 0.00 GB
2026-09-19 21:17:21,800 - INFO - - system: 0 sequences, 0.00 GB
127.0.0.1 - - [19/Sep/2026 21:17:21] "POST /v1/chat/completions HTTP/1.1" 200 -
2026-09-19 21:17:22,238 - INFO - Prompt processing progress: 517/521
2026-09-19 21:17:22,283 - INFO - Prompt processing progress: 520/521
2026-09-19 21:17:22,304 - INFO - Prompt processing progress: 521/521
2026-09-19 21:17:24,382 - INFO - Prompt Cache: 1 sequences, 0.07 GB
2026-09-19 21:17:24,382 - INFO - - assistant: 1 sequences, 0.07 GB
2026-09-19 21:17:24,382 - INFO - - user: 0 sequences, 0.00 GB
2026-09-19 21:17:24,382 - INFO - - system: 0 sequences, 0.00 GB
127.0.0.1 - - [19/Sep/2026 21:17:24] "POST /v1/chat/completions HTTP/1.1" 200 -
2026-09-19 21:17:24,820 - INFO - Prompt processing progress: 517/521
2026-09-19 21:17:24,865 - INFO - Prompt processing progress: 520/521
2026-09-19 21:17:24,885 - INFO - Prompt processing progress: 521/521
2026-09-19 21:17:28,364 - INFO - Prompt Cache: 1 sequences, 0.07 GB
2026-09-19 21:17:28,364 - INFO - - assistant: 1 sequences, 0.07 GB
2026-09-19 21:17:28,364 - INFO - - user: 0 sequences, 0.00 GB
2026-09-19 21:17:28,364 - INFO - - system: 0 sequences, 0.00 GB
127.0.0.1 - - [19/Sep/2026 21:17:28] "POST /v1/chat/completions HTTP/1.1" 200 -
2026-09-19 21:17:28,802 - INFO - Prompt processing progress: 517/521
2026-09-19 21:17:28,847 - INFO - Prompt processing progress: 520/521
2026-09-19 21:17:28,867 - INFO - Prompt processing progress: 521/521
2026-09-19 21:17:32,350 - INFO - Prompt Cache: 1 sequences, 0.07 GB
2026-09-19 21:17:32,350 - INFO - - assistant: 1 sequences, 0.07 GB
2026-09-19 21:17:32,350 - INFO - - user: 0 sequences, 0.00 GB
2026-09-19 21:17:32,350 - INFO - - system: 0 sequences, 0.00 GB
127.0.0.1 - - [19/Sep/2026 21:17:32] "POST /v1/chat/completions HTTP/1.1" 200 -
2026-09-19 21:17:32,788 - INFO - Prompt processing progress: 517/521
2026-09-19 21:17:32,833 - INFO - Prompt processing progress: 520/521
2026-09-19 21:17:32,852 - INFO - Prompt processing progress: 521/521
2026-09-19 21:17:36,335 - INFO - Prompt Cache: 1 sequences, 0.07 GB
2026-09-19 21:17:36,335 - INFO - - assistant: 1 sequences, 0.07 GB
2026-09-19 21:17:36,335 - INFO - - user: 0 sequences, 0.00 GB
2026-09-19 21:17:36,335 - INFO - - system: 0 sequences, 0.00 GB
127.0.0.1 - - [19/Sep/2026 21:17:36] "POST /v1/chat/completions HTTP/1.1" 200 -
2026-09-19 21:17:36,772 - INFO - Prompt processing progress: 517/521
2026-09-19 21:17:36,817 - INFO - Prompt processing progress: 520/521
2026-09-19 21:17:36,837 - INFO - Prompt processing progress: 521/521
2026-09-19 21:17:40,331 - INFO - Prompt Cache: 1 sequences, 0.07 GB
2026-09-19 21:17:40,331 - INFO - - assistant: 1 sequences, 0.07 GB
2026-09-19 21:17:40,331 - INFO - - user: 0 sequences, 0.00 GB
2026-09-19 21:17:40,331 - INFO - - system: 0 sequences, 0.00 GB
127.0.0.1 - - [19/Sep/2026 21:17:40] "POST /v1/chat/completions HTTP/1.1" 200 -
2026-09-19 21:17:40,770 - INFO - Prompt processing progress: 517/521
2026-09-19 21:17:40,816 - INFO - Prompt processing progress: 520/521
2026-09-19 21:17:40,837 - INFO - Prompt processing progress: 521/521
2026-09-19 21:17:44,328 - INFO - Prompt Cache: 1 sequences, 0.07 GB
2026-09-19 21:17:44,328 - INFO - - assistant: 1 sequences, 0.07 GB
2026-09-19 21:17:44,328 - INFO - - user: 0 sequences, 0.00 GB
2026-09-19 21:17:44,328 - INFO - - system: 0 sequences, 0.00 GB
127.0.0.1 - - [19/Sep/2026 21:17:44] "POST /v1/chat/completions HTTP/1.1" 200 -
2026-09-19 21:17:44,767 - INFO - Prompt processing progress: 517/521
2026-09-19 21:17:44,812 - INFO - Prompt processing progress: 520/521
2026-09-19 21:17:44,833 - INFO - Prompt processing progress: 521/521
2026-09-19 21:17:48,308 - INFO - Prompt Cache: 1 sequences, 0.07 GB
2026-09-19 21:17:48,308 - INFO - - assistant: 1 sequences, 0.07 GB
2026-09-19 21:17:48,308 - INFO - - user: 0 sequences, 0.00 GB
2026-09-19 21:17:48,308 - INFO - - system: 0 sequences, 0.00 GB
127.0.0.1 - - [19/Sep/2026 21:17:48] "POST /v1/chat/completions HTTP/1.1" 200 -
2026-09-19 21:17:48,745 - INFO - Prompt processing progress: 517/521
2026-09-19 21:17:48,789 - INFO - Prompt processing progress: 520/521
2026-09-19 21:17:48,811 - INFO - Prompt processing progress: 521/521
2026-09-19 21:17:52,289 - INFO - Prompt Cache: 1 sequences, 0.07 GB
2026-09-19 21:17:52,289 - INFO - - assistant: 1 sequences, 0.07 GB
2026-09-19 21:17:52,289 - INFO - - user: 0 sequences, 0.00 GB
2026-09-19 21:17:52,289 - INFO - - system: 0 sequences, 0.00 GB
127.0.0.1 - - [19/Sep/2026 21:17:52] "POST /v1/chat/completions HTTP/1.1" 200 -
2026-09-19 21:17:52,727 - INFO - Prompt processing progress: 517/521
2026-09-19 21:17:52,773 - INFO - Prompt processing progress: 520/521
2026-09-19 21:17:52,793 - INFO - Prompt processing progress: 521/521
2026-09-19 21:17:56,314 - INFO - Prompt Cache: 1 sequences, 0.07 GB
2026-09-19 21:17:56,314 - INFO - - assistant: 1 sequences, 0.07 GB
2026-09-19 21:17:56,314 - INFO - - user: 0 sequences, 0.00 GB
2026-09-19 21:17:56,314 - INFO - - system: 0 sequences, 0.00 GB
127.0.0.1 - - [19/Sep/2026 21:17:56] "POST /v1/chat/completions HTTP/1.1" 200 -
2026-09-19 21:17:56,756 - INFO - Prompt processing progress: 517/521
2026-09-19 21:17:56,801 - INFO - Prompt processing progress: 520/521
2026-09-19 21:17:56,822 - INFO - Prompt processing progress: 521/521
2026-09-19 21:18:00,294 - INFO - Prompt Cache: 1 sequences, 0.07 GB
2026-09-19 21:18:00,294 - INFO - - assistant: 1 sequences, 0.07 GB
2026-09-19 21:18:00,294 - INFO - - user: 0 sequences, 0.00 GB
2026-09-19 21:18:00,294 - INFO - - system: 0 sequences, 0.00 GB
127.0.0.1 - - [19/Sep/2026 21:18:00] "POST /v1/chat/completions HTTP/1.1" 200 -
2026-09-19 21:18:00,729 - INFO - Prompt processing progress: 517/521
2026-09-19 21:18:00,774 - INFO - Prompt processing progress: 520/521
2026-09-19 21:18:00,795 - INFO - Prompt processing progress: 521/521
2026-09-19 21:18:04,239 - INFO - Prompt Cache: 1 sequences, 0.07 GB
2026-09-19 21:18:04,239 - INFO - - assistant: 1 sequences, 0.07 GB
2026-09-19 21:18:04,239 - INFO - - user: 0 sequences, 0.00 GB
2026-09-19 21:18:04,239 - INFO - - system: 0 sequences, 0.00 GB
127.0.0.1 - - [19/Sep/2026 21:18:04] "POST /v1/chat/completions HTTP/1.1" 200 -
2026-09-19 21:18:04,676 - INFO - Prompt processing progress: 517/521
2026-09-19 21:18:04,720 - INFO - Prompt processing progress: 520/521
2026-09-19 21:18:04,741 - INFO - Prompt processing progress: 521/521
2026-09-19 21:18:08,186 - INFO - Prompt Cache: 1 sequences, 0.07 GB
2026-09-19 21:18:08,186 - INFO - - assistant: 1 sequences, 0.07 GB
2026-09-19 21:18:08,186 - INFO - - user: 0 sequences, 0.00 GB
2026-09-19 21:18:08,186 - INFO - - system: 0 sequences, 0.00 GB
127.0.0.1 - - [19/Sep/2026 21:18:08] "POST /v1/chat/completions HTTP/1.1" 200 -
2026-09-19 21:18:08,622 - INFO - Prompt processing progress: 517/521
2026-09-19 21:18:08,666 - INFO - Prompt processing progress: 520/521
2026-09-19 21:18:08,687 - INFO - Prompt processing progress: 521/521
2026-09-19 21:18:12,101 - INFO - Prompt Cache: 1 sequences, 0.07 GB
2026-09-19 21:18:12,101 - INFO - - assistant: 1 sequences, 0.07 GB
2026-09-19 21:18:12,101 - INFO - - user: 0 sequences, 0.00 GB
2026-09-19 21:18:12,101 - INFO - - system: 0 sequences, 0.00 GB
127.0.0.1 - - [19/Sep/2026 21:18:12] "POST /v1/chat/completions HTTP/1.1" 200 -
2026-09-19 21:18:12,539 - INFO - Prompt processing progress: 517/521
2026-09-19 21:18:12,584 - INFO - Prompt processing progress: 520/521
2026-09-19 21:18:12,603 - INFO - Prompt processing progress: 521/521
2026-09-19 21:18:16,076 - INFO - Prompt Cache: 1 sequences, 0.07 GB
2026-09-19 21:18:16,076 - INFO - - assistant: 1 sequences, 0.07 GB
2026-09-19 21:18:16,076 - INFO - - user: 0 sequences, 0.00 GB
2026-09-19 21:18:16,076 - INFO - - system: 0 sequences, 0.00 GB
127.0.0.1 - - [19/Sep/2026 21:18:16] "POST /v1/chat/completions HTTP/1.1" 200 -
2026-09-19 21:18:16,513 - INFO - Prompt processing progress: 517/521
2026-09-19 21:18:16,558 - INFO - Prompt processing progress: 520/521
2026-09-19 21:18:16,579 - INFO - Prompt processing progress: 521/521
2026-09-19 21:18:20,044 - INFO - Prompt Cache: 1 sequences, 0.07 GB
2026-09-19 21:18:20,045 - INFO - - assistant: 1 sequences, 0.07 GB
2026-09-19 21:18:20,045 - INFO - - user: 0 sequences, 0.00 GB
2026-09-19 21:18:20,045 - INFO - - system: 0 sequences, 0.00 GB
127.0.0.1 - - [19/Sep/2026 21:18:20] "POST /v1/chat/completions HTTP/1.1" 200 -
2026-09-19 21:18:20,483 - INFO - Prompt processing progress: 517/521
2026-09-19 21:18:20,527 - INFO - Prompt processing progress: 520/521
2026-09-19 21:18:20,547 - INFO - Prompt processing progress: 521/521
2026-09-19 21:18:24,007 - INFO - Prompt Cache: 1 sequences, 0.07 GB
2026-09-19 21:18:24,007 - INFO - - assistant: 1 sequences, 0.07 GB
2026-09-19 21:18:24,007 - INFO - - user: 0 sequences, 0.00 GB
2026-09-19 21:18:24,007 - INFO - - system: 0 sequences, 0.00 GB
127.0.0.1 - - [19/Sep/2026 21:18:24] "POST /v1/chat/completions HTTP/1.1" 200 -
2026-09-19 21:18:24,443 - INFO - Prompt processing progress: 517/521
2026-09-19 21:18:24,488 - INFO - Prompt processing progress: 520/521
2026-09-19 21:18:24,509 - INFO - Prompt processing progress: 521/521
2026-09-19 21:18:27,967 - INFO - Prompt Cache: 1 sequences, 0.07 GB
2026-09-19 21:18:27,967 - INFO - - assistant: 1 sequences, 0.07 GB
2026-09-19 21:18:27,967 - INFO - - user: 0 sequences, 0.00 GB
2026-09-19 21:18:27,967 - INFO - - system: 0 sequences, 0.00 GB
127.0.0.1 - - [19/Sep/2026 21:18:27] "POST /v1/chat/completions HTTP/1.1" 200 -
2026-09-19 21:18:28,407 - INFO - Prompt processing progress: 517/521
2026-09-19 21:18:28,452 - INFO - Prompt processing progress: 520/521
2026-09-19 21:18:28,474 - INFO - Prompt processing progress: 521/521
2026-09-19 21:18:31,946 - INFO - Prompt Cache: 1 sequences, 0.07 GB
2026-09-19 21:18:31,946 - INFO - - assistant: 1 sequences, 0.07 GB
2026-09-19 21:18:31,946 - INFO - - user: 0 sequences, 0.00 GB
2026-09-19 21:18:31,946 - INFO - - system: 0 sequences, 0.00 GB
127.0.0.1 - - [19/Sep/2026 21:18:31] "POST /v1/chat/completions HTTP/1.1" 200 -
2026-09-19 21:18:32,383 - INFO - Prompt processing progress: 517/521
2026-09-19 21:18:32,428 - INFO - Prompt processing progress: 520/521
2026-09-19 21:18:32,448 - INFO - Prompt processing progress: 521/521
2026-09-19 21:18:35,877 - INFO - Prompt Cache: 1 sequences, 0.07 GB
2026-09-19 21:18:35,877 - INFO - - assistant: 1 sequences, 0.07 GB
2026-09-19 21:18:35,877 - INFO - - user: 0 sequences, 0.00 GB
2026-09-19 21:18:35,877 - INFO - - system: 0 sequences, 0.00 GB
127.0.0.1 - - [19/Sep/2026 21:18:35] "POST /v1/chat/completions HTTP/1.1" 200 -
2026-09-19 21:18:36,313 - INFO - Prompt processing progress: 517/521
2026-09-19 21:18:36,358 - INFO - Prompt processing progress: 520/521
2026-09-19 21:18:36,378 - INFO - Prompt processing progress: 521/521
2026-09-19 21:18:39,830 - INFO - Prompt Cache: 1 sequences, 0.07 GB
2026-09-19 21:18:39,830 - INFO - - assistant: 1 sequences, 0.07 GB
2026-09-19 21:18:39,830 - INFO - - user: 0 sequences, 0.00 GB
2026-09-19 21:18:39,830 - INFO - - system: 0 sequences, 0.00 GB
127.0.0.1 - - [19/Sep/2026 21:18:39] "POST /v1/chat/completions HTTP/1.1" 200 -
2026-09-19 21:18:40,265 - INFO - Prompt processing progress: 517/521
2026-09-19 21:18:40,310 - INFO - Prompt processing progress: 520/521
2026-09-19 21:18:40,331 - INFO - Prompt processing progress: 521/521
2026-09-19 21:18:43,769 - INFO - Prompt Cache: 1 sequences, 0.07 GB
2026-09-19 21:18:43,770 - INFO - - assistant: 1 sequences, 0.07 GB
2026-09-19 21:18:43,770 - INFO - - user: 0 sequences, 0.00 GB
2026-09-19 21:18:43,770 - INFO - - system: 0 sequences, 0.00 GB
127.0.0.1 - - [19/Sep/2026 21:18:43] "POST /v1/chat/completions HTTP/1.1" 200 -
2026-09-19 21:18:44,206 - INFO - Prompt processing progress: 517/521
2026-09-19 21:18:44,250 - INFO - Prompt processing progress: 520/521
2026-09-19 21:18:44,272 - INFO - Prompt processing progress: 521/521
2026-09-19 21:18:47,710 - INFO - Prompt Cache: 1 sequences, 0.07 GB
2026-09-19 21:18:47,711 - INFO - - assistant: 1 sequences, 0.07 GB
2026-09-19 21:18:47,711 - INFO - - user: 0 sequences, 0.00 GB
2026-09-19 21:18:47,711 - INFO - - system: 0 sequences, 0.00 GB
127.0.0.1 - - [19/Sep/2026 21:18:47] "POST /v1/chat/completions HTTP/1.1" 200 -
2026-09-19 21:18:48,147 - INFO - Prompt processing progress: 517/521
2026-09-19 21:18:48,192 - INFO - Prompt processing progress: 520/521
2026-09-19 21:18:48,213 - INFO - Prompt processing progress: 521/521
2026-09-19 21:18:51,660 - INFO - Prompt Cache: 1 sequences, 0.07 GB
2026-09-19 21:18:51,660 - INFO - - assistant: 1 sequences, 0.07 GB
2026-09-19 21:18:51,660 - INFO - - user: 0 sequences, 0.00 GB
2026-09-19 21:18:51,660 - INFO - - system: 0 sequences, 0.00 GB
127.0.0.1 - - [19/Sep/2026 21:18:51] "POST /v1/chat/completions HTTP/1.1" 200 -
2026-09-19 21:18:52,096 - INFO - Prompt processing progress: 517/521
2026-09-19 21:18:52,140 - INFO - Prompt processing progress: 520/521
2026-09-19 21:18:52,161 - INFO - Prompt processing progress: 521/521
2026-09-19 21:18:55,582 - INFO - Prompt Cache: 1 sequences, 0.07 GB
2026-09-19 21:18:55,582 - INFO - - assistant: 1 sequences, 0.07 GB
2026-09-19 21:18:55,582 - INFO - - user: 0 sequences, 0.00 GB
2026-09-19 21:18:55,582 - INFO - - system: 0 sequences, 0.00 GB
127.0.0.1 - - [19/Sep/2026 21:18:55] "POST /v1/chat/completions HTTP/1.1" 200 -
2026-09-19 21:18:56,020 - INFO - Prompt processing progress: 517/521
2026-09-19 21:18:56,064 - INFO - Prompt processing progress: 520/521
2026-09-19 21:18:56,085 - INFO - Prompt processing progress: 521/521
2026-09-19 21:18:59,521 - INFO - Prompt Cache: 1 sequences, 0.07 GB
2026-09-19 21:18:59,521 - INFO - - assistant: 1 sequences, 0.07 GB
2026-09-19 21:18:59,521 - INFO - - user: 0 sequences, 0.00 GB
2026-09-19 21:18:59,521 - INFO - - system: 0 sequences, 0.00 GB
127.0.0.1 - - [19/Sep/2026 21:18:59] "POST /v1/chat/completions HTTP/1.1" 200 -
2026-09-19 21:18:59,958 - INFO - Prompt processing progress: 517/521
2026-09-19 21:19:00,003 - INFO - Prompt processing progress: 520/521
2026-09-19 21:19:00,024 - INFO - Prompt processing progress: 521/521
2026-09-19 21:19:03,442 - INFO - Prompt Cache: 1 sequences, 0.07 GB
2026-09-19 21:19:03,442 - INFO - - assistant: 1 sequences, 0.07 GB
2026-09-19 21:19:03,442 - INFO - - user: 0 sequences, 0.00 GB
2026-09-19 21:19:03,442 - INFO - - system: 0 sequences, 0.00 GB
127.0.0.1 - - [19/Sep/2026 21:19:03] "POST /v1/chat/completions HTTP/1.1" 200 -
2026-09-19 21:19:03,892 - INFO - Prompt processing progress: 517/521
2026-09-19 21:19:03,937 - INFO - Prompt processing progress: 520/521
2026-09-19 21:19:03,958 - INFO - Prompt processing progress: 521/521
2026-09-19 21:19:07,414 - INFO - Prompt Cache: 1 sequences, 0.07 GB
2026-09-19 21:19:07,414 - INFO - - assistant: 1 sequences, 0.07 GB
2026-09-19 21:19:07,414 - INFO - - user: 0 sequences, 0.00 GB
2026-09-19 21:19:07,414 - INFO - - system: 0 sequences, 0.00 GB
127.0.0.1 - - [19/Sep/2026 21:19:07] "POST /v1/chat/completions HTTP/1.1" 200 -
2026-09-19 21:19:07,854 - INFO - Prompt processing progress: 517/521
2026-09-19 21:19:07,899 - INFO - Prompt processing progress: 520/521
2026-09-19 21:19:07,920 - INFO - Prompt processing progress: 521/521
2026-09-19 21:19:11,352 - INFO - Prompt Cache: 1 sequences, 0.07 GB
2026-09-19 21:19:11,352 - INFO - - assistant: 1 sequences, 0.07 GB
2026-09-19 21:19:11,352 - INFO - - user: 0 sequences, 0.00 GB
2026-09-19 21:19:11,352 - INFO - - system: 0 sequences, 0.00 GB
127.0.0.1 - - [19/Sep/2026 21:19:11] "POST /v1/chat/completions HTTP/1.1" 200 -
2026-09-19 21:19:11,791 - INFO - Prompt processing progress: 517/521
2026-09-19 21:19:11,836 - INFO - Prompt processing progress: 520/521
2026-09-19 21:19:11,857 - INFO - Prompt processing progress: 521/521
2026-09-19 21:19:15,268 - INFO - Prompt Cache: 1 sequences, 0.07 GB
2026-09-19 21:19:15,268 - INFO - - assistant: 1 sequences, 0.07 GB
2026-09-19 21:19:15,268 - INFO - - user: 0 sequences, 0.00 GB
2026-09-19 21:19:15,268 - INFO - - system: 0 sequences, 0.00 GB
127.0.0.1 - - [19/Sep/2026 21:19:15] "POST /v1/chat/completions HTTP/1.1" 200 -
2026-09-19 21:19:15,704 - INFO - Prompt processing progress: 517/521
2026-09-19 21:19:15,749 - INFO - Prompt processing progress: 520/521
2026-09-19 21:19:15,769 - INFO - Prompt processing progress: 521/521
2026-09-19 21:19:19,224 - INFO - Prompt Cache: 1 sequences, 0.07 GB
2026-09-19 21:19:19,224 - INFO - - assistant: 1 sequences, 0.07 GB
2026-09-19 21:19:19,224 - INFO - - user: 0 sequences, 0.00 GB
2026-09-19 21:19:19,224 - INFO - - system: 0 sequences, 0.00 GB
127.0.0.1 - - [19/Sep/2026 21:19:19] "POST /v1/chat/completions HTTP/1.1" 200 -
2026-09-19 21:19:19,663 - INFO - Prompt processing progress: 517/521
2026-09-19 21:19:19,710 - INFO - Prompt processing progress: 520/521
2026-09-19 21:19:19,731 - INFO - Prompt processing progress: 521/521
2026-09-19 21:19:23,189 - INFO - Prompt Cache: 1 sequences, 0.07 GB
2026-09-19 21:19:23,189 - INFO - - assistant: 1 sequences, 0.07 GB
2026-09-19 21:19:23,189 - INFO - - user: 0 sequences, 0.00 GB
2026-09-19 21:19:23,189 - INFO - - system: 0 sequences, 0.00 GB
127.0.0.1 - - [19/Sep/2026 21:19:23] "POST /v1/chat/completions HTTP/1.1" 200 -
2026-09-19 21:19:23,626 - INFO - Prompt processing progress: 517/521
2026-09-19 21:19:23,671 - INFO - Prompt processing progress: 520/521
2026-09-19 21:19:23,692 - INFO - Prompt processing progress: 521/521
2026-09-19 21:19:27,139 - INFO - Prompt Cache: 1 sequences, 0.07 GB
2026-09-19 21:19:27,139 - INFO - - assistant: 1 sequences, 0.07 GB
2026-09-19 21:19:27,139 - INFO - - user: 0 sequences, 0.00 GB
2026-09-19 21:19:27,140 - INFO - - system: 0 sequences, 0.00 GB
127.0.0.1 - - [19/Sep/2026 21:19:27] "POST /v1/chat/completions HTTP/1.1" 200 -
2026-09-19 21:19:27,575 - INFO - Prompt processing progress: 517/521
2026-09-19 21:19:27,620 - INFO - Prompt processing progress: 520/521
2026-09-19 21:19:27,640 - INFO - Prompt processing progress: 521/521
2026-09-19 21:19:31,079 - INFO - Prompt Cache: 1 sequences, 0.07 GB
2026-09-19 21:19:31,079 - INFO - - assistant: 1 sequences, 0.07 GB
2026-09-19 21:19:31,079 - INFO - - user: 0 sequences, 0.00 GB
2026-09-19 21:19:31,079 - INFO - - system: 0 sequences, 0.00 GB
127.0.0.1 - - [19/Sep/2026 21:19:31] "POST /v1/chat/completions HTTP/1.1" 200 -
2026-09-19 21:19:31,517 - INFO - Prompt processing progress: 517/521
2026-09-19 21:19:31,561 - INFO - Prompt processing progress: 520/521
2026-09-19 21:19:31,581 - INFO - Prompt processing progress: 521/521
2026-09-19 21:19:35,037 - INFO - Prompt Cache: 1 sequences, 0.07 GB
2026-09-19 21:19:35,037 - INFO - - assistant: 1 sequences, 0.07 GB
2026-09-19 21:19:35,037 - INFO - - user: 0 sequences, 0.00 GB
2026-09-19 21:19:35,037 - INFO - - system: 0 sequences, 0.00 GB
127.0.0.1 - - [19/Sep/2026 21:19:35] "POST /v1/chat/completions HTTP/1.1" 200 -
2026-09-19 21:19:35,475 - INFO - Prompt processing progress: 517/521
2026-09-19 21:19:35,519 - INFO - Prompt processing progress: 520/521
2026-09-19 21:19:35,539 - INFO - Prompt processing progress: 521/521
2026-09-19 21:19:39,000 - INFO - Prompt Cache: 1 sequences, 0.07 GB
2026-09-19 21:19:39,001 - INFO - - assistant: 1 sequences, 0.07 GB
2026-09-19 21:19:39,001 - INFO - - user: 0 sequences, 0.00 GB
2026-09-19 21:19:39,001 - INFO - - system: 0 sequences, 0.00 GB
127.0.0.1 - - [19/Sep/2026 21:19:39] "POST /v1/chat/completions HTTP/1.1" 200 -
2026-09-19 21:19:39,438 - INFO - Prompt processing progress: 517/521
2026-09-19 21:19:39,482 - INFO - Prompt processing progress: 520/521
2026-09-19 21:19:39,502 - INFO - Prompt processing progress: 521/521
2026-09-19 21:19:42,937 - INFO - Prompt Cache: 1 sequences, 0.07 GB
2026-09-19 21:19:42,937 - INFO - - assistant: 1 sequences, 0.07 GB
2026-09-19 21:19:42,937 - INFO - - user: 0 sequences, 0.00 GB
2026-09-19 21:19:42,937 - INFO - - system: 0 sequences, 0.00 GB
127.0.0.1 - - [19/Sep/2026 21:19:42] "POST /v1/chat/completions HTTP/1.1" 200 -
2026-09-19 21:19:43,374 - INFO - Prompt processing progress: 517/521
2026-09-19 21:19:43,418 - INFO - Prompt processing progress: 520/521
2026-09-19 21:19:43,439 - INFO - Prompt processing progress: 521/521
2026-09-19 21:19:46,890 - INFO - Prompt Cache: 1 sequences, 0.07 GB
2026-09-19 21:19:46,890 - INFO - - assistant: 1 sequences, 0.07 GB
2026-09-19 21:19:46,890 - INFO - - user: 0 sequences, 0.00 GB
2026-09-19 21:19:46,890 - INFO - - system: 0 sequences, 0.00 GB
127.0.0.1 - - [19/Sep/2026 21:19:46] "POST /v1/chat/completions HTTP/1.1" 200 -
2026-09-19 21:19:47,327 - INFO - Prompt processing progress: 517/521
2026-09-19 21:19:47,371 - INFO - Prompt processing progress: 520/521
2026-09-19 21:19:47,393 - INFO - Prompt processing progress: 521/521
2026-09-19 21:19:50,842 - INFO - Prompt Cache: 1 sequences, 0.07 GB
2026-09-19 21:19:50,842 - INFO - - assistant: 1 sequences, 0.07 GB
2026-09-19 21:19:50,842 - INFO - - user: 0 sequences, 0.00 GB
2026-09-19 21:19:50,842 - INFO - - system: 0 sequences, 0.00 GB
127.0.0.1 - - [19/Sep/2026 21:19:50] "POST /v1/chat/completions HTTP/1.1" 200 -
2026-09-19 21:19:51,280 - INFO - Prompt processing progress: 517/521
2026-09-19 21:19:51,326 - INFO - Prompt processing progress: 520/521
2026-09-19 21:19:51,346 - INFO - Prompt processing progress: 521/521
2026-09-19 21:19:54,992 - INFO - Prompt Cache: 1 sequences, 0.07 GB
2026-09-19 21:19:54,992 - INFO - - assistant: 1 sequences, 0.07 GB
2026-09-19 21:19:54,992 - INFO - - user: 0 sequences, 0.00 GB
2026-09-19 21:19:54,992 - INFO - - system: 0 sequences, 0.00 GB
127.0.0.1 - - [19/Sep/2026 21:19:54] "POST /v1/chat/completions HTTP/1.1" 200 -
2026-09-19 21:19:55,436 - INFO - Prompt processing progress: 517/521
2026-09-19 21:19:55,481 - INFO - Prompt processing progress: 520/521
2026-09-19 21:19:55,502 - INFO - Prompt processing progress: 521/521
2026-09-19 21:19:59,149 - INFO - Prompt Cache: 1 sequences, 0.07 GB
2026-09-19 21:19:59,149 - INFO - - assistant: 1 sequences, 0.07 GB
2026-09-19 21:19:59,150 - INFO - - user: 0 sequences, 0.00 GB
2026-09-19 21:19:59,150 - INFO - - system: 0 sequences, 0.00 GB
127.0.0.1 - - [19/Sep/2026 21:19:59] "POST /v1/chat/completions HTTP/1.1" 200 -
2026-09-19 21:19:59,591 - INFO - Prompt processing progress: 517/521
2026-09-19 21:19:59,637 - INFO - Prompt processing progress: 520/521
2026-09-19 21:19:59,658 - INFO - Prompt processing progress: 521/521
2026-09-19 21:20:03,321 - INFO - Prompt Cache: 1 sequences, 0.07 GB
2026-09-19 21:20:03,321 - INFO - - assistant: 1 sequences, 0.07 GB
2026-09-19 21:20:03,321 - INFO - - user: 0 sequences, 0.00 GB
2026-09-19 21:20:03,321 - INFO - - system: 0 sequences, 0.00 GB
127.0.0.1 - - [19/Sep/2026 21:20:03] "POST /v1/chat/completions HTTP/1.1" 200 -
2026-09-19 21:20:03,764 - INFO - Prompt processing progress: 517/521
2026-09-19 21:20:03,809 - INFO - Prompt processing progress: 520/521
2026-09-19 21:20:03,829 - INFO - Prompt processing progress: 521/521
2026-09-19 21:20:07,459 - INFO - Prompt Cache: 1 sequences, 0.07 GB
2026-09-19 21:20:07,459 - INFO - - assistant: 1 sequences, 0.07 GB
2026-09-19 21:20:07,459 - INFO - - user: 0 sequences, 0.00 GB
2026-09-19 21:20:07,459 - INFO - - system: 0 sequences, 0.00 GB
127.0.0.1 - - [19/Sep/2026 21:20:07] "POST /v1/chat/completions HTTP/1.1" 200 -
2026-09-19 21:20:07,901 - INFO - Prompt processing progress: 517/521
2026-09-19 21:20:07,947 - INFO - Prompt processing progress: 520/521
2026-09-19 21:20:07,968 - INFO - Prompt processing progress: 521/521
2026-09-19 21:20:11,623 - INFO - Prompt Cache: 1 sequences, 0.07 GB
2026-09-19 21:20:11,624 - INFO - - assistant: 1 sequences, 0.07 GB
2026-09-19 21:20:11,624 - INFO - - user: 0 sequences, 0.00 GB
2026-09-19 21:20:11,624 - INFO - - system: 0 sequences, 0.00 GB
127.0.0.1 - - [19/Sep/2026 21:20:11] "POST /v1/chat/completions HTTP/1.1" 200 -
2026-09-19 21:20:12,062 - INFO - Prompt processing progress: 517/521
2026-09-19 21:20:12,107 - INFO - Prompt processing progress: 520/521
2026-09-19 21:20:12,129 - INFO - Prompt processing progress: 521/521
2026-09-19 21:20:15,731 - INFO - Prompt Cache: 1 sequences, 0.07 GB
2026-09-19 21:20:15,731 - INFO - - assistant: 1 sequences, 0.07 GB
2026-09-19 21:20:15,731 - INFO - - user: 0 sequences, 0.00 GB
2026-09-19 21:20:15,731 - INFO - - system: 0 sequences, 0.00 GB
127.0.0.1 - - [19/Sep/2026 21:20:15] "POST /v1/chat/completions HTTP/1.1" 200 -
2026-09-19 21:20:16,171 - INFO - Prompt processing progress: 517/521
2026-09-19 21:20:16,216 - INFO - Prompt processing progress: 520/521
2026-09-19 21:20:16,237 - INFO - Prompt processing progress: 521/521
2026-09-19 21:20:19,837 - INFO - Prompt Cache: 1 sequences, 0.07 GB
2026-09-19 21:20:19,837 - INFO - - assistant: 1 sequences, 0.07 GB
2026-09-19 21:20:19,837 - INFO - - user: 0 sequences, 0.00 GB
2026-09-19 21:20:19,837 - INFO - - system: 0 sequences, 0.00 GB
127.0.0.1 - - [19/Sep/2026 21:20:19] "POST /v1/chat/completions HTTP/1.1" 200 -
2026-09-19 21:20:20,279 - INFO - Prompt processing progress: 517/521
2026-09-19 21:20:20,324 - INFO - Prompt processing progress: 520/521
2026-09-19 21:20:20,346 - INFO - Prompt processing progress: 521/521
2026-09-19 21:20:23,954 - INFO - Prompt Cache: 1 sequences, 0.07 GB
2026-09-19 21:20:23,954 - INFO - - assistant: 1 sequences, 0.07 GB
2026-09-19 21:20:23,954 - INFO - - user: 0 sequences, 0.00 GB
2026-09-19 21:20:23,954 - INFO - - system: 0 sequences, 0.00 GB
127.0.0.1 - - [19/Sep/2026 21:20:23] "POST /v1/chat/completions HTTP/1.1" 200 -
2026-09-19 21:20:24,393 - INFO - Prompt processing progress: 517/521
2026-09-19 21:20:24,438 - INFO - Prompt processing progress: 520/521
2026-09-19 21:20:24,460 - INFO - Prompt processing progress: 521/521
2026-09-19 21:20:28,018 - INFO - Prompt Cache: 1 sequences, 0.07 GB
2026-09-19 21:20:28,018 - INFO - - assistant: 1 sequences, 0.07 GB
2026-09-19 21:20:28,018 - INFO - - user: 0 sequences, 0.00 GB
2026-09-19 21:20:28,019 - INFO - - system: 0 sequences, 0.00 GB
127.0.0.1 - - [19/Sep/2026 21:20:28] "POST /v1/chat/completions HTTP/1.1" 200 -
2026-09-19 21:20:28,459 - INFO - Prompt processing progress: 517/521
2026-09-19 21:20:28,504 - INFO - Prompt processing progress: 520/521
2026-09-19 21:20:28,526 - INFO - Prompt processing progress: 521/521
2026-09-19 21:20:32,070 - INFO - Prompt Cache: 1 sequences, 0.07 GB
2026-09-19 21:20:32,070 - INFO - - assistant: 1 sequences, 0.07 GB
2026-09-19 21:20:32,070 - INFO - - user: 0 sequences, 0.00 GB
2026-09-19 21:20:32,070 - INFO - - system: 0 sequences, 0.00 GB
127.0.0.1 - - [19/Sep/2026 21:20:32] "POST /v1/chat/completions HTTP/1.1" 200 -
2026-09-19 21:20:32,513 - INFO - Prompt processing progress: 517/521
2026-09-19 21:20:32,559 - INFO - Prompt processing progress: 520/521
2026-09-19 21:20:32,579 - INFO - Prompt processing progress: 521/521
2026-09-19 21:20:36,181 - INFO - Prompt Cache: 1 sequences, 0.07 GB
2026-09-19 21:20:36,181 - INFO - - assistant: 1 sequences, 0.07 GB
2026-09-19 21:20:36,181 - INFO - - user: 0 sequences, 0.00 GB
2026-09-19 21:20:36,181 - INFO - - system: 0 sequences, 0.00 GB
127.0.0.1 - - [19/Sep/2026 21:20:36] "POST /v1/chat/completions HTTP/1.1" 200 -
2026-09-19 21:20:36,623 - INFO - Prompt processing progress: 517/521
2026-09-19 21:20:36,668 - INFO - Prompt processing progress: 520/521
2026-09-19 21:20:36,689 - INFO - Prompt processing progress: 521/521
2026-09-19 21:20:40,295 - INFO - Prompt Cache: 1 sequences, 0.07 GB
2026-09-19 21:20:40,295 - INFO - - assistant: 1 sequences, 0.07 GB
2026-09-19 21:20:40,295 - INFO - - user: 0 sequences, 0.00 GB
2026-09-19 21:20:40,296 - INFO - - system: 0 sequences, 0.00 GB
127.0.0.1 - - [19/Sep/2026 21:20:40] "POST /v1/chat/completions HTTP/1.1" 200 -
2026-09-19 21:20:40,737 - INFO - Prompt processing progress: 517/521
2026-09-19 21:20:40,782 - INFO - Prompt processing progress: 520/521
2026-09-19 21:20:40,804 - INFO - Prompt processing progress: 521/521
2026-09-19 21:20:44,393 - INFO - Prompt Cache: 1 sequences, 0.07 GB
2026-09-19 21:20:44,393 - INFO - - assistant: 1 sequences, 0.07 GB
2026-09-19 21:20:44,393 - INFO - - user: 0 sequences, 0.00 GB
2026-09-19 21:20:44,393 - INFO - - system: 0 sequences, 0.00 GB
127.0.0.1 - - [19/Sep/2026 21:20:44] "POST /v1/chat/completions HTTP/1.1" 200 -
2026-09-19 21:20:44,833 - INFO - Prompt processing progress: 517/521
2026-09-19 21:20:44,879 - INFO - Prompt processing progress: 520/521
2026-09-19 21:20:44,900 - INFO - Prompt processing progress: 521/521
2026-09-19 21:20:48,485 - INFO - Prompt Cache: 1 sequences, 0.07 GB
2026-09-19 21:20:48,485 - INFO - - assistant: 1 sequences, 0.07 GB
2026-09-19 21:20:48,486 - INFO - - user: 0 sequences, 0.00 GB
2026-09-19 21:20:48,486 - INFO - - system: 0 sequences, 0.00 GB
127.0.0.1 - - [19/Sep/2026 21:20:48] "POST /v1/chat/completions HTTP/1.1" 200 -
2026-09-19 21:20:48,928 - INFO - Prompt processing progress: 517/521
2026-09-19 21:20:48,974 - INFO - Prompt processing progress: 520/521
2026-09-19 21:20:48,995 - INFO - Prompt processing progress: 521/521
2026-09-19 21:20:52,576 - INFO - Prompt Cache: 1 sequences, 0.07 GB
2026-09-19 21:20:52,576 - INFO - - assistant: 1 sequences, 0.07 GB
2026-09-19 21:20:52,576 - INFO - - user: 0 sequences, 0.00 GB
2026-09-19 21:20:52,576 - INFO - - system: 0 sequences, 0.00 GB
127.0.0.1 - - [19/Sep/2026 21:20:52] "POST /v1/chat/completions HTTP/1.1" 200 -
2026-09-19 21:20:53,017 - INFO - Prompt processing progress: 517/521
2026-09-19 21:20:53,062 - INFO - Prompt processing progress: 520/521
2026-09-19 21:20:53,083 - INFO - Prompt processing progress: 521/521
2026-09-19 21:20:56,698 - INFO - Prompt Cache: 1 sequences, 0.07 GB
2026-09-19 21:20:56,699 - INFO - - assistant: 1 sequences, 0.07 GB
2026-09-19 21:20:56,699 - INFO - - user: 0 sequences, 0.00 GB
2026-09-19 21:20:56,699 - INFO - - system: 0 sequences, 0.00 GB
127.0.0.1 - - [19/Sep/2026 21:20:56] "POST /v1/chat/completions HTTP/1.1" 200 -
2026-09-19 21:20:57,139 - INFO - Prompt processing progress: 517/521
2026-09-19 21:20:57,184 - INFO - Prompt processing progress: 520/521
2026-09-19 21:20:57,205 - INFO - Prompt processing progress: 521/521
2026-09-19 21:21:00,814 - INFO - Prompt Cache: 1 sequences, 0.07 GB
2026-09-19 21:21:00,814 - INFO - - assistant: 1 sequences, 0.07 GB
2026-09-19 21:21:00,814 - INFO - - user: 0 sequences, 0.00 GB
2026-09-19 21:21:00,814 - INFO - - system: 0 sequences, 0.00 GB
127.0.0.1 - - [19/Sep/2026 21:21:00] "POST /v1/chat/completions HTTP/1.1" 200 -
2026-09-19 21:21:01,257 - INFO - Prompt processing progress: 517/521
2026-09-19 21:21:01,302 - INFO - Prompt processing progress: 520/521
2026-09-19 21:21:01,324 - INFO - Prompt processing progress: 521/521
2026-09-19 21:21:04,929 - INFO - Prompt Cache: 1 sequences, 0.07 GB
2026-09-19 21:21:04,929 - INFO - - assistant: 1 sequences, 0.07 GB
2026-09-19 21:21:04,929 - INFO - - user: 0 sequences, 0.00 GB
2026-09-19 21:21:04,929 - INFO - - system: 0 sequences, 0.00 GB
127.0.0.1 - - [19/Sep/2026 21:21:04] "POST /v1/chat/completions HTTP/1.1" 200 -
2026-09-19 21:21:05,372 - INFO - Prompt processing progress: 517/521
2026-09-19 21:21:05,417 - INFO - Prompt processing progress: 520/521
2026-09-19 21:21:05,438 - INFO - Prompt processing progress: 521/521
2026-09-19 21:21:08,975 - INFO - Prompt Cache: 1 sequences, 0.07 GB
2026-09-19 21:21:08,975 - INFO - - assistant: 1 sequences, 0.07 GB
2026-09-19 21:21:08,975 - INFO - - user: 0 sequences, 0.00 GB
2026-09-19 21:21:08,975 - INFO - - system: 0 sequences, 0.00 GB
127.0.0.1 - - [19/Sep/2026 21:21:08] "POST /v1/chat/completions HTTP/1.1" 200 -
2026-09-19 21:21:09,416 - INFO - Prompt processing progress: 517/521
2026-09-19 21:21:09,461 - INFO - Prompt processing progress: 520/521
2026-09-19 21:21:09,481 - INFO - Prompt processing progress: 521/521
2026-09-19 21:21:13,037 - INFO - Prompt Cache: 1 sequences, 0.07 GB
2026-09-19 21:21:13,038 - INFO - - assistant: 1 sequences, 0.07 GB
2026-09-19 21:21:13,038 - INFO - - user: 0 sequences, 0.00 GB
2026-09-19 21:21:13,038 - INFO - - system: 0 sequences, 0.00 GB
127.0.0.1 - - [19/Sep/2026 21:21:13] "POST /v1/chat/completions HTTP/1.1" 200 -
2026-09-19 21:21:13,477 - INFO - Prompt processing progress: 517/521
2026-09-19 21:21:13,523 - INFO - Prompt processing progress: 520/521
2026-09-19 21:21:13,545 - INFO - Prompt processing progress: 521/521
2026-09-19 21:21:17,086 - INFO - Prompt Cache: 1 sequences, 0.07 GB
2026-09-19 21:21:17,086 - INFO - - assistant: 1 sequences, 0.07 GB
2026-09-19 21:21:17,086 - INFO - - user: 0 sequences, 0.00 GB
2026-09-19 21:21:17,086 - INFO - - system: 0 sequences, 0.00 GB
127.0.0.1 - - [19/Sep/2026 21:21:17] "POST /v1/chat/completions HTTP/1.1" 200 -
2026-09-19 21:21:17,525 - INFO - Prompt processing progress: 517/521
2026-09-19 21:21:17,571 - INFO - Prompt processing progress: 520/521
2026-09-19 21:21:17,592 - INFO - Prompt processing progress: 521/521
2026-09-19 21:21:21,119 - INFO - Prompt Cache: 1 sequences, 0.07 GB
2026-09-19 21:21:21,119 - INFO - - assistant: 1 sequences, 0.07 GB
2026-09-19 21:21:21,119 - INFO - - user: 0 sequences, 0.00 GB
2026-09-19 21:21:21,119 - INFO - - system: 0 sequences, 0.00 GB
127.0.0.1 - - [19/Sep/2026 21:21:21] "POST /v1/chat/completions HTTP/1.1" 200 -
2026-09-19 21:21:21,557 - INFO - Prompt processing progress: 517/521
2026-09-19 21:21:21,602 - INFO - Prompt processing progress: 520/521
2026-09-19 21:21:21,622 - INFO - Prompt processing progress: 521/521
2026-09-19 21:21:25,100 - INFO - Prompt Cache: 1 sequences, 0.07 GB
2026-09-19 21:21:25,100 - INFO - - assistant: 1 sequences, 0.07 GB
2026-09-19 21:21:25,100 - INFO - - user: 0 sequences, 0.00 GB
2026-09-19 21:21:25,100 - INFO - - system: 0 sequences, 0.00 GB
127.0.0.1 - - [19/Sep/2026 21:21:25] "POST /v1/chat/completions HTTP/1.1" 200 -
2026-09-19 21:21:25,539 - INFO - Prompt processing progress: 517/521
2026-09-19 21:21:25,584 - INFO - Prompt processing progress: 520/521
2026-09-19 21:21:25,604 - INFO - Prompt processing progress: 521/521
2026-09-19 21:21:29,084 - INFO - Prompt Cache: 1 sequences, 0.07 GB
2026-09-19 21:21:29,084 - INFO - - assistant: 1 sequences, 0.07 GB
2026-09-19 21:21:29,084 - INFO - - user: 0 sequences, 0.00 GB
2026-09-19 21:21:29,084 - INFO - - system: 0 sequences, 0.00 GB
127.0.0.1 - - [19/Sep/2026 21:21:29] "POST /v1/chat/completions HTTP/1.1" 200 -
2026-09-19 21:21:29,525 - INFO - Prompt processing progress: 517/521
2026-09-19 21:21:29,570 - INFO - Prompt processing progress: 520/521
2026-09-19 21:21:29,590 - INFO - Prompt processing progress: 521/521
2026-09-19 21:21:33,170 - INFO - Prompt Cache: 1 sequences, 0.07 GB
2026-09-19 21:21:33,171 - INFO - - assistant: 1 sequences, 0.07 GB
2026-09-19 21:21:33,171 - INFO - - user: 0 sequences, 0.00 GB
2026-09-19 21:21:33,171 - INFO - - system: 0 sequences, 0.00 GB
127.0.0.1 - - [19/Sep/2026 21:21:33] "POST /v1/chat/completions HTTP/1.1" 200 -
2026-09-19 21:21:33,610 - INFO - Prompt processing progress: 517/521
2026-09-19 21:21:33,655 - INFO - Prompt processing progress: 520/521
2026-09-19 21:21:33,676 - INFO - Prompt processing progress: 521/521
2026-09-19 21:21:37,247 - INFO - Prompt Cache: 1 sequences, 0.07 GB
2026-09-19 21:21:37,247 - INFO - - assistant: 1 sequences, 0.07 GB
2026-09-19 21:21:37,247 - INFO - - user: 0 sequences, 0.00 GB
2026-09-19 21:21:37,247 - INFO - - system: 0 sequences, 0.00 GB
127.0.0.1 - - [19/Sep/2026 21:21:37] "POST /v1/chat/completions HTTP/1.1" 200 -
2026-09-19 21:21:37,692 - INFO - Prompt processing progress: 517/521
2026-09-19 21:21:37,737 - INFO - Prompt processing progress: 520/521
2026-09-19 21:21:37,758 - INFO - Prompt processing progress: 521/521
2026-09-19 21:21:41,371 - INFO - Prompt Cache: 1 sequences, 0.07 GB
2026-09-19 21:21:41,371 - INFO - - assistant: 1 sequences, 0.07 GB
2026-09-19 21:21:41,371 - INFO - - user: 0 sequences, 0.00 GB
2026-09-19 21:21:41,371 - INFO - - system: 0 sequences, 0.00 GB
127.0.0.1 - - [19/Sep/2026 21:21:41] "POST /v1/chat/completions HTTP/1.1" 200 -
2026-09-19 21:21:41,811 - INFO - Prompt processing progress: 517/521
2026-09-19 21:21:41,856 - INFO - Prompt processing progress: 520/521
2026-09-19 21:21:41,877 - INFO - Prompt processing progress: 521/521
2026-09-19 21:21:45,422 - INFO - Prompt Cache: 1 sequences, 0.07 GB
2026-09-19 21:21:45,422 - INFO - - assistant: 1 sequences, 0.07 GB
2026-09-19 21:21:45,422 - INFO - - user: 0 sequences, 0.00 GB
2026-09-19 21:21:45,422 - INFO - - system: 0 sequences, 0.00 GB
127.0.0.1 - - [19/Sep/2026 21:21:45] "POST /v1/chat/completions HTTP/1.1" 200 -
2026-09-19 21:21:45,861 - INFO - Prompt processing progress: 517/521
2026-09-19 21:21:45,906 - INFO - Prompt processing progress: 520/521
2026-09-19 21:21:45,927 - INFO - Prompt processing progress: 521/521
2026-09-19 21:21:49,412 - INFO - Prompt Cache: 1 sequences, 0.07 GB
2026-09-19 21:21:49,412 - INFO - - assistant: 1 sequences, 0.07 GB
2026-09-19 21:21:49,412 - INFO - - user: 0 sequences, 0.00 GB
2026-09-19 21:21:49,412 - INFO - - system: 0 sequences, 0.00 GB
127.0.0.1 - - [19/Sep/2026 21:21:49] "POST /v1/chat/completions HTTP/1.1" 200 -
2026-09-19 21:21:49,850 - INFO - Prompt processing progress: 517/521
2026-09-19 21:21:49,895 - INFO - Prompt processing progress: 520/521
2026-09-19 21:21:49,915 - INFO - Prompt processing progress: 521/521
2026-09-19 21:21:53,503 - INFO - Prompt Cache: 1 sequences, 0.07 GB
2026-09-19 21:21:53,503 - INFO - - assistant: 1 sequences, 0.07 GB
2026-09-19 21:21:53,504 - INFO - - user: 0 sequences, 0.00 GB
2026-09-19 21:21:53,504 - INFO - - system: 0 sequences, 0.00 GB
127.0.0.1 - - [19/Sep/2026 21:21:53] "POST /v1/chat/completions HTTP/1.1" 200 -
2026-09-19 21:21:53,944 - INFO - Prompt processing progress: 517/521
2026-09-19 21:21:53,989 - INFO - Prompt processing progress: 520/521
2026-09-19 21:21:54,010 - INFO - Prompt processing progress: 521/521
2026-09-19 21:21:57,561 - INFO - Prompt Cache: 1 sequences, 0.07 GB
2026-09-19 21:21:57,561 - INFO - - assistant: 1 sequences, 0.07 GB
2026-09-19 21:21:57,561 - INFO - - user: 0 sequences, 0.00 GB
2026-09-19 21:21:57,561 - INFO - - system: 0 sequences, 0.00 GB
127.0.0.1 - - [19/Sep/2026 21:21:57] "POST /v1/chat/completions HTTP/1.1" 200 -
2026-09-19 21:21:58,001 - INFO - Prompt processing progress: 517/521
2026-09-19 21:21:58,046 - INFO - Prompt processing progress: 520/521
2026-09-19 21:21:58,067 - INFO - Prompt processing progress: 521/521
2026-09-19 21:22:01,602 - INFO - Prompt Cache: 1 sequences, 0.07 GB
2026-09-19 21:22:01,602 - INFO - - assistant: 1 sequences, 0.07 GB
2026-09-19 21:22:01,602 - INFO - - user: 0 sequences, 0.00 GB
2026-09-19 21:22:01,602 - INFO - - system: 0 sequences, 0.00 GB
127.0.0.1 - - [19/Sep/2026 21:22:01] "POST /v1/chat/completions HTTP/1.1" 200 -
2026-09-19 21:22:02,041 - INFO - Prompt processing progress: 517/521
2026-09-19 21:22:02,086 - INFO - Prompt processing progress: 520/521
2026-09-19 21:22:02,108 - INFO - Prompt processing progress: 521/521
2026-09-19 21:22:05,631 - INFO - Prompt Cache: 1 sequences, 0.07 GB
2026-09-19 21:22:05,631 - INFO - - assistant: 1 sequences, 0.07 GB
2026-09-19 21:22:05,631 - INFO - - user: 0 sequences, 0.00 GB
2026-09-19 21:22:05,631 - INFO - - system: 0 sequences, 0.00 GB
127.0.0.1 - - [19/Sep/2026 21:22:05] "POST /v1/chat/completions HTTP/1.1" 200 -
2026-09-19 21:22:06,070 - INFO - Prompt processing progress: 517/521
2026-09-19 21:22:06,115 - INFO - Prompt processing progress: 520/521
2026-09-19 21:22:06,136 - INFO - Prompt processing progress: 521/521
2026-09-19 21:22:09,622 - INFO - Prompt Cache: 1 sequences, 0.07 GB
2026-09-19 21:22:09,622 - INFO - - assistant: 1 sequences, 0.07 GB
2026-09-19 21:22:09,622 - INFO - - user: 0 sequences, 0.00 GB
2026-09-19 21:22:09,622 - INFO - - system: 0 sequences, 0.00 GB
127.0.0.1 - - [19/Sep/2026 21:22:09] "POST /v1/chat/completions HTTP/1.1" 200 -
2026-09-19 21:22:10,059 - INFO - Prompt processing progress: 517/521
2026-09-19 21:22:10,103 - INFO - Prompt processing progress: 520/521
2026-09-19 21:22:10,124 - INFO - Prompt processing progress: 521/521
2026-09-19 21:22:13,598 - INFO - Prompt Cache: 1 sequences, 0.07 GB
2026-09-19 21:22:13,598 - INFO - - assistant: 1 sequences, 0.07 GB
2026-09-19 21:22:13,598 - INFO - - user: 0 sequences, 0.00 GB
2026-09-19 21:22:13,598 - INFO - - system: 0 sequences, 0.00 GB
127.0.0.1 - - [19/Sep/2026 21:22:13] "POST /v1/chat/completions HTTP/1.1" 200 -
2026-09-19 21:22:14,038 - INFO - Prompt processing progress: 517/521
2026-09-19 21:22:14,083 - INFO - Prompt processing progress: 520/521
2026-09-19 21:22:14,104 - INFO - Prompt processing progress: 521/521
2026-09-19 21:22:17,583 - INFO - Prompt Cache: 1 sequences, 0.07 GB
2026-09-19 21:22:17,583 - INFO - - assistant: 1 sequences, 0.07 GB
2026-09-19 21:22:17,583 - INFO - - user: 0 sequences, 0.00 GB
2026-09-19 21:22:17,583 - INFO - - system: 0 sequences, 0.00 GB
127.0.0.1 - - [19/Sep/2026 21:22:17] "POST /v1/chat/completions HTTP/1.1" 200 -
2026-09-19 21:22:18,022 - INFO - Prompt processing progress: 517/521
2026-09-19 21:22:18,066 - INFO - Prompt processing progress: 520/521
2026-09-19 21:22:18,087 - INFO - Prompt processing progress: 521/521
2026-09-19 21:22:21,583 - INFO - Prompt Cache: 1 sequences, 0.07 GB
2026-09-19 21:22:21,583 - INFO - - assistant: 1 sequences, 0.07 GB
2026-09-19 21:22:21,583 - INFO - - user: 0 sequences, 0.00 GB
2026-09-19 21:22:21,583 - INFO - - system: 0 sequences, 0.00 GB
127.0.0.1 - - [19/Sep/2026 21:22:21] "POST /v1/chat/completions HTTP/1.1" 200 -
2026-09-19 21:22:22,022 - INFO - Prompt processing progress: 517/521
2026-09-19 21:22:22,067 - INFO - Prompt processing progress: 520/521
2026-09-19 21:22:22,089 - INFO - Prompt processing progress: 521/521
2026-09-19 21:22:25,646 - INFO - Prompt Cache: 1 sequences, 0.07 GB
2026-09-19 21:22:25,646 - INFO - - assistant: 1 sequences, 0.07 GB
2026-09-19 21:22:25,646 - INFO - - user: 0 sequences, 0.00 GB
2026-09-19 21:22:25,646 - INFO - - system: 0 sequences, 0.00 GB
127.0.0.1 - - [19/Sep/2026 21:22:25] "POST /v1/chat/completions HTTP/1.1" 200 -
2026-09-19 21:22:26,086 - INFO - Prompt processing progress: 517/521
2026-09-19 21:22:26,131 - INFO - Prompt processing progress: 520/521
2026-09-19 21:22:26,152 - INFO - Prompt processing progress: 521/521
2026-09-19 21:22:29,746 - INFO - Prompt Cache: 1 sequences, 0.07 GB
2026-09-19 21:22:29,746 - INFO - - assistant: 1 sequences, 0.07 GB
2026-09-19 21:22:29,746 - INFO - - user: 0 sequences, 0.00 GB
2026-09-19 21:22:29,746 - INFO - - system: 0 sequences, 0.00 GB
127.0.0.1 - - [19/Sep/2026 21:22:29] "POST /v1/chat/completions HTTP/1.1" 200 -
2026-09-19 21:22:30,190 - INFO - Prompt processing progress: 517/521
2026-09-19 21:22:30,236 - INFO - Prompt processing progress: 520/521
2026-09-19 21:22:30,257 - INFO - Prompt processing progress: 521/521
2026-09-19 21:22:33,810 - INFO - Prompt Cache: 1 sequences, 0.07 GB
2026-09-19 21:22:33,810 - INFO - - assistant: 1 sequences, 0.07 GB
2026-09-19 21:22:33,810 - INFO - - user: 0 sequences, 0.00 GB
2026-09-19 21:22:33,810 - INFO - - system: 0 sequences, 0.00 GB
127.0.0.1 - - [19/Sep/2026 21:22:33] "POST /v1/chat/completions HTTP/1.1" 200 -
2026-09-19 21:22:34,250 - INFO - Prompt processing progress: 517/521
2026-09-19 21:22:34,295 - INFO - Prompt processing progress: 520/521
2026-09-19 21:22:34,316 - INFO - Prompt processing progress: 521/521
2026-09-19 21:22:37,846 - INFO - Prompt Cache: 1 sequences, 0.07 GB
2026-09-19 21:22:37,847 - INFO - - assistant: 1 sequences, 0.07 GB
2026-09-19 21:22:37,847 - INFO - - user: 0 sequences, 0.00 GB
2026-09-19 21:22:37,847 - INFO - - system: 0 sequences, 0.00 GB
127.0.0.1 - - [19/Sep/2026 21:22:37] "POST /v1/chat/completions HTTP/1.1" 200 -
2026-09-19 21:22:38,286 - INFO - Prompt processing progress: 517/521
2026-09-19 21:22:38,332 - INFO - Prompt processing progress: 520/521
2026-09-19 21:22:38,352 - INFO - Prompt processing progress: 521/521
2026-09-19 21:22:41,838 - INFO - Prompt Cache: 1 sequences, 0.07 GB
2026-09-19 21:22:41,838 - INFO - - assistant: 1 sequences, 0.07 GB
2026-09-19 21:22:41,838 - INFO - - user: 0 sequences, 0.00 GB
2026-09-19 21:22:41,838 - INFO - - system: 0 sequences, 0.00 GB
127.0.0.1 - - [19/Sep/2026 21:22:41] "POST /v1/chat/completions HTTP/1.1" 200 -
2026-09-19 21:22:42,276 - INFO - Prompt processing progress: 517/521
2026-09-19 21:22:42,321 - INFO - Prompt processing progress: 520/521
2026-09-19 21:22:42,342 - INFO - Prompt processing progress: 521/521
2026-09-19 21:22:45,815 - INFO - Prompt Cache: 1 sequences, 0.07 GB
2026-09-19 21:22:45,815 - INFO - - assistant: 1 sequences, 0.07 GB
2026-09-19 21:22:45,816 - INFO - - user: 0 sequences, 0.00 GB
2026-09-19 21:22:45,816 - INFO - - system: 0 sequences, 0.00 GB
127.0.0.1 - - [19/Sep/2026 21:22:45] "POST /v1/chat/completions HTTP/1.1" 200 -
2026-09-19 21:22:46,252 - INFO - Prompt processing progress: 516/520
2026-09-19 21:22:46,296 - INFO - Prompt processing progress: 519/520
2026-09-19 21:22:46,317 - INFO - Prompt processing progress: 520/520
2026-09-19 21:22:50,367 - INFO - Prompt Cache: 1 sequences, 0.07 GB
2026-09-19 21:22:50,368 - INFO - - assistant: 1 sequences, 0.07 GB
2026-09-19 21:22:50,368 - INFO - - user: 0 sequences, 0.00 GB
2026-09-19 21:22:50,368 - INFO - - system: 0 sequences, 0.00 GB
127.0.0.1 - - [19/Sep/2026 21:22:50] "POST /v1/chat/completions HTTP/1.1" 200 -
2026-09-19 21:22:50,854 - INFO - Prompt processing progress: 517/521
2026-09-19 21:22:50,902 - INFO - Prompt processing progress: 520/521
2026-09-19 21:22:50,926 - INFO - Prompt processing progress: 521/521
2026-09-19 21:22:54,324 - INFO - Prompt Cache: 1 sequences, 0.07 GB
2026-09-19 21:22:54,325 - INFO - - assistant: 1 sequences, 0.07 GB
2026-09-19 21:22:54,325 - INFO - - user: 0 sequences, 0.00 GB
2026-09-19 21:22:54,325 - INFO - - system: 0 sequences, 0.00 GB
127.0.0.1 - - [19/Sep/2026 21:22:54] "POST /v1/chat/completions HTTP/1.1" 200 -
2026-09-19 21:22:54,782 - INFO - Prompt processing progress: 517/521
2026-09-19 21:22:54,829 - INFO - Prompt processing progress: 520/521
2026-09-19 21:22:54,851 - INFO - Prompt processing progress: 521/521
2026-09-19 21:22:58,089 - INFO - Prompt Cache: 1 sequences, 0.07 GB
2026-09-19 21:22:58,089 - INFO - - assistant: 1 sequences, 0.07 GB
2026-09-19 21:22:58,089 - INFO - - user: 0 sequences, 0.00 GB
2026-09-19 21:22:58,089 - INFO - - system: 0 sequences, 0.00 GB
127.0.0.1 - - [19/Sep/2026 21:22:58] "POST /v1/chat/completions HTTP/1.1" 200 -
2026-09-19 21:22:58,544 - INFO - Prompt processing progress: 517/521
2026-09-19 21:22:58,590 - INFO - Prompt processing progress: 520/521
2026-09-19 21:22:58,613 - INFO - Prompt processing progress: 521/521
2026-09-19 21:23:01,902 - INFO - Prompt Cache: 1 sequences, 0.07 GB
2026-09-19 21:23:01,902 - INFO - - assistant: 1 sequences, 0.07 GB
2026-09-19 21:23:01,902 - INFO - - user: 0 sequences, 0.00 GB
2026-09-19 21:23:01,902 - INFO - - system: 0 sequences, 0.00 GB
127.0.0.1 - - [19/Sep/2026 21:23:01] "POST /v1/chat/completions HTTP/1.1" 200 -
2026-09-19 21:23:02,355 - INFO - Prompt processing progress: 516/520
2026-09-19 21:23:02,400 - INFO - Prompt processing progress: 519/520
2026-09-19 21:23:02,423 - INFO - Prompt processing progress: 520/520
2026-09-19 21:23:05,652 - INFO - Prompt Cache: 1 sequences, 0.07 GB
2026-09-19 21:23:05,652 - INFO - - assistant: 1 sequences, 0.07 GB
2026-09-19 21:23:05,652 - INFO - - user: 0 sequences, 0.00 GB
2026-09-19 21:23:05,652 - INFO - - system: 0 sequences, 0.00 GB
127.0.0.1 - - [19/Sep/2026 21:23:05] "POST /v1/chat/completions HTTP/1.1" 200 -
2026-09-19 21:23:06,104 - INFO - Prompt processing progress: 517/521
2026-09-19 21:23:06,153 - INFO - Prompt processing progress: 520/521
2026-09-19 21:23:06,175 - INFO - Prompt processing progress: 521/521
2026-09-19 21:23:09,390 - INFO - Prompt Cache: 1 sequences, 0.07 GB
2026-09-19 21:23:09,390 - INFO - - assistant: 1 sequences, 0.07 GB
2026-09-19 21:23:09,390 - INFO - - user: 0 sequences, 0.00 GB
2026-09-19 21:23:09,390 - INFO - - system: 0 sequences, 0.00 GB
127.0.0.1 - - [19/Sep/2026 21:23:09] "POST /v1/chat/completions HTTP/1.1" 200 -
2026-09-19 21:23:09,844 - INFO - Prompt processing progress: 517/521
2026-09-19 21:23:09,890 - INFO - Prompt processing progress: 520/521
2026-09-19 21:23:09,912 - INFO - Prompt processing progress: 521/521
2026-09-19 21:23:13,307 - INFO - Prompt Cache: 1 sequences, 0.07 GB
2026-09-19 21:23:13,307 - INFO - - assistant: 1 sequences, 0.07 GB
2026-09-19 21:23:13,307 - INFO - - user: 0 sequences, 0.00 GB
2026-09-19 21:23:13,307 - INFO - - system: 0 sequences, 0.00 GB
127.0.0.1 - - [19/Sep/2026 21:23:13] "POST /v1/chat/completions HTTP/1.1" 200 -
2026-09-19 21:23:13,741 - INFO - Prompt processing progress: 517/521
2026-09-19 21:23:13,786 - INFO - Prompt processing progress: 520/521
2026-09-19 21:23:13,806 - INFO - Prompt processing progress: 521/521
2026-09-19 21:23:16,788 - INFO - Prompt Cache: 1 sequences, 0.07 GB
2026-09-19 21:23:16,788 - INFO - - assistant: 1 sequences, 0.07 GB
2026-09-19 21:23:16,788 - INFO - - user: 0 sequences, 0.00 GB
2026-09-19 21:23:16,788 - INFO - - system: 0 sequences, 0.00 GB
127.0.0.1 - - [19/Sep/2026 21:23:16] "POST /v1/chat/completions HTTP/1.1" 200 -
2026-09-19 21:23:17,216 - INFO - Prompt processing progress: 517/521
2026-09-19 21:23:17,260 - INFO - Prompt processing progress: 520/521
2026-09-19 21:23:17,280 - INFO - Prompt processing progress: 521/521
2026-09-19 21:23:20,222 - INFO - Prompt Cache: 1 sequences, 0.07 GB
2026-09-19 21:23:20,222 - INFO - - assistant: 1 sequences, 0.07 GB
2026-09-19 21:23:20,222 - INFO - - user: 0 sequences, 0.00 GB
2026-09-19 21:23:20,222 - INFO - - system: 0 sequences, 0.00 GB
127.0.0.1 - - [19/Sep/2026 21:23:20] "POST /v1/chat/completions HTTP/1.1" 200 -
2026-09-19 21:23:20,652 - INFO - Prompt processing progress: 517/521
2026-09-19 21:23:20,695 - INFO - Prompt processing progress: 520/521
2026-09-19 21:23:20,715 - INFO - Prompt processing progress: 521/521
2026-09-19 21:23:23,683 - INFO - Prompt Cache: 1 sequences, 0.07 GB
2026-09-19 21:23:23,683 - INFO - - assistant: 1 sequences, 0.07 GB
2026-09-19 21:23:23,683 - INFO - - user: 0 sequences, 0.00 GB
2026-09-19 21:23:23,683 - INFO - - system: 0 sequences, 0.00 GB
127.0.0.1 - - [19/Sep/2026 21:23:23] "POST /v1/chat/completions HTTP/1.1" 200 -
2026-09-19 21:23:24,109 - INFO - Prompt processing progress: 517/521
2026-09-19 21:23:24,154 - INFO - Prompt processing progress: 520/521
2026-09-19 21:23:24,174 - INFO - Prompt processing progress: 521/521
2026-09-19 21:23:27,158 - INFO - Prompt Cache: 1 sequences, 0.07 GB
2026-09-19 21:23:27,158 - INFO - - assistant: 1 sequences, 0.07 GB
2026-09-19 21:23:27,158 - INFO - - user: 0 sequences, 0.00 GB
2026-09-19 21:23:27,158 - INFO - - system: 0 sequences, 0.00 GB
127.0.0.1 - - [19/Sep/2026 21:23:27] "POST /v1/chat/completions HTTP/1.1" 200 -
2026-09-19 21:23:27,610 - INFO - Prompt processing progress: 517/521
2026-09-19 21:23:27,659 - INFO - Prompt processing progress: 520/521
2026-09-19 21:23:27,684 - INFO - Prompt processing progress: 521/521
127.0.0.1 - - [19/Sep/2026 21:23:36] code 501, message Unsupported method ('HEAD')
127.0.0.1 - - [19/Sep/2026 21:23:36] "HEAD /metrics HTTP/1.1" 501 -
127.0.0.1 - - [19/Sep/2026 21:23:36] "GET /metrics HTTP/1.1" 404 -
2026-09-19 21:23:39,478 - INFO - Prompt Cache: 1 sequences, 0.07 GB
2026-09-19 21:23:39,478 - INFO - - assistant: 1 sequences, 0.07 GB
2026-09-19 21:23:39,478 - INFO - - user: 0 sequences, 0.00 GB
2026-09-19 21:23:39,478 - INFO - - system: 0 sequences, 0.00 GB
127.0.0.1 - - [19/Sep/2026 21:23:39] "POST /v1/chat/completions HTTP/1.1" 200 -
2026-09-19 21:23:41,571 - INFO - Prompt processing progress: 2048/2057
2026-09-19 21:23:41,634 - INFO - Prompt processing progress: 2053/2057
2026-09-19 21:23:41,698 - INFO - Prompt processing progress: 2056/2057
2026-09-19 21:23:41,724 - INFO - Prompt processing progress: 2057/2057
2026-09-19 21:23:45,175 - INFO - Prompt Cache: 1 sequences, 0.25 GB
2026-09-19 21:23:45,175 - INFO - - assistant: 1 sequences, 0.25 GB
2026-09-19 21:23:45,175 - INFO - - user: 0 sequences, 0.00 GB
2026-09-19 21:23:45,175 - INFO - - system: 0 sequences, 0.00 GB
127.0.0.1 - - [19/Sep/2026 21:23:45] "POST /v1/chat/completions HTTP/1.1" 200 -
2026-09-19 21:23:47,029 - INFO - Prompt processing progress: 2048/2057
2026-09-19 21:23:47,095 - INFO - Prompt processing progress: 2053/2057
2026-09-19 21:23:47,168 - INFO - Prompt processing progress: 2056/2057
2026-09-19 21:23:47,199 - INFO - Prompt processing progress: 2057/2057
2026-09-19 21:23:50,569 - INFO - Prompt Cache: 1 sequences, 0.25 GB
2026-09-19 21:23:50,569 - INFO - - assistant: 1 sequences, 0.25 GB
2026-09-19 21:23:50,569 - INFO - - user: 0 sequences, 0.00 GB
2026-09-19 21:23:50,569 - INFO - - system: 0 sequences, 0.00 GB
127.0.0.1 - - [19/Sep/2026 21:23:50] "POST /v1/chat/completions HTTP/1.1" 200 -
2026-09-19 21:23:52,402 - INFO - Prompt processing progress: 2048/2057
2026-09-19 21:23:52,463 - INFO - Prompt processing progress: 2053/2057
2026-09-19 21:23:52,527 - INFO - Prompt processing progress: 2056/2057
2026-09-19 21:23:52,552 - INFO - Prompt processing progress: 2057/2057
2026-09-19 21:23:55,894 - INFO - Prompt Cache: 1 sequences, 0.25 GB
2026-09-19 21:23:55,894 - INFO - - assistant: 1 sequences, 0.25 GB
2026-09-19 21:23:55,894 - INFO - - user: 0 sequences, 0.00 GB
2026-09-19 21:23:55,894 - INFO - - system: 0 sequences, 0.00 GB
127.0.0.1 - - [19/Sep/2026 21:23:55] "POST /v1/chat/completions HTTP/1.1" 200 -
2026-09-19 21:23:57,723 - INFO - Prompt processing progress: 2048/2057
2026-09-19 21:23:57,784 - INFO - Prompt processing progress: 2053/2057
2026-09-19 21:23:57,847 - INFO - Prompt processing progress: 2056/2057
2026-09-19 21:23:57,872 - INFO - Prompt processing progress: 2057/2057
2026-09-19 21:24:01,224 - INFO - Prompt Cache: 1 sequences, 0.25 GB
2026-09-19 21:24:01,224 - INFO - - assistant: 1 sequences, 0.25 GB
2026-09-19 21:24:01,224 - INFO - - user: 0 sequences, 0.00 GB
2026-09-19 21:24:01,224 - INFO - - system: 0 sequences, 0.00 GB
127.0.0.1 - - [19/Sep/2026 21:24:01] "POST /v1/chat/completions HTTP/1.1" 200 -
2026-09-19 21:24:03,050 - INFO - Prompt processing progress: 2048/2057
2026-09-19 21:24:03,111 - INFO - Prompt processing progress: 2053/2057
2026-09-19 21:24:03,174 - INFO - Prompt processing progress: 2056/2057
2026-09-19 21:24:03,199 - INFO - Prompt processing progress: 2057/2057
2026-09-19 21:24:06,534 - INFO - Prompt Cache: 1 sequences, 0.25 GB
2026-09-19 21:24:06,535 - INFO - - assistant: 1 sequences, 0.25 GB
2026-09-19 21:24:06,535 - INFO - - user: 0 sequences, 0.00 GB
2026-09-19 21:24:06,535 - INFO - - system: 0 sequences, 0.00 GB
127.0.0.1 - - [19/Sep/2026 21:24:06] "POST /v1/chat/completions HTTP/1.1" 200 -
2026-09-19 21:24:08,358 - INFO - Prompt processing progress: 2048/2057
2026-09-19 21:24:08,419 - INFO - Prompt processing progress: 2053/2057
2026-09-19 21:24:08,483 - INFO - Prompt processing progress: 2056/2057
2026-09-19 21:24:08,509 - INFO - Prompt processing progress: 2057/2057
2026-09-19 21:24:11,841 - INFO - Prompt Cache: 1 sequences, 0.25 GB
2026-09-19 21:24:11,841 - INFO - - assistant: 1 sequences, 0.25 GB
2026-09-19 21:24:11,841 - INFO - - user: 0 sequences, 0.00 GB
2026-09-19 21:24:11,841 - INFO - - system: 0 sequences, 0.00 GB
127.0.0.1 - - [19/Sep/2026 21:24:11] "POST /v1/chat/completions HTTP/1.1" 200 -
2026-09-19 21:24:13,663 - INFO - Prompt processing progress: 2048/2057
2026-09-19 21:24:13,726 - INFO - Prompt processing progress: 2053/2057
2026-09-19 21:24:13,791 - INFO - Prompt processing progress: 2056/2057
2026-09-19 21:24:13,815 - INFO - Prompt processing progress: 2057/2057
2026-09-19 21:24:17,209 - INFO - Prompt Cache: 1 sequences, 0.25 GB
2026-09-19 21:24:17,209 - INFO - - assistant: 1 sequences, 0.25 GB
2026-09-19 21:24:17,209 - INFO - - user: 0 sequences, 0.00 GB
2026-09-19 21:24:17,209 - INFO - - system: 0 sequences, 0.00 GB
127.0.0.1 - - [19/Sep/2026 21:24:17] "POST /v1/chat/completions HTTP/1.1" 200 -
2026-09-19 21:24:19,034 - INFO - Prompt processing progress: 2048/2057
2026-09-19 21:24:19,095 - INFO - Prompt processing progress: 2053/2057
2026-09-19 21:24:19,158 - INFO - Prompt processing progress: 2056/2057
2026-09-19 21:24:19,184 - INFO - Prompt processing progress: 2057/2057
2026-09-19 21:24:22,518 - INFO - Prompt Cache: 1 sequences, 0.25 GB
2026-09-19 21:24:22,518 - INFO - - assistant: 1 sequences, 0.25 GB
2026-09-19 21:24:22,518 - INFO - - user: 0 sequences, 0.00 GB
2026-09-19 21:24:22,518 - INFO - - system: 0 sequences, 0.00 GB
127.0.0.1 - - [19/Sep/2026 21:24:22] "POST /v1/chat/completions HTTP/1.1" 200 -
2026-09-19 21:24:24,341 - INFO - Prompt processing progress: 2048/2057
2026-09-19 21:24:24,402 - INFO - Prompt processing progress: 2053/2057
2026-09-19 21:24:24,465 - INFO - Prompt processing progress: 2056/2057
2026-09-19 21:24:24,491 - INFO - Prompt processing progress: 2057/2057
2026-09-19 21:24:26,225 - INFO - Prompt Cache: 1 sequences, 0.24 GB
2026-09-19 21:24:26,225 - INFO - - assistant: 1 sequences, 0.24 GB
2026-09-19 21:24:26,225 - INFO - - user: 0 sequences, 0.00 GB
2026-09-19 21:24:26,225 - INFO - - system: 0 sequences, 0.00 GB
127.0.0.1 - - [19/Sep/2026 21:24:26] "POST /v1/chat/completions HTTP/1.1" 200 -
2026-09-19 21:24:28,048 - INFO - Prompt processing progress: 2048/2057
2026-09-19 21:24:28,109 - INFO - Prompt processing progress: 2053/2057
2026-09-19 21:24:28,173 - INFO - Prompt processing progress: 2056/2057
2026-09-19 21:24:28,198 - INFO - Prompt processing progress: 2057/2057
2026-09-19 21:24:31,537 - INFO - Prompt Cache: 1 sequences, 0.25 GB
2026-09-19 21:24:31,537 - INFO - - assistant: 1 sequences, 0.25 GB
2026-09-19 21:24:31,537 - INFO - - user: 0 sequences, 0.00 GB
2026-09-19 21:24:31,537 - INFO - - system: 0 sequences, 0.00 GB
127.0.0.1 - - [19/Sep/2026 21:24:31] "POST /v1/chat/completions HTTP/1.1" 200 -
2026-09-19 21:24:33,359 - INFO - Prompt processing progress: 2048/2057
2026-09-19 21:24:33,420 - INFO - Prompt processing progress: 2053/2057
2026-09-19 21:24:33,483 - INFO - Prompt processing progress: 2056/2057
2026-09-19 21:24:33,509 - INFO - Prompt processing progress: 2057/2057
2026-09-19 21:24:36,840 - INFO - Prompt Cache: 1 sequences, 0.25 GB
2026-09-19 21:24:36,840 - INFO - - assistant: 1 sequences, 0.25 GB
2026-09-19 21:24:36,840 - INFO - - user: 0 sequences, 0.00 GB
2026-09-19 21:24:36,840 - INFO - - system: 0 sequences, 0.00 GB
127.0.0.1 - - [19/Sep/2026 21:24:36] "POST /v1/chat/completions HTTP/1.1" 200 -
2026-09-19 21:24:38,665 - INFO - Prompt processing progress: 2048/2057
2026-09-19 21:24:38,725 - INFO - Prompt processing progress: 2053/2057
2026-09-19 21:24:38,788 - INFO - Prompt processing progress: 2056/2057
2026-09-19 21:24:38,813 - INFO - Prompt processing progress: 2057/2057
2026-09-19 21:24:42,154 - INFO - Prompt Cache: 1 sequences, 0.25 GB
2026-09-19 21:24:42,155 - INFO - - assistant: 1 sequences, 0.25 GB
2026-09-19 21:24:42,155 - INFO - - user: 0 sequences, 0.00 GB
2026-09-19 21:24:42,155 - INFO - - system: 0 sequences, 0.00 GB
127.0.0.1 - - [19/Sep/2026 21:24:42] "POST /v1/chat/completions HTTP/1.1" 200 -
2026-09-19 21:24:43,976 - INFO - Prompt processing progress: 2048/2057
2026-09-19 21:24:44,037 - INFO - Prompt processing progress: 2053/2057
2026-09-19 21:24:44,100 - INFO - Prompt processing progress: 2056/2057
2026-09-19 21:24:44,126 - INFO - Prompt processing progress: 2057/2057
2026-09-19 21:24:47,471 - INFO - Prompt Cache: 1 sequences, 0.25 GB
2026-09-19 21:24:47,471 - INFO - - assistant: 1 sequences, 0.25 GB
2026-09-19 21:24:47,471 - INFO - - user: 0 sequences, 0.00 GB
2026-09-19 21:24:47,472 - INFO - - system: 0 sequences, 0.00 GB
127.0.0.1 - - [19/Sep/2026 21:24:47] "POST /v1/chat/completions HTTP/1.1" 200 -
2026-09-19 21:24:49,294 - INFO - Prompt processing progress: 2048/2057
2026-09-19 21:24:49,355 - INFO - Prompt processing progress: 2053/2057
2026-09-19 21:24:49,419 - INFO - Prompt processing progress: 2056/2057
2026-09-19 21:24:49,444 - INFO - Prompt processing progress: 2057/2057
2026-09-19 21:24:52,774 - INFO - Prompt Cache: 1 sequences, 0.25 GB
2026-09-19 21:24:52,774 - INFO - - assistant: 1 sequences, 0.25 GB
2026-09-19 21:24:52,774 - INFO - - user: 0 sequences, 0.00 GB
2026-09-19 21:24:52,774 - INFO - - system: 0 sequences, 0.00 GB
127.0.0.1 - - [19/Sep/2026 21:24:52] "POST /v1/chat/completions HTTP/1.1" 200 -
2026-09-19 21:24:54,599 - INFO - Prompt processing progress: 2048/2057
2026-09-19 21:24:54,659 - INFO - Prompt processing progress: 2053/2057
2026-09-19 21:24:54,723 - INFO - Prompt processing progress: 2056/2057
2026-09-19 21:24:54,748 - INFO - Prompt processing progress: 2057/2057
2026-09-19 21:24:58,082 - INFO - Prompt Cache: 1 sequences, 0.25 GB
2026-09-19 21:24:58,082 - INFO - - assistant: 1 sequences, 0.25 GB
2026-09-19 21:24:58,082 - INFO - - user: 0 sequences, 0.00 GB
2026-09-19 21:24:58,082 - INFO - - system: 0 sequences, 0.00 GB
127.0.0.1 - - [19/Sep/2026 21:24:58] "POST /v1/chat/completions HTTP/1.1" 200 -
2026-09-19 21:24:59,907 - INFO - Prompt processing progress: 2048/2057
2026-09-19 21:24:59,967 - INFO - Prompt processing progress: 2053/2057
2026-09-19 21:25:00,030 - INFO - Prompt processing progress: 2056/2057
2026-09-19 21:25:00,056 - INFO - Prompt processing progress: 2057/2057
2026-09-19 21:25:03,385 - INFO - Prompt Cache: 1 sequences, 0.25 GB
2026-09-19 21:25:03,385 - INFO - - assistant: 1 sequences, 0.25 GB
2026-09-19 21:25:03,385 - INFO - - user: 0 sequences, 0.00 GB
2026-09-19 21:25:03,385 - INFO - - system: 0 sequences, 0.00 GB
127.0.0.1 - - [19/Sep/2026 21:25:03] "POST /v1/chat/completions HTTP/1.1" 200 -
2026-09-19 21:25:05,206 - INFO - Prompt processing progress: 2048/2057
2026-09-19 21:25:05,266 - INFO - Prompt processing progress: 2053/2057
2026-09-19 21:25:05,330 - INFO - Prompt processing progress: 2056/2057
2026-09-19 21:25:05,355 - INFO - Prompt processing progress: 2057/2057
2026-09-19 21:25:08,685 - INFO - Prompt Cache: 1 sequences, 0.25 GB
2026-09-19 21:25:08,685 - INFO - - assistant: 1 sequences, 0.25 GB
2026-09-19 21:25:08,685 - INFO - - user: 0 sequences, 0.00 GB
2026-09-19 21:25:08,685 - INFO - - system: 0 sequences, 0.00 GB
127.0.0.1 - - [19/Sep/2026 21:25:08] "POST /v1/chat/completions HTTP/1.1" 200 -
2026-09-19 21:25:10,506 - INFO - Prompt processing progress: 2048/2057
2026-09-19 21:25:10,567 - INFO - Prompt processing progress: 2053/2057
2026-09-19 21:25:10,631 - INFO - Prompt processing progress: 2056/2057
2026-09-19 21:25:10,656 - INFO - Prompt processing progress: 2057/2057
2026-09-19 21:25:13,993 - INFO - Prompt Cache: 1 sequences, 0.25 GB
2026-09-19 21:25:13,993 - INFO - - assistant: 1 sequences, 0.25 GB
2026-09-19 21:25:13,993 - INFO - - user: 0 sequences, 0.00 GB
2026-09-19 21:25:13,993 - INFO - - system: 0 sequences, 0.00 GB
127.0.0.1 - - [19/Sep/2026 21:25:13] "POST /v1/chat/completions HTTP/1.1" 200 -
2026-09-19 21:25:15,815 - INFO - Prompt processing progress: 2048/2057
2026-09-19 21:25:15,876 - INFO - Prompt processing progress: 2053/2057
2026-09-19 21:25:15,939 - INFO - Prompt processing progress: 2056/2057
2026-09-19 21:25:15,965 - INFO - Prompt processing progress: 2057/2057
2026-09-19 21:25:19,296 - INFO - Prompt Cache: 1 sequences, 0.25 GB
2026-09-19 21:25:19,296 - INFO - - assistant: 1 sequences, 0.25 GB
2026-09-19 21:25:19,296 - INFO - - user: 0 sequences, 0.00 GB
2026-09-19 21:25:19,296 - INFO - - system: 0 sequences, 0.00 GB
127.0.0.1 - - [19/Sep/2026 21:25:19] "POST /v1/chat/completions HTTP/1.1" 200 -
2026-09-19 21:25:21,119 - INFO - Prompt processing progress: 2048/2057
2026-09-19 21:25:21,179 - INFO - Prompt processing progress: 2053/2057
2026-09-19 21:25:21,242 - INFO - Prompt processing progress: 2056/2057
2026-09-19 21:25:21,268 - INFO - Prompt processing progress: 2057/2057
2026-09-19 21:25:24,598 - INFO - Prompt Cache: 1 sequences, 0.25 GB
2026-09-19 21:25:24,598 - INFO - - assistant: 1 sequences, 0.25 GB
2026-09-19 21:25:24,598 - INFO - - user: 0 sequences, 0.00 GB
2026-09-19 21:25:24,598 - INFO - - system: 0 sequences, 0.00 GB
127.0.0.1 - - [19/Sep/2026 21:25:24] "POST /v1/chat/completions HTTP/1.1" 200 -
2026-09-19 21:25:26,430 - INFO - Prompt processing progress: 2048/2057
2026-09-19 21:25:26,490 - INFO - Prompt processing progress: 2053/2057
2026-09-19 21:25:26,554 - INFO - Prompt processing progress: 2056/2057
2026-09-19 21:25:26,580 - INFO - Prompt processing progress: 2057/2057
2026-09-19 21:25:29,913 - INFO - Prompt Cache: 1 sequences, 0.25 GB
2026-09-19 21:25:29,913 - INFO - - assistant: 1 sequences, 0.25 GB
2026-09-19 21:25:29,913 - INFO - - user: 0 sequences, 0.00 GB
2026-09-19 21:25:29,913 - INFO - - system: 0 sequences, 0.00 GB
127.0.0.1 - - [19/Sep/2026 21:25:29] "POST /v1/chat/completions HTTP/1.1" 200 -
2026-09-19 21:25:31,739 - INFO - Prompt processing progress: 2048/2057
2026-09-19 21:25:31,799 - INFO - Prompt processing progress: 2053/2057
2026-09-19 21:25:31,863 - INFO - Prompt processing progress: 2056/2057
2026-09-19 21:25:31,889 - INFO - Prompt processing progress: 2057/2057
2026-09-19 21:25:35,219 - INFO - Prompt Cache: 1 sequences, 0.25 GB
2026-09-19 21:25:35,219 - INFO - - assistant: 1 sequences, 0.25 GB
2026-09-19 21:25:35,219 - INFO - - user: 0 sequences, 0.00 GB
2026-09-19 21:25:35,219 - INFO - - system: 0 sequences, 0.00 GB
127.0.0.1 - - [19/Sep/2026 21:25:35] "POST /v1/chat/completions HTTP/1.1" 200 -
2026-09-19 21:25:37,042 - INFO - Prompt processing progress: 2048/2057
2026-09-19 21:25:37,102 - INFO - Prompt processing progress: 2053/2057
2026-09-19 21:25:37,165 - INFO - Prompt processing progress: 2056/2057
2026-09-19 21:25:37,191 - INFO - Prompt processing progress: 2057/2057
2026-09-19 21:25:40,523 - INFO - Prompt Cache: 1 sequences, 0.25 GB
2026-09-19 21:25:40,523 - INFO - - assistant: 1 sequences, 0.25 GB
2026-09-19 21:25:40,523 - INFO - - user: 0 sequences, 0.00 GB
2026-09-19 21:25:40,523 - INFO - - system: 0 sequences, 0.00 GB
127.0.0.1 - - [19/Sep/2026 21:25:40] "POST /v1/chat/completions HTTP/1.1" 200 -
2026-09-19 21:25:42,345 - INFO - Prompt processing progress: 2048/2057
2026-09-19 21:25:42,406 - INFO - Prompt processing progress: 2053/2057
2026-09-19 21:25:42,469 - INFO - Prompt processing progress: 2056/2057
2026-09-19 21:25:42,494 - INFO - Prompt processing progress: 2057/2057
2026-09-19 21:25:45,824 - INFO - Prompt Cache: 1 sequences, 0.25 GB
2026-09-19 21:25:45,824 - INFO - - assistant: 1 sequences, 0.25 GB
2026-09-19 21:25:45,824 - INFO - - user: 0 sequences, 0.00 GB
2026-09-19 21:25:45,824 - INFO - - system: 0 sequences, 0.00 GB
127.0.0.1 - - [19/Sep/2026 21:25:45] "POST /v1/chat/completions HTTP/1.1" 200 -
2026-09-19 21:25:47,645 - INFO - Prompt processing progress: 2048/2057
2026-09-19 21:25:47,706 - INFO - Prompt processing progress: 2053/2057
2026-09-19 21:25:47,769 - INFO - Prompt processing progress: 2056/2057
2026-09-19 21:25:47,795 - INFO - Prompt processing progress: 2057/2057
2026-09-19 21:25:51,124 - INFO - Prompt Cache: 1 sequences, 0.25 GB
2026-09-19 21:25:51,124 - INFO - - assistant: 1 sequences, 0.25 GB
2026-09-19 21:25:51,124 - INFO - - user: 0 sequences, 0.00 GB
2026-09-19 21:25:51,124 - INFO - - system: 0 sequences, 0.00 GB
127.0.0.1 - - [19/Sep/2026 21:25:51] "POST /v1/chat/completions HTTP/1.1" 200 -
2026-09-19 21:25:52,947 - INFO - Prompt processing progress: 2048/2057
2026-09-19 21:25:53,008 - INFO - Prompt processing progress: 2053/2057
2026-09-19 21:25:53,072 - INFO - Prompt processing progress: 2056/2057
2026-09-19 21:25:53,097 - INFO - Prompt processing progress: 2057/2057
2026-09-19 21:25:56,428 - INFO - Prompt Cache: 1 sequences, 0.25 GB
2026-09-19 21:25:56,428 - INFO - - assistant: 1 sequences, 0.25 GB
2026-09-19 21:25:56,428 - INFO - - user: 0 sequences, 0.00 GB
2026-09-19 21:25:56,428 - INFO - - system: 0 sequences, 0.00 GB
127.0.0.1 - - [19/Sep/2026 21:25:56] "POST /v1/chat/completions HTTP/1.1" 200 -
2026-09-19 21:25:58,252 - INFO - Prompt processing progress: 2048/2057
2026-09-19 21:25:58,313 - INFO - Prompt processing progress: 2053/2057
2026-09-19 21:25:58,376 - INFO - Prompt processing progress: 2056/2057
2026-09-19 21:25:58,402 - INFO - Prompt processing progress: 2057/2057
2026-09-19 21:26:01,756 - INFO - Prompt Cache: 1 sequences, 0.25 GB
2026-09-19 21:26:01,756 - INFO - - assistant: 1 sequences, 0.25 GB
2026-09-19 21:26:01,756 - INFO - - user: 0 sequences, 0.00 GB
2026-09-19 21:26:01,756 - INFO - - system: 0 sequences, 0.00 GB
127.0.0.1 - - [19/Sep/2026 21:26:01] "POST /v1/chat/completions HTTP/1.1" 200 -
2026-09-19 21:26:03,578 - INFO - Prompt processing progress: 2048/2057
2026-09-19 21:26:03,638 - INFO - Prompt processing progress: 2053/2057
2026-09-19 21:26:03,702 - INFO - Prompt processing progress: 2056/2057
2026-09-19 21:26:03,727 - INFO - Prompt processing progress: 2057/2057
2026-09-19 21:26:07,069 - INFO - Prompt Cache: 1 sequences, 0.25 GB
2026-09-19 21:26:07,069 - INFO - - assistant: 1 sequences, 0.25 GB
2026-09-19 21:26:07,069 - INFO - - user: 0 sequences, 0.00 GB
2026-09-19 21:26:07,069 - INFO - - system: 0 sequences, 0.00 GB
127.0.0.1 - - [19/Sep/2026 21:26:07] "POST /v1/chat/completions HTTP/1.1" 200 -
2026-09-19 21:26:08,894 - INFO - Prompt processing progress: 2048/2057
2026-09-19 21:26:08,955 - INFO - Prompt processing progress: 2053/2057
2026-09-19 21:26:09,018 - INFO - Prompt processing progress: 2056/2057
2026-09-19 21:26:09,043 - INFO - Prompt processing progress: 2057/2057
2026-09-19 21:26:12,395 - INFO - Prompt Cache: 1 sequences, 0.25 GB
2026-09-19 21:26:12,395 - INFO - - assistant: 1 sequences, 0.25 GB
2026-09-19 21:26:12,395 - INFO - - user: 0 sequences, 0.00 GB
2026-09-19 21:26:12,395 - INFO - - system: 0 sequences, 0.00 GB
127.0.0.1 - - [19/Sep/2026 21:26:12] "POST /v1/chat/completions HTTP/1.1" 200 -
2026-09-19 21:26:14,219 - INFO - Prompt processing progress: 2048/2057
2026-09-19 21:26:14,280 - INFO - Prompt processing progress: 2053/2057
2026-09-19 21:26:14,344 - INFO - Prompt processing progress: 2056/2057
2026-09-19 21:26:14,369 - INFO - Prompt processing progress: 2057/2057
2026-09-19 21:26:17,702 - INFO - Prompt Cache: 1 sequences, 0.25 GB
2026-09-19 21:26:17,703 - INFO - - assistant: 1 sequences, 0.25 GB
2026-09-19 21:26:17,703 - INFO - - user: 0 sequences, 0.00 GB
2026-09-19 21:26:17,703 - INFO - - system: 0 sequences, 0.00 GB
127.0.0.1 - - [19/Sep/2026 21:26:17] "POST /v1/chat/completions HTTP/1.1" 200 -
2026-09-19 21:26:19,527 - INFO - Prompt processing progress: 2048/2057
2026-09-19 21:26:19,587 - INFO - Prompt processing progress: 2053/2057
2026-09-19 21:26:19,651 - INFO - Prompt processing progress: 2056/2057
2026-09-19 21:26:19,676 - INFO - Prompt processing progress: 2057/2057
2026-09-19 21:26:23,304 - INFO - Prompt Cache: 1 sequences, 0.25 GB
2026-09-19 21:26:23,304 - INFO - - assistant: 1 sequences, 0.25 GB
2026-09-19 21:26:23,304 - INFO - - user: 0 sequences, 0.00 GB
2026-09-19 21:26:23,304 - INFO - - system: 0 sequences, 0.00 GB
127.0.0.1 - - [19/Sep/2026 21:26:23] "POST /v1/chat/completions HTTP/1.1" 200 -
2026-09-19 21:26:25,149 - INFO - Prompt processing progress: 2048/2057
2026-09-19 21:26:25,211 - INFO - Prompt processing progress: 2053/2057
2026-09-19 21:26:25,275 - INFO - Prompt processing progress: 2056/2057
2026-09-19 21:26:25,300 - INFO - Prompt processing progress: 2057/2057
2026-09-19 21:26:28,660 - INFO - Prompt Cache: 1 sequences, 0.25 GB
2026-09-19 21:26:28,660 - INFO - - assistant: 1 sequences, 0.25 GB
2026-09-19 21:26:28,660 - INFO - - user: 0 sequences, 0.00 GB
2026-09-19 21:26:28,660 - INFO - - system: 0 sequences, 0.00 GB
127.0.0.1 - - [19/Sep/2026 21:26:28] "POST /v1/chat/completions HTTP/1.1" 200 -
2026-09-19 21:26:30,486 - INFO - Prompt processing progress: 2048/2057
2026-09-19 21:26:30,547 - INFO - Prompt processing progress: 2053/2057
2026-09-19 21:26:30,610 - INFO - Prompt processing progress: 2056/2057
2026-09-19 21:26:30,635 - INFO - Prompt processing progress: 2057/2057
2026-09-19 21:26:33,963 - INFO - Prompt Cache: 1 sequences, 0.25 GB
2026-09-19 21:26:33,963 - INFO - - assistant: 1 sequences, 0.25 GB
2026-09-19 21:26:33,963 - INFO - - user: 0 sequences, 0.00 GB
2026-09-19 21:26:33,963 - INFO - - system: 0 sequences, 0.00 GB
127.0.0.1 - - [19/Sep/2026 21:26:33] "POST /v1/chat/completions HTTP/1.1" 200 -
2026-09-19 21:26:35,783 - INFO - Prompt processing progress: 2048/2057
2026-09-19 21:26:35,843 - INFO - Prompt processing progress: 2053/2057
2026-09-19 21:26:35,907 - INFO - Prompt processing progress: 2056/2057
2026-09-19 21:26:35,933 - INFO - Prompt processing progress: 2057/2057
2026-09-19 21:26:39,275 - INFO - Prompt Cache: 1 sequences, 0.25 GB
2026-09-19 21:26:39,275 - INFO - - assistant: 1 sequences, 0.25 GB
2026-09-19 21:26:39,275 - INFO - - user: 0 sequences, 0.00 GB
2026-09-19 21:26:39,275 - INFO - - system: 0 sequences, 0.00 GB
127.0.0.1 - - [19/Sep/2026 21:26:39] "POST /v1/chat/completions HTTP/1.1" 200 -
2026-09-19 21:26:41,097 - INFO - Prompt processing progress: 2048/2057
2026-09-19 21:26:41,157 - INFO - Prompt processing progress: 2053/2057
2026-09-19 21:26:41,220 - INFO - Prompt processing progress: 2056/2057
2026-09-19 21:26:41,245 - INFO - Prompt processing progress: 2057/2057
2026-09-19 21:26:44,572 - INFO - Prompt Cache: 1 sequences, 0.25 GB
2026-09-19 21:26:44,572 - INFO - - assistant: 1 sequences, 0.25 GB
2026-09-19 21:26:44,572 - INFO - - user: 0 sequences, 0.00 GB
2026-09-19 21:26:44,572 - INFO - - system: 0 sequences, 0.00 GB
127.0.0.1 - - [19/Sep/2026 21:26:44] "POST /v1/chat/completions HTTP/1.1" 200 -
2026-09-19 21:26:46,393 - INFO - Prompt processing progress: 2048/2057
2026-09-19 21:26:46,454 - INFO - Prompt processing progress: 2053/2057
2026-09-19 21:26:46,516 - INFO - Prompt processing progress: 2056/2057
2026-09-19 21:26:46,542 - INFO - Prompt processing progress: 2057/2057
2026-09-19 21:26:48,835 - INFO - Prompt Cache: 1 sequences, 0.25 GB
2026-09-19 21:26:48,835 - INFO - - assistant: 1 sequences, 0.25 GB
2026-09-19 21:26:48,835 - INFO - - user: 0 sequences, 0.00 GB
2026-09-19 21:26:48,835 - INFO - - system: 0 sequences, 0.00 GB
127.0.0.1 - - [19/Sep/2026 21:26:48] "POST /v1/chat/completions HTTP/1.1" 200 -
2026-09-19 21:26:50,656 - INFO - Prompt processing progress: 2048/2057
2026-09-19 21:26:50,717 - INFO - Prompt processing progress: 2053/2057
2026-09-19 21:26:50,780 - INFO - Prompt processing progress: 2056/2057
2026-09-19 21:26:50,805 - INFO - Prompt processing progress: 2057/2057
2026-09-19 21:26:54,130 - INFO - Prompt Cache: 1 sequences, 0.25 GB
2026-09-19 21:26:54,130 - INFO - - assistant: 1 sequences, 0.25 GB
2026-09-19 21:26:54,130 - INFO - - user: 0 sequences, 0.00 GB
2026-09-19 21:26:54,130 - INFO - - system: 0 sequences, 0.00 GB
127.0.0.1 - - [19/Sep/2026 21:26:54] "POST /v1/chat/completions HTTP/1.1" 200 -
2026-09-19 21:26:55,957 - INFO - Prompt processing progress: 2048/2057
2026-09-19 21:26:56,019 - INFO - Prompt processing progress: 2053/2057
2026-09-19 21:26:56,084 - INFO - Prompt processing progress: 2056/2057
2026-09-19 21:26:56,108 - INFO - Prompt processing progress: 2057/2057
2026-09-19 21:26:59,567 - INFO - Prompt Cache: 1 sequences, 0.25 GB
2026-09-19 21:26:59,567 - INFO - - assistant: 1 sequences, 0.25 GB
2026-09-19 21:26:59,567 - INFO - - user: 0 sequences, 0.00 GB
2026-09-19 21:26:59,567 - INFO - - system: 0 sequences, 0.00 GB
127.0.0.1 - - [19/Sep/2026 21:26:59] "POST /v1/chat/completions HTTP/1.1" 200 -
2026-09-19 21:27:01,429 - INFO - Prompt processing progress: 2048/2057
2026-09-19 21:27:01,494 - INFO - Prompt processing progress: 2053/2057
2026-09-19 21:27:01,563 - INFO - Prompt processing progress: 2056/2057
2026-09-19 21:27:01,589 - INFO - Prompt processing progress: 2057/2057
2026-09-19 21:27:05,106 - INFO - Prompt Cache: 1 sequences, 0.25 GB
2026-09-19 21:27:05,106 - INFO - - assistant: 1 sequences, 0.25 GB
2026-09-19 21:27:05,106 - INFO - - user: 0 sequences, 0.00 GB
2026-09-19 21:27:05,106 - INFO - - system: 0 sequences, 0.00 GB
127.0.0.1 - - [19/Sep/2026 21:27:05] "POST /v1/chat/completions HTTP/1.1" 200 -
2026-09-19 21:27:06,954 - INFO - Prompt processing progress: 2048/2057
2026-09-19 21:27:07,017 - INFO - Prompt processing progress: 2053/2057
2026-09-19 21:27:07,084 - INFO - Prompt processing progress: 2056/2057
2026-09-19 21:27:07,110 - INFO - Prompt processing progress: 2057/2057
2026-09-19 21:27:10,606 - INFO - Prompt Cache: 1 sequences, 0.25 GB
2026-09-19 21:27:10,606 - INFO - - assistant: 1 sequences, 0.25 GB
2026-09-19 21:27:10,606 - INFO - - user: 0 sequences, 0.00 GB
2026-09-19 21:27:10,607 - INFO - - system: 0 sequences, 0.00 GB
127.0.0.1 - - [19/Sep/2026 21:27:10] "POST /v1/chat/completions HTTP/1.1" 200 -
2026-09-19 21:27:12,451 - INFO - Prompt processing progress: 2048/2057
2026-09-19 21:27:12,516 - INFO - Prompt processing progress: 2053/2057
2026-09-19 21:27:12,582 - INFO - Prompt processing progress: 2056/2057
2026-09-19 21:27:12,607 - INFO - Prompt processing progress: 2057/2057
2026-09-19 21:27:16,110 - INFO - Prompt Cache: 1 sequences, 0.25 GB
2026-09-19 21:27:16,110 - INFO - - assistant: 1 sequences, 0.25 GB
2026-09-19 21:27:16,110 - INFO - - user: 0 sequences, 0.00 GB
2026-09-19 21:27:16,110 - INFO - - system: 0 sequences, 0.00 GB
127.0.0.1 - - [19/Sep/2026 21:27:16] "POST /v1/chat/completions HTTP/1.1" 200 -
2026-09-19 21:27:17,970 - INFO - Prompt processing progress: 2048/2057
2026-09-19 21:27:18,033 - INFO - Prompt processing progress: 2053/2057
2026-09-19 21:27:18,101 - INFO - Prompt processing progress: 2056/2057
2026-09-19 21:27:18,126 - INFO - Prompt processing progress: 2057/2057
2026-09-19 21:27:21,788 - INFO - Prompt Cache: 1 sequences, 0.25 GB
2026-09-19 21:27:21,788 - INFO - - assistant: 1 sequences, 0.25 GB
2026-09-19 21:27:21,788 - INFO - - user: 0 sequences, 0.00 GB
2026-09-19 21:27:21,788 - INFO - - system: 0 sequences, 0.00 GB
127.0.0.1 - - [19/Sep/2026 21:27:21] "POST /v1/chat/completions HTTP/1.1" 200 -
2026-09-19 21:27:23,678 - INFO - Prompt processing progress: 2048/2057
2026-09-19 21:27:23,742 - INFO - Prompt processing progress: 2053/2057
2026-09-19 21:27:23,809 - INFO - Prompt processing progress: 2056/2057
2026-09-19 21:27:23,840 - INFO - Prompt processing progress: 2057/2057
2026-09-19 21:27:27,978 - INFO - Prompt Cache: 1 sequences, 0.25 GB
2026-09-19 21:27:27,979 - INFO - - assistant: 1 sequences, 0.25 GB
2026-09-19 21:27:27,979 - INFO - - user: 0 sequences, 0.00 GB
2026-09-19 21:27:27,979 - INFO - - system: 0 sequences, 0.00 GB
127.0.0.1 - - [19/Sep/2026 21:27:27] "POST /v1/chat/completions HTTP/1.1" 200 -
2026-09-19 21:27:29,953 - INFO - Prompt processing progress: 2048/2057
2026-09-19 21:27:30,030 - INFO - Prompt processing progress: 2053/2057
2026-09-19 21:27:30,112 - INFO - Prompt processing progress: 2056/2057
2026-09-19 21:27:30,142 - INFO - Prompt processing progress: 2057/2057
2026-09-19 21:27:34,116 - INFO - Prompt Cache: 1 sequences, 0.25 GB
2026-09-19 21:27:34,116 - INFO - - assistant: 1 sequences, 0.25 GB
2026-09-19 21:27:34,116 - INFO - - user: 0 sequences, 0.00 GB
2026-09-19 21:27:34,116 - INFO - - system: 0 sequences, 0.00 GB
127.0.0.1 - - [19/Sep/2026 21:27:34] "POST /v1/chat/completions HTTP/1.1" 200 -
2026-09-19 21:27:35,980 - INFO - Prompt processing progress: 2048/2057
2026-09-19 21:27:36,048 - INFO - Prompt processing progress: 2053/2057
2026-09-19 21:27:36,117 - INFO - Prompt processing progress: 2056/2057
2026-09-19 21:27:36,145 - INFO - Prompt processing progress: 2057/2057
2026-09-19 21:27:40,412 - INFO - Prompt Cache: 1 sequences, 0.25 GB
2026-09-19 21:27:40,412 - INFO - - assistant: 1 sequences, 0.25 GB
2026-09-19 21:27:40,412 - INFO - - user: 0 sequences, 0.00 GB
2026-09-19 21:27:40,412 - INFO - - system: 0 sequences, 0.00 GB
127.0.0.1 - - [19/Sep/2026 21:27:40] "POST /v1/chat/completions HTTP/1.1" 200 -
2026-09-19 21:27:42,296 - INFO - Prompt processing progress: 2048/2057
2026-09-19 21:27:42,365 - INFO - Prompt processing progress: 2053/2057
2026-09-19 21:27:42,434 - INFO - Prompt processing progress: 2056/2057
2026-09-19 21:27:42,461 - INFO - Prompt processing progress: 2057/2057
2026-09-19 21:27:42,674 - INFO - Prompt Cache: 1 sequences, 0.24 GB
2026-09-19 21:27:42,674 - INFO - - assistant: 1 sequences, 0.24 GB
2026-09-19 21:27:42,674 - INFO - - user: 0 sequences, 0.00 GB
2026-09-19 21:27:42,674 - INFO - - system: 0 sequences, 0.00 GB
127.0.0.1 - - [19/Sep/2026 21:27:42] "POST /v1/chat/completions HTTP/1.1" 200 -
2026-09-19 21:27:44,720 - INFO - Prompt processing progress: 2048/2057
2026-09-19 21:27:44,787 - INFO - Prompt processing progress: 2053/2057
2026-09-19 21:27:44,852 - INFO - Prompt processing progress: 2056/2057
2026-09-19 21:27:44,879 - INFO - Prompt processing progress: 2057/2057
2026-09-19 21:27:49,106 - INFO - Prompt Cache: 1 sequences, 0.25 GB
2026-09-19 21:27:49,106 - INFO - - assistant: 1 sequences, 0.25 GB
2026-09-19 21:27:49,106 - INFO - - user: 0 sequences, 0.00 GB
2026-09-19 21:27:49,106 - INFO - - system: 0 sequences, 0.00 GB
127.0.0.1 - - [19/Sep/2026 21:27:49] "POST /v1/chat/completions HTTP/1.1" 200 -
2026-09-19 21:27:51,010 - INFO - Prompt processing progress: 2048/2057
2026-09-19 21:27:51,072 - INFO - Prompt processing progress: 2053/2057
2026-09-19 21:27:51,138 - INFO - Prompt processing progress: 2056/2057
2026-09-19 21:27:51,162 - INFO - Prompt processing progress: 2057/2057
2026-09-19 21:27:54,676 - INFO - Prompt Cache: 1 sequences, 0.25 GB
2026-09-19 21:27:54,676 - INFO - - assistant: 1 sequences, 0.25 GB
2026-09-19 21:27:54,676 - INFO - - user: 0 sequences, 0.00 GB
2026-09-19 21:27:54,676 - INFO - - system: 0 sequences, 0.00 GB
127.0.0.1 - - [19/Sep/2026 21:27:54] "POST /v1/chat/completions HTTP/1.1" 200 -
2026-09-19 21:27:56,525 - INFO - Prompt processing progress: 2048/2057
2026-09-19 21:27:56,587 - INFO - Prompt processing progress: 2053/2057
2026-09-19 21:27:56,650 - INFO - Prompt processing progress: 2056/2057
2026-09-19 21:27:56,675 - INFO - Prompt processing progress: 2057/2057
2026-09-19 21:28:00,016 - INFO - Prompt Cache: 1 sequences, 0.25 GB
2026-09-19 21:28:00,016 - INFO - - assistant: 1 sequences, 0.25 GB
2026-09-19 21:28:00,016 - INFO - - user: 0 sequences, 0.00 GB
2026-09-19 21:28:00,016 - INFO - - system: 0 sequences, 0.00 GB
127.0.0.1 - - [19/Sep/2026 21:28:00] "POST /v1/chat/completions HTTP/1.1" 200 -
2026-09-19 21:28:01,864 - INFO - Prompt processing progress: 2048/2057
2026-09-19 21:28:01,926 - INFO - Prompt processing progress: 2053/2057
2026-09-19 21:28:01,989 - INFO - Prompt processing progress: 2056/2057
2026-09-19 21:28:02,013 - INFO - Prompt processing progress: 2057/2057
2026-09-19 21:28:05,384 - INFO - Prompt Cache: 1 sequences, 0.25 GB
2026-09-19 21:28:05,384 - INFO - - assistant: 1 sequences, 0.25 GB
2026-09-19 21:28:05,384 - INFO - - user: 0 sequences, 0.00 GB
2026-09-19 21:28:05,384 - INFO - - system: 0 sequences, 0.00 GB
127.0.0.1 - - [19/Sep/2026 21:28:05] "POST /v1/chat/completions HTTP/1.1" 200 -
2026-09-19 21:28:07,219 - INFO - Prompt processing progress: 2048/2057
2026-09-19 21:28:07,280 - INFO - Prompt processing progress: 2053/2057
2026-09-19 21:28:07,342 - INFO - Prompt processing progress: 2056/2057
2026-09-19 21:28:07,366 - INFO - Prompt processing progress: 2057/2057
2026-09-19 21:28:10,703 - INFO - Prompt Cache: 1 sequences, 0.25 GB
2026-09-19 21:28:10,703 - INFO - - assistant: 1 sequences, 0.25 GB
2026-09-19 21:28:10,703 - INFO - - user: 0 sequences, 0.00 GB
2026-09-19 21:28:10,703 - INFO - - system: 0 sequences, 0.00 GB
127.0.0.1 - - [19/Sep/2026 21:28:10] "POST /v1/chat/completions HTTP/1.1" 200 -
2026-09-19 21:28:12,529 - INFO - Prompt processing progress: 2048/2057
2026-09-19 21:28:12,590 - INFO - Prompt processing progress: 2053/2057
2026-09-19 21:28:12,652 - INFO - Prompt processing progress: 2056/2057
2026-09-19 21:28:12,676 - INFO - Prompt processing progress: 2057/2057
2026-09-19 21:28:16,017 - INFO - Prompt Cache: 1 sequences, 0.25 GB
2026-09-19 21:28:16,017 - INFO - - assistant: 1 sequences, 0.25 GB
2026-09-19 21:28:16,017 - INFO - - user: 0 sequences, 0.00 GB
2026-09-19 21:28:16,017 - INFO - - system: 0 sequences, 0.00 GB
127.0.0.1 - - [19/Sep/2026 21:28:16] "POST /v1/chat/completions HTTP/1.1" 200 -
2026-09-19 21:28:17,844 - INFO - Prompt processing progress: 2048/2057
2026-09-19 21:28:17,904 - INFO - Prompt processing progress: 2053/2057
2026-09-19 21:28:17,967 - INFO - Prompt processing progress: 2056/2057
2026-09-19 21:28:17,992 - INFO - Prompt processing progress: 2057/2057
2026-09-19 21:28:21,371 - INFO - Prompt Cache: 1 sequences, 0.25 GB
2026-09-19 21:28:21,371 - INFO - - assistant: 1 sequences, 0.25 GB
2026-09-19 21:28:21,371 - INFO - - user: 0 sequences, 0.00 GB
2026-09-19 21:28:21,371 - INFO - - system: 0 sequences, 0.00 GB
127.0.0.1 - - [19/Sep/2026 21:28:21] "POST /v1/chat/completions HTTP/1.1" 200 -
2026-09-19 21:28:23,194 - INFO - Prompt processing progress: 2048/2057
2026-09-19 21:28:23,254 - INFO - Prompt processing progress: 2053/2057
2026-09-19 21:28:23,316 - INFO - Prompt processing progress: 2056/2057
2026-09-19 21:28:23,341 - INFO - Prompt processing progress: 2057/2057
2026-09-19 21:28:26,690 - INFO - Prompt Cache: 1 sequences, 0.25 GB
2026-09-19 21:28:26,690 - INFO - - assistant: 1 sequences, 0.25 GB
2026-09-19 21:28:26,690 - INFO - - user: 0 sequences, 0.00 GB
2026-09-19 21:28:26,690 - INFO - - system: 0 sequences, 0.00 GB
127.0.0.1 - - [19/Sep/2026 21:28:26] "POST /v1/chat/completions HTTP/1.1" 200 -
2026-09-19 21:28:28,517 - INFO - Prompt processing progress: 2048/2057
2026-09-19 21:28:28,578 - INFO - Prompt processing progress: 2053/2057
2026-09-19 21:28:28,641 - INFO - Prompt processing progress: 2056/2057
2026-09-19 21:28:28,665 - INFO - Prompt processing progress: 2057/2057
2026-09-19 21:28:32,096 - INFO - Prompt Cache: 1 sequences, 0.25 GB
2026-09-19 21:28:32,096 - INFO - - assistant: 1 sequences, 0.25 GB
2026-09-19 21:28:32,096 - INFO - - user: 0 sequences, 0.00 GB
2026-09-19 21:28:32,096 - INFO - - system: 0 sequences, 0.00 GB
127.0.0.1 - - [19/Sep/2026 21:28:32] "POST /v1/chat/completions HTTP/1.1" 200 -
2026-09-19 21:28:33,968 - INFO - Prompt processing progress: 2048/2057
2026-09-19 21:28:34,036 - INFO - Prompt processing progress: 2053/2057
2026-09-19 21:28:34,104 - INFO - Prompt processing progress: 2056/2057
2026-09-19 21:28:34,130 - INFO - Prompt processing progress: 2057/2057
2026-09-19 21:28:38,214 - INFO - Prompt Cache: 1 sequences, 0.25 GB
2026-09-19 21:28:38,214 - INFO - - assistant: 1 sequences, 0.25 GB
2026-09-19 21:28:38,214 - INFO - - user: 0 sequences, 0.00 GB
2026-09-19 21:28:38,214 - INFO - - system: 0 sequences, 0.00 GB
127.0.0.1 - - [19/Sep/2026 21:28:38] "POST /v1/chat/completions HTTP/1.1" 200 -
2026-09-19 21:28:40,087 - INFO - Prompt processing progress: 2048/2057
2026-09-19 21:28:40,152 - INFO - Prompt processing progress: 2053/2057
2026-09-19 21:28:40,218 - INFO - Prompt processing progress: 2056/2057
2026-09-19 21:28:40,245 - INFO - Prompt processing progress: 2057/2057
2026-09-19 21:28:44,740 - INFO - Prompt Cache: 1 sequences, 0.25 GB
2026-09-19 21:28:44,740 - INFO - - assistant: 1 sequences, 0.25 GB
2026-09-19 21:28:44,740 - INFO - - user: 0 sequences, 0.00 GB
2026-09-19 21:28:44,740 - INFO - - system: 0 sequences, 0.00 GB
127.0.0.1 - - [19/Sep/2026 21:28:44] "POST /v1/chat/completions HTTP/1.1" 200 -
2026-09-19 21:28:46,681 - INFO - Prompt processing progress: 2048/2057
2026-09-19 21:28:46,753 - INFO - Prompt processing progress: 2053/2057
2026-09-19 21:28:46,826 - INFO - Prompt processing progress: 2056/2057
2026-09-19 21:28:46,855 - INFO - Prompt processing progress: 2057/2057
2026-09-19 21:28:51,358 - INFO - Prompt Cache: 1 sequences, 0.25 GB
2026-09-19 21:28:51,358 - INFO - - assistant: 1 sequences, 0.25 GB
2026-09-19 21:28:51,358 - INFO - - user: 0 sequences, 0.00 GB
2026-09-19 21:28:51,358 - INFO - - system: 0 sequences, 0.00 GB
127.0.0.1 - - [19/Sep/2026 21:28:51] "POST /v1/chat/completions HTTP/1.1" 200 -
2026-09-19 21:28:53,293 - INFO - Prompt processing progress: 2048/2057
2026-09-19 21:28:53,363 - INFO - Prompt processing progress: 2053/2057
2026-09-19 21:28:53,437 - INFO - Prompt processing progress: 2056/2057
2026-09-19 21:28:53,465 - INFO - Prompt processing progress: 2057/2057
2026-09-19 21:28:57,900 - INFO - Prompt Cache: 1 sequences, 0.25 GB
2026-09-19 21:28:57,900 - INFO - - assistant: 1 sequences, 0.25 GB
2026-09-19 21:28:57,900 - INFO - - user: 0 sequences, 0.00 GB
2026-09-19 21:28:57,900 - INFO - - system: 0 sequences, 0.00 GB
127.0.0.1 - - [19/Sep/2026 21:28:57] "POST /v1/chat/completions HTTP/1.1" 200 -
2026-09-19 21:28:59,838 - INFO - Prompt processing progress: 2048/2057
2026-09-19 21:28:59,910 - INFO - Prompt processing progress: 2053/2057
2026-09-19 21:28:59,979 - INFO - Prompt processing progress: 2056/2057
2026-09-19 21:29:00,006 - INFO - Prompt processing progress: 2057/2057
2026-09-19 21:29:04,490 - INFO - Prompt Cache: 1 sequences, 0.25 GB
2026-09-19 21:29:04,490 - INFO - - assistant: 1 sequences, 0.25 GB
2026-09-19 21:29:04,490 - INFO - - user: 0 sequences, 0.00 GB
2026-09-19 21:29:04,490 - INFO - - system: 0 sequences, 0.00 GB
127.0.0.1 - - [19/Sep/2026 21:29:04] "POST /v1/chat/completions HTTP/1.1" 200 -
2026-09-19 21:29:06,358 - INFO - Prompt processing progress: 2048/2057
2026-09-19 21:29:06,422 - INFO - Prompt processing progress: 2053/2057
2026-09-19 21:29:06,488 - INFO - Prompt processing progress: 2056/2057
2026-09-19 21:29:06,512 - INFO - Prompt processing progress: 2057/2057
2026-09-19 21:29:09,859 - INFO - Prompt Cache: 1 sequences, 0.25 GB
2026-09-19 21:29:09,859 - INFO - - assistant: 1 sequences, 0.25 GB
2026-09-19 21:29:09,859 - INFO - - user: 0 sequences, 0.00 GB
2026-09-19 21:29:09,859 - INFO - - system: 0 sequences, 0.00 GB
127.0.0.1 - - [19/Sep/2026 21:29:09] "POST /v1/chat/completions HTTP/1.1" 200 -
2026-09-19 21:29:11,684 - INFO - Prompt processing progress: 2048/2057
2026-09-19 21:29:11,745 - INFO - Prompt processing progress: 2053/2057
2026-09-19 21:29:11,807 - INFO - Prompt processing progress: 2056/2057
2026-09-19 21:29:11,831 - INFO - Prompt processing progress: 2057/2057
2026-09-19 21:29:15,152 - INFO - Prompt Cache: 1 sequences, 0.25 GB
2026-09-19 21:29:15,152 - INFO - - assistant: 1 sequences, 0.25 GB
2026-09-19 21:29:15,152 - INFO - - user: 0 sequences, 0.00 GB
2026-09-19 21:29:15,152 - INFO - - system: 0 sequences, 0.00 GB
127.0.0.1 - - [19/Sep/2026 21:29:15] "POST /v1/chat/completions HTTP/1.1" 200 -
2026-09-19 21:29:16,977 - INFO - Prompt processing progress: 2048/2057
2026-09-19 21:29:17,038 - INFO - Prompt processing progress: 2053/2057
2026-09-19 21:29:17,100 - INFO - Prompt processing progress: 2056/2057
2026-09-19 21:29:17,124 - INFO - Prompt processing progress: 2057/2057
2026-09-19 21:29:20,445 - INFO - Prompt Cache: 1 sequences, 0.25 GB
2026-09-19 21:29:20,445 - INFO - - assistant: 1 sequences, 0.25 GB
2026-09-19 21:29:20,445 - INFO - - user: 0 sequences, 0.00 GB
2026-09-19 21:29:20,445 - INFO - - system: 0 sequences, 0.00 GB
127.0.0.1 - - [19/Sep/2026 21:29:20] "POST /v1/chat/completions HTTP/1.1" 200 -
2026-09-19 21:29:22,267 - INFO - Prompt processing progress: 2048/2057
2026-09-19 21:29:22,328 - INFO - Prompt processing progress: 2053/2057
2026-09-19 21:29:22,392 - INFO - Prompt processing progress: 2056/2057
2026-09-19 21:29:22,416 - INFO - Prompt processing progress: 2057/2057
2026-09-19 21:29:26,972 - INFO - Prompt Cache: 1 sequences, 0.25 GB
2026-09-19 21:29:26,972 - INFO - - assistant: 1 sequences, 0.25 GB
2026-09-19 21:29:26,972 - INFO - - user: 0 sequences, 0.00 GB
2026-09-19 21:29:26,972 - INFO - - system: 0 sequences, 0.00 GB
127.0.0.1 - - [19/Sep/2026 21:29:26] "POST /v1/chat/completions HTTP/1.1" 200 -
2026-09-19 21:29:28,935 - INFO - Prompt processing progress: 2048/2057
2026-09-19 21:29:29,008 - INFO - Prompt processing progress: 2053/2057
2026-09-19 21:29:29,082 - INFO - Prompt processing progress: 2056/2057
2026-09-19 21:29:29,109 - INFO - Prompt processing progress: 2057/2057
2026-09-19 21:29:33,589 - INFO - Prompt Cache: 1 sequences, 0.25 GB
2026-09-19 21:29:33,589 - INFO - - assistant: 1 sequences, 0.25 GB
2026-09-19 21:29:33,589 - INFO - - user: 0 sequences, 0.00 GB
2026-09-19 21:29:33,589 - INFO - - system: 0 sequences, 0.00 GB
127.0.0.1 - - [19/Sep/2026 21:29:33] "POST /v1/chat/completions HTTP/1.1" 200 -
2026-09-19 21:29:35,867 - INFO - Prompt processing progress: 2048/2057
2026-09-19 21:29:35,949 - INFO - Prompt processing progress: 2053/2057
2026-09-19 21:29:36,032 - INFO - Prompt processing progress: 2056/2057
2026-09-19 21:29:36,059 - INFO - Prompt processing progress: 2057/2057
2026-09-19 21:29:40,659 - INFO - Prompt Cache: 1 sequences, 0.25 GB
2026-09-19 21:29:40,659 - INFO - - assistant: 1 sequences, 0.25 GB
2026-09-19 21:29:40,659 - INFO - - user: 0 sequences, 0.00 GB
2026-09-19 21:29:40,659 - INFO - - system: 0 sequences, 0.00 GB
127.0.0.1 - - [19/Sep/2026 21:29:40] "POST /v1/chat/completions HTTP/1.1" 200 -
2026-09-19 21:29:43,008 - INFO - Prompt processing progress: 2048/2057
2026-09-19 21:29:43,088 - INFO - Prompt processing progress: 2053/2057
2026-09-19 21:29:43,169 - INFO - Prompt processing progress: 2056/2057
2026-09-19 21:29:43,195 - INFO - Prompt processing progress: 2057/2057
2026-09-19 21:29:47,205 - INFO - Prompt Cache: 1 sequences, 0.25 GB
2026-09-19 21:29:47,205 - INFO - - assistant: 1 sequences, 0.25 GB
2026-09-19 21:29:47,205 - INFO - - user: 0 sequences, 0.00 GB
2026-09-19 21:29:47,205 - INFO - - system: 0 sequences, 0.00 GB
127.0.0.1 - - [19/Sep/2026 21:29:47] "POST /v1/chat/completions HTTP/1.1" 200 -
2026-09-19 21:29:49,436 - INFO - Prompt processing progress: 2048/2057
2026-09-19 21:29:49,514 - INFO - Prompt processing progress: 2053/2057
2026-09-19 21:29:49,593 - INFO - Prompt processing progress: 2056/2057
2026-09-19 21:29:49,619 - INFO - Prompt processing progress: 2057/2057
2026-09-19 21:29:53,627 - INFO - Prompt Cache: 1 sequences, 0.25 GB
2026-09-19 21:29:53,628 - INFO - - assistant: 1 sequences, 0.25 GB
2026-09-19 21:29:53,628 - INFO - - user: 0 sequences, 0.00 GB
2026-09-19 21:29:53,628 - INFO - - system: 0 sequences, 0.00 GB
127.0.0.1 - - [19/Sep/2026 21:29:53] "POST /v1/chat/completions HTTP/1.1" 200 -
2026-09-19 21:29:55,869 - INFO - Prompt processing progress: 2048/2057
2026-09-19 21:29:55,949 - INFO - Prompt processing progress: 2053/2057
2026-09-19 21:29:56,029 - INFO - Prompt processing progress: 2056/2057
2026-09-19 21:29:56,056 - INFO - Prompt processing progress: 2057/2057
2026-09-19 21:30:00,076 - INFO - Prompt Cache: 1 sequences, 0.25 GB
2026-09-19 21:30:00,076 - INFO - - assistant: 1 sequences, 0.25 GB
2026-09-19 21:30:00,076 - INFO - - user: 0 sequences, 0.00 GB
2026-09-19 21:30:00,076 - INFO - - system: 0 sequences, 0.00 GB
127.0.0.1 - - [19/Sep/2026 21:30:00] "POST /v1/chat/completions HTTP/1.1" 200 -
2026-09-19 21:30:02,381 - INFO - Prompt processing progress: 2048/2057
2026-09-19 21:30:02,462 - INFO - Prompt processing progress: 2053/2057
2026-09-19 21:30:02,547 - INFO - Prompt processing progress: 2056/2057
2026-09-19 21:30:02,575 - INFO - Prompt processing progress: 2057/2057
2026-09-19 21:30:06,561 - INFO - Prompt Cache: 1 sequences, 0.25 GB
2026-09-19 21:30:06,561 - INFO - - assistant: 1 sequences, 0.25 GB
2026-09-19 21:30:06,561 - INFO - - user: 0 sequences, 0.00 GB
2026-09-19 21:30:06,562 - INFO - - system: 0 sequences, 0.00 GB
127.0.0.1 - - [19/Sep/2026 21:30:06] "POST /v1/chat/completions HTTP/1.1" 200 -
2026-09-19 21:30:08,919 - INFO - Prompt processing progress: 2048/2057
2026-09-19 21:30:09,000 - INFO - Prompt processing progress: 2053/2057
2026-09-19 21:30:09,088 - INFO - Prompt processing progress: 2056/2057
2026-09-19 21:30:09,115 - INFO - Prompt processing progress: 2057/2057
2026-09-19 21:30:13,030 - INFO - Prompt Cache: 1 sequences, 0.25 GB
2026-09-19 21:30:13,030 - INFO - - assistant: 1 sequences, 0.25 GB
2026-09-19 21:30:13,030 - INFO - - user: 0 sequences, 0.00 GB
2026-09-19 21:30:13,030 - INFO - - system: 0 sequences, 0.00 GB
127.0.0.1 - - [19/Sep/2026 21:30:13] "POST /v1/chat/completions HTTP/1.1" 200 -
2026-09-19 21:30:15,300 - INFO - Prompt processing progress: 2048/2057
2026-09-19 21:30:15,380 - INFO - Prompt processing progress: 2053/2057
2026-09-19 21:30:15,459 - INFO - Prompt processing progress: 2056/2057
2026-09-19 21:30:15,486 - INFO - Prompt processing progress: 2057/2057
2026-09-19 21:30:19,339 - INFO - Prompt Cache: 1 sequences, 0.25 GB
2026-09-19 21:30:19,339 - INFO - - assistant: 1 sequences, 0.25 GB
2026-09-19 21:30:19,339 - INFO - - user: 0 sequences, 0.00 GB
2026-09-19 21:30:19,339 - INFO - - system: 0 sequences, 0.00 GB
127.0.0.1 - - [19/Sep/2026 21:30:19] "POST /v1/chat/completions HTTP/1.1" 200 -
2026-09-19 21:30:21,555 - INFO - Prompt processing progress: 2048/2057
2026-09-19 21:30:21,633 - INFO - Prompt processing progress: 2053/2057
2026-09-19 21:30:21,711 - INFO - Prompt processing progress: 2056/2057
2026-09-19 21:30:21,738 - INFO - Prompt processing progress: 2057/2057
2026-09-19 21:30:25,680 - INFO - Prompt Cache: 1 sequences, 0.25 GB
2026-09-19 21:30:25,680 - INFO - - assistant: 1 sequences, 0.25 GB
2026-09-19 21:30:25,680 - INFO - - user: 0 sequences, 0.00 GB
2026-09-19 21:30:25,680 - INFO - - system: 0 sequences, 0.00 GB
127.0.0.1 - - [19/Sep/2026 21:30:25] "POST /v1/chat/completions HTTP/1.1" 200 -
2026-09-19 21:30:27,902 - INFO - Prompt processing progress: 2048/2057
2026-09-19 21:30:27,980 - INFO - Prompt processing progress: 2053/2057
2026-09-19 21:30:28,059 - INFO - Prompt processing progress: 2056/2057
2026-09-19 21:30:28,088 - INFO - Prompt processing progress: 2057/2057
2026-09-19 21:30:32,064 - INFO - Prompt Cache: 1 sequences, 0.25 GB
2026-09-19 21:30:32,064 - INFO - - assistant: 1 sequences, 0.25 GB
2026-09-19 21:30:32,064 - INFO - - user: 0 sequences, 0.00 GB
2026-09-19 21:30:32,064 - INFO - - system: 0 sequences, 0.00 GB
127.0.0.1 - - [19/Sep/2026 21:30:32] "POST /v1/chat/completions HTTP/1.1" 200 -
2026-09-19 21:30:34,276 - INFO - Prompt processing progress: 2048/2057
2026-09-19 21:30:34,354 - INFO - Prompt processing progress: 2053/2057
2026-09-19 21:30:34,433 - INFO - Prompt processing progress: 2056/2057
2026-09-19 21:30:34,461 - INFO - Prompt processing progress: 2057/2057
2026-09-19 21:30:38,461 - INFO - Prompt Cache: 1 sequences, 0.25 GB
2026-09-19 21:30:38,461 - INFO - - assistant: 1 sequences, 0.25 GB
2026-09-19 21:30:38,461 - INFO - - user: 0 sequences, 0.00 GB
2026-09-19 21:30:38,461 - INFO - - system: 0 sequences, 0.00 GB
127.0.0.1 - - [19/Sep/2026 21:30:38] "POST /v1/chat/completions HTTP/1.1" 200 -
2026-09-19 21:30:40,643 - INFO - Prompt processing progress: 2048/2057
2026-09-19 21:30:40,721 - INFO - Prompt processing progress: 2053/2057
2026-09-19 21:30:40,799 - INFO - Prompt processing progress: 2056/2057
2026-09-19 21:30:40,826 - INFO - Prompt processing progress: 2057/2057
2026-09-19 21:30:44,822 - INFO - Prompt Cache: 1 sequences, 0.25 GB
2026-09-19 21:30:44,822 - INFO - - assistant: 1 sequences, 0.25 GB
2026-09-19 21:30:44,822 - INFO - - user: 0 sequences, 0.00 GB
2026-09-19 21:30:44,822 - INFO - - system: 0 sequences, 0.00 GB
127.0.0.1 - - [19/Sep/2026 21:30:44] "POST /v1/chat/completions HTTP/1.1" 200 -
2026-09-19 21:30:46,987 - INFO - Prompt processing progress: 2048/2057
2026-09-19 21:30:47,063 - INFO - Prompt processing progress: 2053/2057
2026-09-19 21:30:47,140 - INFO - Prompt processing progress: 2056/2057
2026-09-19 21:30:47,167 - INFO - Prompt processing progress: 2057/2057
2026-09-19 21:30:51,121 - INFO - Prompt Cache: 1 sequences, 0.25 GB
2026-09-19 21:30:51,121 - INFO - - assistant: 1 sequences, 0.25 GB
2026-09-19 21:30:51,121 - INFO - - user: 0 sequences, 0.00 GB
2026-09-19 21:30:51,121 - INFO - - system: 0 sequences, 0.00 GB
127.0.0.1 - - [19/Sep/2026 21:30:51] "POST /v1/chat/completions HTTP/1.1" 200 -
2026-09-19 21:30:53,259 - INFO - Prompt processing progress: 2048/2057
2026-09-19 21:30:53,334 - INFO - Prompt processing progress: 2053/2057
2026-09-19 21:30:53,410 - INFO - Prompt processing progress: 2056/2057
2026-09-19 21:30:53,436 - INFO - Prompt processing progress: 2057/2057
2026-09-19 21:30:57,424 - INFO - Prompt Cache: 1 sequences, 0.25 GB
2026-09-19 21:30:57,424 - INFO - - assistant: 1 sequences, 0.25 GB
2026-09-19 21:30:57,424 - INFO - - user: 0 sequences, 0.00 GB
2026-09-19 21:30:57,424 - INFO - - system: 0 sequences, 0.00 GB
127.0.0.1 - - [19/Sep/2026 21:30:57] "POST /v1/chat/completions HTTP/1.1" 200 -
2026-09-19 21:30:59,532 - INFO - Prompt processing progress: 2048/2057
2026-09-19 21:30:59,606 - INFO - Prompt processing progress: 2053/2057
2026-09-19 21:30:59,681 - INFO - Prompt processing progress: 2056/2057
2026-09-19 21:30:59,708 - INFO - Prompt processing progress: 2057/2057
2026-09-19 21:31:03,716 - INFO - Prompt Cache: 1 sequences, 0.25 GB
2026-09-19 21:31:03,716 - INFO - - assistant: 1 sequences, 0.25 GB
2026-09-19 21:31:03,716 - INFO - - user: 0 sequences, 0.00 GB
2026-09-19 21:31:03,716 - INFO - - system: 0 sequences, 0.00 GB
127.0.0.1 - - [19/Sep/2026 21:31:03] "POST /v1/chat/completions HTTP/1.1" 200 -
2026-09-19 21:31:05,807 - INFO - Prompt processing progress: 2048/2057
2026-09-19 21:31:05,881 - INFO - Prompt processing progress: 2053/2057
2026-09-19 21:31:05,955 - INFO - Prompt processing progress: 2056/2057
2026-09-19 21:31:05,982 - INFO - Prompt processing progress: 2057/2057
2026-09-19 21:31:09,958 - INFO - Prompt Cache: 1 sequences, 0.25 GB
2026-09-19 21:31:09,958 - INFO - - assistant: 1 sequences, 0.25 GB
2026-09-19 21:31:09,958 - INFO - - user: 0 sequences, 0.00 GB
2026-09-19 21:31:09,958 - INFO - - system: 0 sequences, 0.00 GB
127.0.0.1 - - [19/Sep/2026 21:31:09] "POST /v1/chat/completions HTTP/1.1" 200 -
2026-09-19 21:31:12,016 - INFO - Prompt processing progress: 2048/2057
2026-09-19 21:31:12,089 - INFO - Prompt processing progress: 2053/2057
2026-09-19 21:31:12,165 - INFO - Prompt processing progress: 2056/2057
2026-09-19 21:31:12,192 - INFO - Prompt processing progress: 2057/2057
2026-09-19 21:31:16,169 - INFO - Prompt Cache: 1 sequences, 0.25 GB
2026-09-19 21:31:16,169 - INFO - - assistant: 1 sequences, 0.25 GB
2026-09-19 21:31:16,169 - INFO - - user: 0 sequences, 0.00 GB
2026-09-19 21:31:16,169 - INFO - - system: 0 sequences, 0.00 GB
127.0.0.1 - - [19/Sep/2026 21:31:16] "POST /v1/chat/completions HTTP/1.1" 200 -
2026-09-19 21:31:18,192 - INFO - Prompt processing progress: 2048/2057
2026-09-19 21:31:18,264 - INFO - Prompt processing progress: 2053/2057
2026-09-19 21:31:18,336 - INFO - Prompt processing progress: 2056/2057
2026-09-19 21:31:18,363 - INFO - Prompt processing progress: 2057/2057
2026-09-19 21:31:22,398 - INFO - Prompt Cache: 1 sequences, 0.25 GB
2026-09-19 21:31:22,398 - INFO - - assistant: 1 sequences, 0.25 GB
2026-09-19 21:31:22,398 - INFO - - user: 0 sequences, 0.00 GB
2026-09-19 21:31:22,398 - INFO - - system: 0 sequences, 0.00 GB
127.0.0.1 - - [19/Sep/2026 21:31:22] "POST /v1/chat/completions HTTP/1.1" 200 -
2026-09-19 21:31:24,409 - INFO - Prompt processing progress: 2048/2057
2026-09-19 21:31:24,483 - INFO - Prompt processing progress: 2053/2057
2026-09-19 21:31:24,554 - INFO - Prompt processing progress: 2056/2057
2026-09-19 21:31:24,582 - INFO - Prompt processing progress: 2057/2057
2026-09-19 21:31:28,562 - INFO - Prompt Cache: 1 sequences, 0.25 GB
2026-09-19 21:31:28,562 - INFO - - assistant: 1 sequences, 0.25 GB
2026-09-19 21:31:28,562 - INFO - - user: 0 sequences, 0.00 GB
2026-09-19 21:31:28,562 - INFO - - system: 0 sequences, 0.00 GB
127.0.0.1 - - [19/Sep/2026 21:31:28] "POST /v1/chat/completions HTTP/1.1" 200 -
2026-09-19 21:31:30,539 - INFO - Prompt processing progress: 2048/2057
2026-09-19 21:31:30,610 - INFO - Prompt processing progress: 2053/2057
2026-09-19 21:31:30,682 - INFO - Prompt processing progress: 2056/2057
2026-09-19 21:31:30,708 - INFO - Prompt processing progress: 2057/2057
2026-09-19 21:31:34,702 - INFO - Prompt Cache: 1 sequences, 0.25 GB
2026-09-19 21:31:34,702 - INFO - - assistant: 1 sequences, 0.25 GB
2026-09-19 21:31:34,702 - INFO - - user: 0 sequences, 0.00 GB
2026-09-19 21:31:34,702 - INFO - - system: 0 sequences, 0.00 GB
127.0.0.1 - - [19/Sep/2026 21:31:34] "POST /v1/chat/completions HTTP/1.1" 200 -
2026-09-19 21:31:36,647 - INFO - Prompt processing progress: 2048/2057
2026-09-19 21:31:36,717 - INFO - Prompt processing progress: 2053/2057
2026-09-19 21:31:36,787 - INFO - Prompt processing progress: 2056/2057
2026-09-19 21:31:36,814 - INFO - Prompt processing progress: 2057/2057
2026-09-19 21:31:40,784 - INFO - Prompt Cache: 1 sequences, 0.25 GB
2026-09-19 21:31:40,784 - INFO - - assistant: 1 sequences, 0.25 GB
2026-09-19 21:31:40,784 - INFO - - user: 0 sequences, 0.00 GB
2026-09-19 21:31:40,784 - INFO - - system: 0 sequences, 0.00 GB
127.0.0.1 - - [19/Sep/2026 21:31:40] "POST /v1/chat/completions HTTP/1.1" 200 -
2026-09-19 21:31:42,693 - INFO - Prompt processing progress: 2048/2057
2026-09-19 21:31:42,761 - INFO - Prompt processing progress: 2053/2057
2026-09-19 21:31:42,832 - INFO - Prompt processing progress: 2056/2057
2026-09-19 21:31:42,858 - INFO - Prompt processing progress: 2057/2057
2026-09-19 21:31:46,123 - INFO - Prompt Cache: 1 sequences, 0.25 GB
2026-09-19 21:31:46,123 - INFO - - assistant: 1 sequences, 0.25 GB
2026-09-19 21:31:46,123 - INFO - - user: 0 sequences, 0.00 GB
2026-09-19 21:31:46,123 - INFO - - system: 0 sequences, 0.00 GB
127.0.0.1 - - [19/Sep/2026 21:31:46] "POST /v1/chat/completions HTTP/1.1" 200 -
2026-09-19 21:31:48,017 - INFO - Prompt processing progress: 2048/2057
2026-09-19 21:31:48,085 - INFO - Prompt processing progress: 2053/2057
2026-09-19 21:31:48,154 - INFO - Prompt processing progress: 2056/2057
2026-09-19 21:31:48,182 - INFO - Prompt processing progress: 2057/2057
2026-09-19 21:31:52,124 - INFO - Prompt Cache: 1 sequences, 0.25 GB
2026-09-19 21:31:52,124 - INFO - - assistant: 1 sequences, 0.25 GB
2026-09-19 21:31:52,124 - INFO - - user: 0 sequences, 0.00 GB
2026-09-19 21:31:52,124 - INFO - - system: 0 sequences, 0.00 GB
127.0.0.1 - - [19/Sep/2026 21:31:52] "POST /v1/chat/completions HTTP/1.1" 200 -
2026-09-19 21:31:53,994 - INFO - Prompt processing progress: 2048/2057
2026-09-19 21:31:54,061 - INFO - Prompt processing progress: 2053/2057
2026-09-19 21:31:54,128 - INFO - Prompt processing progress: 2056/2057
2026-09-19 21:31:54,155 - INFO - Prompt processing progress: 2057/2057
2026-09-19 21:31:58,123 - INFO - Prompt Cache: 1 sequences, 0.25 GB
2026-09-19 21:31:58,123 - INFO - - assistant: 1 sequences, 0.25 GB
2026-09-19 21:31:58,123 - INFO - - user: 0 sequences, 0.00 GB
2026-09-19 21:31:58,123 - INFO - - system: 0 sequences, 0.00 GB
127.0.0.1 - - [19/Sep/2026 21:31:58] "POST /v1/chat/completions HTTP/1.1" 200 -
2026-09-19 21:31:59,983 - INFO - Prompt processing progress: 2048/2056
2026-09-19 21:32:00,050 - INFO - Prompt processing progress: 2052/2056
2026-09-19 21:32:00,121 - INFO - Prompt processing progress: 2055/2056
2026-09-19 21:32:00,149 - INFO - Prompt processing progress: 2056/2056
2026-09-19 21:32:04,125 - INFO - Prompt Cache: 1 sequences, 0.25 GB
2026-09-19 21:32:04,125 - INFO - - assistant: 1 sequences, 0.25 GB
2026-09-19 21:32:04,125 - INFO - - user: 0 sequences, 0.00 GB
2026-09-19 21:32:04,125 - INFO - - system: 0 sequences, 0.00 GB
127.0.0.1 - - [19/Sep/2026 21:32:04] "POST /v1/chat/completions HTTP/1.1" 200 -
2026-09-19 21:32:05,998 - INFO - Prompt processing progress: 2048/2057
2026-09-19 21:32:06,066 - INFO - Prompt processing progress: 2053/2057
2026-09-19 21:32:06,135 - INFO - Prompt processing progress: 2056/2057
2026-09-19 21:32:06,161 - INFO - Prompt processing progress: 2057/2057
2026-09-19 21:32:10,129 - INFO - Prompt Cache: 1 sequences, 0.25 GB
2026-09-19 21:32:10,129 - INFO - - assistant: 1 sequences, 0.25 GB
2026-09-19 21:32:10,129 - INFO - - user: 0 sequences, 0.00 GB
2026-09-19 21:32:10,129 - INFO - - system: 0 sequences, 0.00 GB
127.0.0.1 - - [19/Sep/2026 21:32:10] "POST /v1/chat/completions HTTP/1.1" 200 -
2026-09-19 21:32:11,994 - INFO - Prompt processing progress: 2048/2057
2026-09-19 21:32:12,062 - INFO - Prompt processing progress: 2053/2057
2026-09-19 21:32:12,129 - INFO - Prompt processing progress: 2056/2057
2026-09-19 21:32:12,154 - INFO - Prompt processing progress: 2057/2057
2026-09-19 21:32:16,123 - INFO - Prompt Cache: 1 sequences, 0.25 GB
2026-09-19 21:32:16,123 - INFO - - assistant: 1 sequences, 0.25 GB
2026-09-19 21:32:16,123 - INFO - - user: 0 sequences, 0.00 GB
2026-09-19 21:32:16,123 - INFO - - system: 0 sequences, 0.00 GB
127.0.0.1 - - [19/Sep/2026 21:32:16] "POST /v1/chat/completions HTTP/1.1" 200 -
2026-09-19 21:32:17,987 - INFO - Prompt processing progress: 2048/2057
2026-09-19 21:32:18,054 - INFO - Prompt processing progress: 2053/2057
2026-09-19 21:32:18,121 - INFO - Prompt processing progress: 2056/2057
2026-09-19 21:32:18,148 - INFO - Prompt processing progress: 2057/2057
2026-09-19 21:32:22,110 - INFO - Prompt Cache: 1 sequences, 0.25 GB
2026-09-19 21:32:22,110 - INFO - - assistant: 1 sequences, 0.25 GB
2026-09-19 21:32:22,110 - INFO - - user: 0 sequences, 0.00 GB
2026-09-19 21:32:22,110 - INFO - - system: 0 sequences, 0.00 GB
127.0.0.1 - - [19/Sep/2026 21:32:22] "POST /v1/chat/completions HTTP/1.1" 200 -
2026-09-19 21:32:23,966 - INFO - Prompt processing progress: 2048/2056
2026-09-19 21:32:24,029 - INFO - Prompt processing progress: 2052/2056
2026-09-19 21:32:24,096 - INFO - Prompt processing progress: 2055/2056
2026-09-19 21:32:24,123 - INFO - Prompt processing progress: 2056/2056
2026-09-19 21:32:28,090 - INFO - Prompt Cache: 1 sequences, 0.25 GB
2026-09-19 21:32:28,091 - INFO - - assistant: 1 sequences, 0.25 GB
2026-09-19 21:32:28,091 - INFO - - user: 0 sequences, 0.00 GB
2026-09-19 21:32:28,091 - INFO - - system: 0 sequences, 0.00 GB
127.0.0.1 - - [19/Sep/2026 21:32:28] "POST /v1/chat/completions HTTP/1.1" 200 -
2026-09-19 21:32:29,956 - INFO - Prompt processing progress: 2048/2057
2026-09-19 21:32:30,022 - INFO - Prompt processing progress: 2053/2057
2026-09-19 21:32:30,090 - INFO - Prompt processing progress: 2056/2057
2026-09-19 21:32:30,116 - INFO - Prompt processing progress: 2057/2057
2026-09-19 21:32:34,071 - INFO - Prompt Cache: 1 sequences, 0.25 GB
2026-09-19 21:32:34,071 - INFO - - assistant: 1 sequences, 0.25 GB
2026-09-19 21:32:34,071 - INFO - - user: 0 sequences, 0.00 GB
2026-09-19 21:32:34,071 - INFO - - system: 0 sequences, 0.00 GB
127.0.0.1 - - [19/Sep/2026 21:32:34] "POST /v1/chat/completions HTTP/1.1" 200 -
2026-09-19 21:32:35,925 - INFO - Prompt processing progress: 2048/2057
2026-09-19 21:32:35,990 - INFO - Prompt processing progress: 2053/2057
2026-09-19 21:32:36,163 - INFO - Prompt processing progress: 2056/2057
2026-09-19 21:32:36,190 - INFO - Prompt processing progress: 2057/2057
2026-09-19 21:32:40,059 - INFO - Prompt Cache: 1 sequences, 0.25 GB
2026-09-19 21:32:40,059 - INFO - - assistant: 1 sequences, 0.25 GB
2026-09-19 21:32:40,059 - INFO - - user: 0 sequences, 0.00 GB
2026-09-19 21:32:40,059 - INFO - - system: 0 sequences, 0.00 GB
127.0.0.1 - - [19/Sep/2026 21:32:40] "POST /v1/chat/completions HTTP/1.1" 200 -
2026-09-19 21:32:41,914 - INFO - Prompt processing progress: 2048/2057
2026-09-19 21:32:41,981 - INFO - Prompt processing progress: 2053/2057
2026-09-19 21:32:42,048 - INFO - Prompt processing progress: 2056/2057
2026-09-19 21:32:42,074 - INFO - Prompt processing progress: 2057/2057
2026-09-19 21:32:45,863 - INFO - Prompt Cache: 1 sequences, 0.25 GB
2026-09-19 21:32:45,863 - INFO - - assistant: 1 sequences, 0.25 GB
2026-09-19 21:32:45,863 - INFO - - user: 0 sequences, 0.00 GB
2026-09-19 21:32:45,863 - INFO - - system: 0 sequences, 0.00 GB
127.0.0.1 - - [19/Sep/2026 21:32:45] "POST /v1/chat/completions HTTP/1.1" 200 -
2026-09-19 21:32:47,720 - INFO - Prompt processing progress: 2048/2057
2026-09-19 21:32:47,787 - INFO - Prompt processing progress: 2053/2057
2026-09-19 21:32:47,854 - INFO - Prompt processing progress: 2056/2057
2026-09-19 21:32:47,880 - INFO - Prompt processing progress: 2057/2057
2026-09-19 21:32:51,701 - INFO - Prompt Cache: 1 sequences, 0.25 GB
2026-09-19 21:32:51,701 - INFO - - assistant: 1 sequences, 0.25 GB
2026-09-19 21:32:51,701 - INFO - - user: 0 sequences, 0.00 GB
2026-09-19 21:32:51,701 - INFO - - system: 0 sequences, 0.00 GB
127.0.0.1 - - [19/Sep/2026 21:32:51] "POST /v1/chat/completions HTTP/1.1" 200 -
2026-09-19 21:32:53,560 - INFO - Prompt processing progress: 2048/2057
2026-09-19 21:32:53,625 - INFO - Prompt processing progress: 2053/2057
2026-09-19 21:32:53,691 - INFO - Prompt processing progress: 2056/2057
2026-09-19 21:32:53,717 - INFO - Prompt processing progress: 2057/2057
2026-09-19 21:32:56,055 - INFO - Prompt Cache: 1 sequences, 0.25 GB
2026-09-19 21:32:56,055 - INFO - - assistant: 1 sequences, 0.25 GB
2026-09-19 21:32:56,055 - INFO - - user: 0 sequences, 0.00 GB
2026-09-19 21:32:56,055 - INFO - - system: 0 sequences, 0.00 GB
127.0.0.1 - - [19/Sep/2026 21:32:56] "POST /v1/chat/completions HTTP/1.1" 200 -
2026-09-19 21:32:57,911 - INFO - Prompt processing progress: 2048/2057
2026-09-19 21:32:57,977 - INFO - Prompt processing progress: 2053/2057
2026-09-19 21:32:58,044 - INFO - Prompt processing progress: 2056/2057
2026-09-19 21:32:58,070 - INFO - Prompt processing progress: 2057/2057
2026-09-19 21:33:02,036 - INFO - Prompt Cache: 1 sequences, 0.25 GB
2026-09-19 21:33:02,036 - INFO - - assistant: 1 sequences, 0.25 GB
2026-09-19 21:33:02,036 - INFO - - user: 0 sequences, 0.00 GB
2026-09-19 21:33:02,036 - INFO - - system: 0 sequences, 0.00 GB
127.0.0.1 - - [19/Sep/2026 21:33:02] "POST /v1/chat/completions HTTP/1.1" 200 -
2026-09-19 21:33:03,911 - INFO - Prompt processing progress: 2048/2057
2026-09-19 21:33:03,980 - INFO - Prompt processing progress: 2053/2057
2026-09-19 21:33:04,053 - INFO - Prompt processing progress: 2056/2057
2026-09-19 21:33:04,083 - INFO - Prompt processing progress: 2057/2057
127.0.0.1 - - [19/Sep/2026 21:33:14] code 501, message Unsupported method ('HEAD')
127.0.0.1 - - [19/Sep/2026 21:33:14] "HEAD /metrics HTTP/1.1" 501 -
127.0.0.1 - - [19/Sep/2026 21:33:14] "GET /metrics HTTP/1.1" 404 -
2026-09-19 21:33:17,154 - INFO - Prompt Cache: 1 sequences, 0.25 GB
2026-09-19 21:33:17,154 - INFO - - assistant: 1 sequences, 0.25 GB
2026-09-19 21:33:17,154 - INFO - - user: 0 sequences, 0.00 GB
2026-09-19 21:33:17,154 - INFO - - system: 0 sequences, 0.00 GB
127.0.0.1 - - [19/Sep/2026 21:33:17] "POST /v1/chat/completions HTTP/1.1" 200 -
2026-09-19 21:33:19,339 - INFO - Prompt processing progress: 2048/8201
2026-09-19 21:33:21,845 - INFO - Prompt processing progress: 4096/8201
2026-09-19 21:33:25,096 - INFO - Prompt processing progress: 6144/8201
2026-09-19 21:33:29,088 - INFO - Prompt processing progress: 8192/8201
2026-09-19 21:33:29,219 - INFO - Prompt processing progress: 8197/8201
2026-09-19 21:33:29,344 - INFO - Prompt processing progress: 8200/8201
2026-09-19 21:33:29,408 - INFO - Prompt processing progress: 8201/8201
2026-09-19 21:33:35,595 - INFO - Prompt Cache: 1 sequences, 0.96 GB
2026-09-19 21:33:35,595 - INFO - - assistant: 1 sequences, 0.96 GB
2026-09-19 21:33:35,595 - INFO - - user: 0 sequences, 0.00 GB
2026-09-19 21:33:35,595 - INFO - - system: 0 sequences, 0.00 GB
127.0.0.1 - - [19/Sep/2026 21:33:35] "POST /v1/chat/completions HTTP/1.1" 200 -
2026-09-19 21:33:37,629 - INFO - Prompt processing progress: 2048/8201
2026-09-19 21:33:40,154 - INFO - Prompt processing progress: 4096/8201
2026-09-19 21:33:43,404 - INFO - Prompt processing progress: 6144/8201
2026-09-19 21:33:47,401 - INFO - Prompt processing progress: 8192/8201
2026-09-19 21:33:47,528 - INFO - Prompt processing progress: 8197/8201
2026-09-19 21:33:47,659 - INFO - Prompt processing progress: 8200/8201
2026-09-19 21:33:47,726 - INFO - Prompt processing progress: 8201/8201
2026-09-19 21:33:53,958 - INFO - Prompt Cache: 1 sequences, 0.96 GB
2026-09-19 21:33:53,959 - INFO - - assistant: 1 sequences, 0.96 GB
2026-09-19 21:33:53,959 - INFO - - user: 0 sequences, 0.00 GB
2026-09-19 21:33:53,959 - INFO - - system: 0 sequences, 0.00 GB
127.0.0.1 - - [19/Sep/2026 21:33:54] "POST /v1/chat/completions HTTP/1.1" 200 -
2026-09-19 21:33:55,951 - INFO - Prompt processing progress: 2048/8201
2026-09-19 21:33:58,457 - INFO - Prompt processing progress: 4096/8201
2026-09-19 21:34:01,703 - INFO - Prompt processing progress: 6144/8201
2026-09-19 21:34:05,700 - INFO - Prompt processing progress: 8192/8201
2026-09-19 21:34:05,828 - INFO - Prompt processing progress: 8197/8201
2026-09-19 21:34:05,962 - INFO - Prompt processing progress: 8200/8201
2026-09-19 21:34:06,028 - INFO - Prompt processing progress: 8201/8201
2026-09-19 21:34:12,242 - INFO - Prompt Cache: 1 sequences, 0.96 GB
2026-09-19 21:34:12,242 - INFO - - assistant: 1 sequences, 0.96 GB
2026-09-19 21:34:12,242 - INFO - - user: 0 sequences, 0.00 GB
2026-09-19 21:34:12,242 - INFO - - system: 0 sequences, 0.00 GB
127.0.0.1 - - [19/Sep/2026 21:34:12] "POST /v1/chat/completions HTTP/1.1" 200 -
2026-09-19 21:34:14,220 - INFO - Prompt processing progress: 2048/8201
2026-09-19 21:34:16,722 - INFO - Prompt processing progress: 4096/8201
2026-09-19 21:34:19,964 - INFO - Prompt processing progress: 6144/8201
2026-09-19 21:34:23,953 - INFO - Prompt processing progress: 8192/8201
2026-09-19 21:34:24,079 - INFO - Prompt processing progress: 8197/8201
2026-09-19 21:34:24,206 - INFO - Prompt processing progress: 8200/8201
2026-09-19 21:34:24,271 - INFO - Prompt processing progress: 8201/8201
2026-09-19 21:34:30,464 - INFO - Prompt Cache: 1 sequences, 0.96 GB
2026-09-19 21:34:30,464 - INFO - - assistant: 1 sequences, 0.96 GB
2026-09-19 21:34:30,464 - INFO - - user: 0 sequences, 0.00 GB
2026-09-19 21:34:30,464 - INFO - - system: 0 sequences, 0.00 GB
127.0.0.1 - - [19/Sep/2026 21:34:30] "POST /v1/chat/completions HTTP/1.1" 200 -
2026-09-19 21:34:32,446 - INFO - Prompt processing progress: 2048/8201
2026-09-19 21:34:34,951 - INFO - Prompt processing progress: 4096/8201
2026-09-19 21:34:38,190 - INFO - Prompt processing progress: 6144/8201
2026-09-19 21:34:42,174 - INFO - Prompt processing progress: 8192/8201
2026-09-19 21:34:42,299 - INFO - Prompt processing progress: 8197/8201
2026-09-19 21:34:42,422 - INFO - Prompt processing progress: 8200/8201
2026-09-19 21:34:42,486 - INFO - Prompt processing progress: 8201/8201
2026-09-19 21:34:48,507 - INFO - Prompt Cache: 1 sequences, 0.96 GB
2026-09-19 21:34:48,507 - INFO - - assistant: 1 sequences, 0.96 GB
2026-09-19 21:34:48,507 - INFO - - user: 0 sequences, 0.00 GB
2026-09-19 21:34:48,507 - INFO - - system: 0 sequences, 0.00 GB
127.0.0.1 - - [19/Sep/2026 21:34:48] "POST /v1/chat/completions HTTP/1.1" 200 -
2026-09-19 21:34:50,488 - INFO - Prompt processing progress: 2048/8201
2026-09-19 21:34:52,990 - INFO - Prompt processing progress: 4096/8201
2026-09-19 21:34:56,217 - INFO - Prompt processing progress: 6144/8201
2026-09-19 21:35:00,210 - INFO - Prompt processing progress: 8192/8201
2026-09-19 21:35:00,340 - INFO - Prompt processing progress: 8197/8201
2026-09-19 21:35:00,470 - INFO - Prompt processing progress: 8200/8201
2026-09-19 21:35:00,536 - INFO - Prompt processing progress: 8201/8201
2026-09-19 21:35:06,749 - INFO - Prompt Cache: 1 sequences, 0.96 GB
2026-09-19 21:35:06,749 - INFO - - assistant: 1 sequences, 0.96 GB
2026-09-19 21:35:06,749 - INFO - - user: 0 sequences, 0.00 GB
2026-09-19 21:35:06,749 - INFO - - system: 0 sequences, 0.00 GB
127.0.0.1 - - [19/Sep/2026 21:35:06] "POST /v1/chat/completions HTTP/1.1" 200 -
2026-09-19 21:35:08,738 - INFO - Prompt processing progress: 2048/8201
2026-09-19 21:35:11,241 - INFO - Prompt processing progress: 4096/8201
2026-09-19 21:35:14,480 - INFO - Prompt processing progress: 6144/8201
2026-09-19 21:35:18,467 - INFO - Prompt processing progress: 8192/8201
2026-09-19 21:35:18,593 - INFO - Prompt processing progress: 8197/8201
2026-09-19 21:35:18,721 - INFO - Prompt processing progress: 8200/8201
2026-09-19 21:35:18,785 - INFO - Prompt processing progress: 8201/8201
2026-09-19 21:35:24,988 - INFO - Prompt Cache: 1 sequences, 0.96 GB
2026-09-19 21:35:24,988 - INFO - - assistant: 1 sequences, 0.96 GB
2026-09-19 21:35:24,988 - INFO - - user: 0 sequences, 0.00 GB
2026-09-19 21:35:24,988 - INFO - - system: 0 sequences, 0.00 GB
127.0.0.1 - - [19/Sep/2026 21:35:25] "POST /v1/chat/completions HTTP/1.1" 200 -
2026-09-19 21:35:26,974 - INFO - Prompt processing progress: 2048/8201
2026-09-19 21:35:29,476 - INFO - Prompt processing progress: 4096/8201
2026-09-19 21:35:32,718 - INFO - Prompt processing progress: 6144/8201
2026-09-19 21:35:36,708 - INFO - Prompt processing progress: 8192/8201
2026-09-19 21:35:36,834 - INFO - Prompt processing progress: 8197/8201
2026-09-19 21:35:36,962 - INFO - Prompt processing progress: 8200/8201
2026-09-19 21:35:37,027 - INFO - Prompt processing progress: 8201/8201
2026-09-19 21:35:43,215 - INFO - Prompt Cache: 1 sequences, 0.96 GB
2026-09-19 21:35:43,216 - INFO - - assistant: 1 sequences, 0.96 GB
2026-09-19 21:35:43,216 - INFO - - user: 0 sequences, 0.00 GB
2026-09-19 21:35:43,216 - INFO - - system: 0 sequences, 0.00 GB
127.0.0.1 - - [19/Sep/2026 21:35:43] "POST /v1/chat/completions HTTP/1.1" 200 -
2026-09-19 21:35:45,194 - INFO - Prompt processing progress: 2048/8201
2026-09-19 21:35:47,699 - INFO - Prompt processing progress: 4096/8201
2026-09-19 21:35:50,938 - INFO - Prompt processing progress: 6144/8201
2026-09-19 21:35:54,926 - INFO - Prompt processing progress: 8192/8201
2026-09-19 21:35:55,052 - INFO - Prompt processing progress: 8197/8201
2026-09-19 21:35:55,180 - INFO - Prompt processing progress: 8200/8201
2026-09-19 21:35:55,244 - INFO - Prompt processing progress: 8201/8201
2026-09-19 21:36:01,469 - INFO - Prompt Cache: 1 sequences, 0.96 GB
2026-09-19 21:36:01,469 - INFO - - assistant: 1 sequences, 0.96 GB
2026-09-19 21:36:01,469 - INFO - - user: 0 sequences, 0.00 GB
2026-09-19 21:36:01,469 - INFO - - system: 0 sequences, 0.00 GB
127.0.0.1 - - [19/Sep/2026 21:36:01] "POST /v1/chat/completions HTTP/1.1" 200 -
2026-09-19 21:36:03,454 - INFO - Prompt processing progress: 2048/8201
2026-09-19 21:36:05,956 - INFO - Prompt processing progress: 4096/8201
2026-09-19 21:36:09,196 - INFO - Prompt processing progress: 6144/8201
2026-09-19 21:36:13,182 - INFO - Prompt processing progress: 8192/8201
2026-09-19 21:36:13,307 - INFO - Prompt processing progress: 8197/8201
2026-09-19 21:36:13,433 - INFO - Prompt processing progress: 8200/8201
2026-09-19 21:36:13,498 - INFO - Prompt processing progress: 8201/8201
2026-09-19 21:36:19,701 - INFO - Prompt Cache: 1 sequences, 0.96 GB
2026-09-19 21:36:19,701 - INFO - - assistant: 1 sequences, 0.96 GB
2026-09-19 21:36:19,701 - INFO - - user: 0 sequences, 0.00 GB
2026-09-19 21:36:19,701 - INFO - - system: 0 sequences, 0.00 GB
127.0.0.1 - - [19/Sep/2026 21:36:19] "POST /v1/chat/completions HTTP/1.1" 200 -
2026-09-19 21:36:21,683 - INFO - Prompt processing progress: 2048/8201
2026-09-19 21:36:24,190 - INFO - Prompt processing progress: 4096/8201
2026-09-19 21:36:27,428 - INFO - Prompt processing progress: 6144/8201
2026-09-19 21:36:31,414 - INFO - Prompt processing progress: 8192/8201
2026-09-19 21:36:31,540 - INFO - Prompt processing progress: 8197/8201
2026-09-19 21:36:31,703 - INFO - Prompt processing progress: 8200/8201
2026-09-19 21:36:31,767 - INFO - Prompt processing progress: 8201/8201
2026-09-19 21:36:37,940 - INFO - Prompt Cache: 1 sequences, 0.96 GB
2026-09-19 21:36:37,940 - INFO - - assistant: 1 sequences, 0.96 GB
2026-09-19 21:36:37,940 - INFO - - user: 0 sequences, 0.00 GB
2026-09-19 21:36:37,940 - INFO - - system: 0 sequences, 0.00 GB
127.0.0.1 - - [19/Sep/2026 21:36:38] "POST /v1/chat/completions HTTP/1.1" 200 -
2026-09-19 21:36:39,926 - INFO - Prompt processing progress: 2048/8201
2026-09-19 21:36:42,426 - INFO - Prompt processing progress: 4096/8201
2026-09-19 21:36:45,665 - INFO - Prompt processing progress: 6144/8201
2026-09-19 21:36:49,651 - INFO - Prompt processing progress: 8192/8201
2026-09-19 21:36:49,777 - INFO - Prompt processing progress: 8197/8201
2026-09-19 21:36:49,904 - INFO - Prompt processing progress: 8200/8201
2026-09-19 21:36:49,969 - INFO - Prompt processing progress: 8201/8201
2026-09-19 21:36:56,145 - INFO - Prompt Cache: 1 sequences, 0.96 GB
2026-09-19 21:36:56,146 - INFO - - assistant: 1 sequences, 0.96 GB
2026-09-19 21:36:56,146 - INFO - - user: 0 sequences, 0.00 GB
2026-09-19 21:36:56,146 - INFO - - system: 0 sequences, 0.00 GB
127.0.0.1 - - [19/Sep/2026 21:36:56] "POST /v1/chat/completions HTTP/1.1" 200 -
2026-09-19 21:36:58,123 - INFO - Prompt processing progress: 2048/8201
2026-09-19 21:37:00,631 - INFO - Prompt processing progress: 4096/8201
2026-09-19 21:37:03,876 - INFO - Prompt processing progress: 6144/8201
2026-09-19 21:37:07,865 - INFO - Prompt processing progress: 8192/8201
2026-09-19 21:37:07,989 - INFO - Prompt processing progress: 8197/8201
2026-09-19 21:37:08,115 - INFO - Prompt processing progress: 8200/8201
2026-09-19 21:37:08,179 - INFO - Prompt processing progress: 8201/8201
2026-09-19 21:37:14,220 - INFO - Prompt Cache: 1 sequences, 0.96 GB
2026-09-19 21:37:14,220 - INFO - - assistant: 1 sequences, 0.96 GB
2026-09-19 21:37:14,220 - INFO - - user: 0 sequences, 0.00 GB
2026-09-19 21:37:14,220 - INFO - - system: 0 sequences, 0.00 GB
127.0.0.1 - - [19/Sep/2026 21:37:14] "POST /v1/chat/completions HTTP/1.1" 200 -
2026-09-19 21:37:16,194 - INFO - Prompt processing progress: 2048/8201
2026-09-19 21:37:18,690 - INFO - Prompt processing progress: 4096/8201
2026-09-19 21:37:21,926 - INFO - Prompt processing progress: 6144/8201
2026-09-19 21:37:25,911 - INFO - Prompt processing progress: 8192/8201
2026-09-19 21:37:26,037 - INFO - Prompt processing progress: 8197/8201
2026-09-19 21:37:26,164 - INFO - Prompt processing progress: 8200/8201
2026-09-19 21:37:26,229 - INFO - Prompt processing progress: 8201/8201
2026-09-19 21:37:32,383 - INFO - Prompt Cache: 1 sequences, 0.96 GB
2026-09-19 21:37:32,383 - INFO - - assistant: 1 sequences, 0.96 GB
2026-09-19 21:37:32,383 - INFO - - user: 0 sequences, 0.00 GB
2026-09-19 21:37:32,383 - INFO - - system: 0 sequences, 0.00 GB
127.0.0.1 - - [19/Sep/2026 21:37:32] "POST /v1/chat/completions HTTP/1.1" 200 -
2026-09-19 21:37:34,355 - INFO - Prompt processing progress: 2048/8201
2026-09-19 21:37:36,845 - INFO - Prompt processing progress: 4096/8201
2026-09-19 21:37:40,078 - INFO - Prompt processing progress: 6144/8201
2026-09-19 21:37:44,061 - INFO - Prompt processing progress: 8192/8201
2026-09-19 21:37:44,187 - INFO - Prompt processing progress: 8197/8201
2026-09-19 21:37:44,315 - INFO - Prompt processing progress: 8200/8201
2026-09-19 21:37:44,384 - INFO - Prompt processing progress: 8201/8201
2026-09-19 21:37:50,541 - INFO - Prompt Cache: 1 sequences, 0.96 GB
2026-09-19 21:37:50,541 - INFO - - assistant: 1 sequences, 0.96 GB
2026-09-19 21:37:50,542 - INFO - - user: 0 sequences, 0.00 GB
2026-09-19 21:37:50,542 - INFO - - system: 0 sequences, 0.00 GB
127.0.0.1 - - [19/Sep/2026 21:37:50] "POST /v1/chat/completions HTTP/1.1" 200 -
2026-09-19 21:37:52,522 - INFO - Prompt processing progress: 2048/8201
2026-09-19 21:37:55,026 - INFO - Prompt processing progress: 4096/8201
2026-09-19 21:37:58,263 - INFO - Prompt processing progress: 6144/8201
2026-09-19 21:38:02,256 - INFO - Prompt processing progress: 8192/8201
2026-09-19 21:38:02,382 - INFO - Prompt processing progress: 8197/8201
2026-09-19 21:38:02,508 - INFO - Prompt processing progress: 8200/8201
2026-09-19 21:38:02,573 - INFO - Prompt processing progress: 8201/8201
2026-09-19 21:38:08,749 - INFO - Prompt Cache: 1 sequences, 0.96 GB
2026-09-19 21:38:08,749 - INFO - - assistant: 1 sequences, 0.96 GB
2026-09-19 21:38:08,749 - INFO - - user: 0 sequences, 0.00 GB
2026-09-19 21:38:08,749 - INFO - - system: 0 sequences, 0.00 GB
127.0.0.1 - - [19/Sep/2026 21:38:08] "POST /v1/chat/completions HTTP/1.1" 200 -
2026-09-19 21:38:10,729 - INFO - Prompt processing progress: 2048/8201
2026-09-19 21:38:13,232 - INFO - Prompt processing progress: 4096/8201
2026-09-19 21:38:16,469 - INFO - Prompt processing progress: 6144/8201
2026-09-19 21:38:20,457 - INFO - Prompt processing progress: 8192/8201
2026-09-19 21:38:20,584 - INFO - Prompt processing progress: 8197/8201
2026-09-19 21:38:20,709 - INFO - Prompt processing progress: 8200/8201
2026-09-19 21:38:20,774 - INFO - Prompt processing progress: 8201/8201
2026-09-19 21:38:26,960 - INFO - Prompt Cache: 1 sequences, 0.96 GB
2026-09-19 21:38:26,960 - INFO - - assistant: 1 sequences, 0.96 GB
2026-09-19 21:38:26,960 - INFO - - user: 0 sequences, 0.00 GB
2026-09-19 21:38:26,960 - INFO - - system: 0 sequences, 0.00 GB
127.0.0.1 - - [19/Sep/2026 21:38:27] "POST /v1/chat/completions HTTP/1.1" 200 -
2026-09-19 21:38:28,940 - INFO - Prompt processing progress: 2048/8201
2026-09-19 21:38:31,442 - INFO - Prompt processing progress: 4096/8201
2026-09-19 21:38:34,679 - INFO - Prompt processing progress: 6144/8201
2026-09-19 21:38:38,665 - INFO - Prompt processing progress: 8192/8201
2026-09-19 21:38:38,792 - INFO - Prompt processing progress: 8197/8201
2026-09-19 21:38:38,919 - INFO - Prompt processing progress: 8200/8201
2026-09-19 21:38:38,987 - INFO - Prompt processing progress: 8201/8201
2026-09-19 21:38:44,880 - INFO - Prompt Cache: 1 sequences, 0.96 GB
2026-09-19 21:38:44,880 - INFO - - assistant: 1 sequences, 0.96 GB
2026-09-19 21:38:44,880 - INFO - - user: 0 sequences, 0.00 GB
2026-09-19 21:38:44,880 - INFO - - system: 0 sequences, 0.00 GB
127.0.0.1 - - [19/Sep/2026 21:38:44] "POST /v1/chat/completions HTTP/1.1" 200 -
2026-09-19 21:38:46,856 - INFO - Prompt processing progress: 2048/8201
2026-09-19 21:38:49,346 - INFO - Prompt processing progress: 4096/8201
2026-09-19 21:38:52,568 - INFO - Prompt processing progress: 6144/8201
2026-09-19 21:38:56,538 - INFO - Prompt processing progress: 8192/8201
2026-09-19 21:38:56,660 - INFO - Prompt processing progress: 8197/8201
2026-09-19 21:38:56,781 - INFO - Prompt processing progress: 8200/8201
2026-09-19 21:38:56,843 - INFO - Prompt processing progress: 8201/8201
2026-09-19 21:39:02,928 - INFO - Prompt Cache: 1 sequences, 0.96 GB
2026-09-19 21:39:02,928 - INFO - - assistant: 1 sequences, 0.96 GB
2026-09-19 21:39:02,928 - INFO - - user: 0 sequences, 0.00 GB
2026-09-19 21:39:02,928 - INFO - - system: 0 sequences, 0.00 GB
127.0.0.1 - - [19/Sep/2026 21:39:03] "POST /v1/chat/completions HTTP/1.1" 200 -
2026-09-19 21:39:04,920 - INFO - Prompt processing progress: 2048/8201
2026-09-19 21:39:07,432 - INFO - Prompt processing progress: 4096/8201
2026-09-19 21:39:10,688 - INFO - Prompt processing progress: 6144/8201
2026-09-19 21:39:14,686 - INFO - Prompt processing progress: 8192/8201
2026-09-19 21:39:14,820 - INFO - Prompt processing progress: 8197/8201
2026-09-19 21:39:14,960 - INFO - Prompt processing progress: 8200/8201
2026-09-19 21:39:15,030 - INFO - Prompt processing progress: 8201/8201
127.0.0.1 - - [19/Sep/2026 21:39:27] code 501, message Unsupported method ('HEAD')
127.0.0.1 - - [19/Sep/2026 21:39:27] "HEAD /metrics HTTP/1.1" 501 -
127.0.0.1 - - [19/Sep/2026 21:39:27] "GET /metrics HTTP/1.1" 404 -
2026-09-19 21:39:30,248 - INFO - Prompt Cache: 1 sequences, 0.96 GB
2026-09-19 21:39:30,248 - INFO - - assistant: 1 sequences, 0.96 GB
2026-09-19 21:39:30,248 - INFO - - user: 0 sequences, 0.00 GB
2026-09-19 21:39:30,248 - INFO - - system: 0 sequences, 0.00 GB
127.0.0.1 - - [19/Sep/2026 21:39:30] "POST /v1/chat/completions HTTP/1.1" 200 -
2026-09-19 21:39:30,406 - INFO - Prompt Cache: 1 sequences, 0.96 GB
2026-09-19 21:39:30,406 - INFO - - assistant: 1 sequences, 0.96 GB
2026-09-19 21:39:30,406 - INFO - - user: 0 sequences, 0.00 GB
2026-09-19 21:39:30,406 - INFO - - system: 0 sequences, 0.00 GB
127.0.0.1 - - [19/Sep/2026 21:39:30] "POST /v1/chat/completions HTTP/1.1" 200 -
2026-09-19 21:39:31,553 - INFO - Prompt processing progress: 517/521
2026-09-19 21:39:31,553 - INFO - Prompt processing progress: 517/521
2026-09-19 21:39:31,834 - INFO - Prompt processing progress: 520/521
2026-09-19 21:39:31,834 - INFO - Prompt processing progress: 520/521
2026-09-19 21:39:31,874 - INFO - Prompt processing progress: 521/521
2026-09-19 21:39:31,874 - INFO - Prompt processing progress: 521/521
2026-09-19 21:39:37,784 - INFO - Prompt Cache: 1 sequences, 0.07 GB
2026-09-19 21:39:37,784 - INFO - - assistant: 1 sequences, 0.07 GB
2026-09-19 21:39:37,784 - INFO - - user: 0 sequences, 0.00 GB
2026-09-19 21:39:37,784 - INFO - - system: 0 sequences, 0.00 GB
127.0.0.1 - - [19/Sep/2026 21:39:37] "POST /v1/chat/completions HTTP/1.1" 200 -
2026-09-19 21:39:37,879 - INFO - Prompt Cache: 1 sequences, 0.07 GB
2026-09-19 21:39:37,879 - INFO - - assistant: 1 sequences, 0.07 GB
2026-09-19 21:39:37,879 - INFO - - user: 0 sequences, 0.00 GB
2026-09-19 21:39:37,879 - INFO - - system: 0 sequences, 0.00 GB
127.0.0.1 - - [19/Sep/2026 21:39:37] "POST /v1/chat/completions HTTP/1.1" 200 -
2026-09-19 21:39:38,633 - INFO - Prompt processing progress: 517/521
2026-09-19 21:39:38,633 - INFO - Prompt processing progress: 517/521
2026-09-19 21:39:38,693 - INFO - Prompt processing progress: 520/521
2026-09-19 21:39:38,693 - INFO - Prompt processing progress: 520/521
2026-09-19 21:39:38,727 - INFO - Prompt processing progress: 521/521
2026-09-19 21:39:38,727 - INFO - Prompt processing progress: 521/521
2026-09-19 21:39:44,619 - INFO - Prompt Cache: 1 sequences, 0.07 GB
2026-09-19 21:39:44,619 - INFO - - assistant: 1 sequences, 0.07 GB
2026-09-19 21:39:44,619 - INFO - - user: 0 sequences, 0.00 GB
2026-09-19 21:39:44,619 - INFO - - system: 0 sequences, 0.00 GB
127.0.0.1 - - [19/Sep/2026 21:39:44] "POST /v1/chat/completions HTTP/1.1" 200 -
2026-09-19 21:39:44,696 - INFO - Prompt Cache: 1 sequences, 0.07 GB
2026-09-19 21:39:44,696 - INFO - - assistant: 1 sequences, 0.07 GB
2026-09-19 21:39:44,696 - INFO - - user: 0 sequences, 0.00 GB
2026-09-19 21:39:44,696 - INFO - - system: 0 sequences, 0.00 GB
127.0.0.1 - - [19/Sep/2026 21:39:44] "POST /v1/chat/completions HTTP/1.1" 200 -
2026-09-19 21:39:45,437 - INFO - Prompt processing progress: 517/521
2026-09-19 21:39:45,437 - INFO - Prompt processing progress: 517/521
2026-09-19 21:39:45,498 - INFO - Prompt processing progress: 520/521
2026-09-19 21:39:45,498 - INFO - Prompt processing progress: 520/521
2026-09-19 21:39:45,532 - INFO - Prompt processing progress: 521/521
2026-09-19 21:39:45,532 - INFO - Prompt processing progress: 521/521
2026-09-19 21:39:51,401 - INFO - Prompt Cache: 1 sequences, 0.07 GB
2026-09-19 21:39:51,402 - INFO - - assistant: 1 sequences, 0.07 GB
2026-09-19 21:39:51,402 - INFO - - user: 0 sequences, 0.00 GB
2026-09-19 21:39:51,402 - INFO - - system: 0 sequences, 0.00 GB
127.0.0.1 - - [19/Sep/2026 21:39:51] "POST /v1/chat/completions HTTP/1.1" 200 -
2026-09-19 21:39:51,478 - INFO - Prompt Cache: 1 sequences, 0.07 GB
2026-09-19 21:39:51,478 - INFO - - assistant: 1 sequences, 0.07 GB
2026-09-19 21:39:51,478 - INFO - - user: 0 sequences, 0.00 GB
2026-09-19 21:39:51,478 - INFO - - system: 0 sequences, 0.00 GB
127.0.0.1 - - [19/Sep/2026 21:39:51] "POST /v1/chat/completions HTTP/1.1" 200 -
2026-09-19 21:39:52,218 - INFO - Prompt processing progress: 517/521
2026-09-19 21:39:52,218 - INFO - Prompt processing progress: 517/521
2026-09-19 21:39:52,279 - INFO - Prompt processing progress: 520/521
2026-09-19 21:39:52,280 - INFO - Prompt processing progress: 520/521
2026-09-19 21:39:52,314 - INFO - Prompt processing progress: 521/521
2026-09-19 21:39:52,315 - INFO - Prompt processing progress: 521/521
2026-09-19 21:39:55,081 - INFO - Prompt Cache: 1 sequences, 0.07 GB
2026-09-19 21:39:55,081 - INFO - - assistant: 1 sequences, 0.07 GB
2026-09-19 21:39:55,081 - INFO - - user: 0 sequences, 0.00 GB
2026-09-19 21:39:55,081 - INFO - - system: 0 sequences, 0.00 GB
127.0.0.1 - - [19/Sep/2026 21:39:55] "POST /v1/chat/completions HTTP/1.1" 200 -
2026-09-19 21:39:55,532 - INFO - Prompt processing progress: 517/521
2026-09-19 21:39:55,599 - INFO - Prompt processing progress: 520/521
2026-09-19 21:39:55,646 - INFO - Prompt processing progress: 521/521
2026-09-19 21:39:58,826 - INFO - Prompt Cache: 1 sequences, 0.07 GB
2026-09-19 21:39:58,827 - INFO - - assistant: 1 sequences, 0.07 GB
2026-09-19 21:39:58,827 - INFO - - user: 0 sequences, 0.00 GB
2026-09-19 21:39:58,827 - INFO - - system: 0 sequences, 0.00 GB
127.0.0.1 - - [19/Sep/2026 21:39:58] "POST /v1/chat/completions HTTP/1.1" 200 -
2026-09-19 21:39:59,276 - INFO - Prompt processing progress: 517/521
2026-09-19 21:39:59,343 - INFO - Prompt processing progress: 520/521
2026-09-19 21:39:59,390 - INFO - Prompt processing progress: 521/521
2026-09-19 21:40:02,022 - INFO - Prompt Cache: 1 sequences, 0.07 GB
2026-09-19 21:40:02,022 - INFO - - assistant: 1 sequences, 0.07 GB
2026-09-19 21:40:02,022 - INFO - - user: 0 sequences, 0.00 GB
2026-09-19 21:40:02,022 - INFO - - system: 0 sequences, 0.00 GB
127.0.0.1 - - [19/Sep/2026 21:40:02] "POST /v1/chat/completions HTTP/1.1" 200 -
2026-09-19 21:40:02,476 - INFO - Prompt processing progress: 517/521
2026-09-19 21:40:02,547 - INFO - Prompt processing progress: 520/521
2026-09-19 21:40:02,594 - INFO - Prompt processing progress: 521/521
2026-09-19 21:40:06,168 - INFO - Prompt Cache: 1 sequences, 0.07 GB
2026-09-19 21:40:06,168 - INFO - - assistant: 1 sequences, 0.07 GB
2026-09-19 21:40:06,168 - INFO - - user: 0 sequences, 0.00 GB
2026-09-19 21:40:06,168 - INFO - - system: 0 sequences, 0.00 GB
127.0.0.1 - - [19/Sep/2026 21:40:06] "POST /v1/chat/completions HTTP/1.1" 200 -
2026-09-19 21:40:06,622 - INFO - Prompt processing progress: 517/521
2026-09-19 21:40:06,693 - INFO - Prompt processing progress: 520/521
2026-09-19 21:40:06,740 - INFO - Prompt processing progress: 521/521
2026-09-19 21:40:08,812 - INFO - Prompt Cache: 1 sequences, 0.07 GB
2026-09-19 21:40:08,812 - INFO - - assistant: 1 sequences, 0.07 GB
2026-09-19 21:40:08,812 - INFO - - user: 0 sequences, 0.00 GB
2026-09-19 21:40:08,812 - INFO - - system: 0 sequences, 0.00 GB
127.0.0.1 - - [19/Sep/2026 21:40:08] "POST /v1/chat/completions HTTP/1.1" 200 -
2026-09-19 21:40:09,271 - INFO - Prompt processing progress: 517/521
2026-09-19 21:40:09,341 - INFO - Prompt processing progress: 520/521
2026-09-19 21:40:09,388 - INFO - Prompt processing progress: 521/521
2026-09-19 21:40:13,504 - INFO - Prompt Cache: 1 sequences, 0.07 GB
2026-09-19 21:40:13,504 - INFO - - assistant: 1 sequences, 0.07 GB
2026-09-19 21:40:13,504 - INFO - - user: 0 sequences, 0.00 GB
2026-09-19 21:40:13,504 - INFO - - system: 0 sequences, 0.00 GB
127.0.0.1 - - [19/Sep/2026 21:40:13] "POST /v1/chat/completions HTTP/1.1" 200 -
2026-09-19 21:40:13,960 - INFO - Prompt processing progress: 517/521
2026-09-19 21:40:14,031 - INFO - Prompt processing progress: 520/521
2026-09-19 21:40:14,079 - INFO - Prompt processing progress: 521/521
2026-09-19 21:40:15,640 - INFO - Prompt Cache: 1 sequences, 0.07 GB
2026-09-19 21:40:15,641 - INFO - - assistant: 1 sequences, 0.07 GB
2026-09-19 21:40:15,641 - INFO - - user: 0 sequences, 0.00 GB
2026-09-19 21:40:15,641 - INFO - - system: 0 sequences, 0.00 GB
127.0.0.1 - - [19/Sep/2026 21:40:15] "POST /v1/chat/completions HTTP/1.1" 200 -
2026-09-19 21:40:16,095 - INFO - Prompt processing progress: 517/521
2026-09-19 21:40:16,166 - INFO - Prompt processing progress: 520/521
2026-09-19 21:40:16,215 - INFO - Prompt processing progress: 521/521
2026-09-19 21:40:20,783 - INFO - Prompt Cache: 1 sequences, 0.07 GB
2026-09-19 21:40:20,783 - INFO - - assistant: 1 sequences, 0.07 GB
2026-09-19 21:40:20,783 - INFO - - user: 0 sequences, 0.00 GB
2026-09-19 21:40:20,783 - INFO - - system: 0 sequences, 0.00 GB
127.0.0.1 - - [19/Sep/2026 21:40:20] "POST /v1/chat/completions HTTP/1.1" 200 -
2026-09-19 21:40:21,238 - INFO - Prompt processing progress: 517/521
2026-09-19 21:40:21,309 - INFO - Prompt processing progress: 520/521
2026-09-19 21:40:21,356 - INFO - Prompt processing progress: 521/521
2026-09-19 21:40:22,414 - INFO - Prompt Cache: 1 sequences, 0.07 GB
2026-09-19 21:40:22,414 - INFO - - assistant: 1 sequences, 0.07 GB
2026-09-19 21:40:22,414 - INFO - - user: 0 sequences, 0.00 GB
2026-09-19 21:40:22,414 - INFO - - system: 0 sequences, 0.00 GB
127.0.0.1 - - [19/Sep/2026 21:40:22] "POST /v1/chat/completions HTTP/1.1" 200 -
2026-09-19 21:40:22,871 - INFO - Prompt processing progress: 517/521
2026-09-19 21:40:22,942 - INFO - Prompt processing progress: 520/521
2026-09-19 21:40:22,989 - INFO - Prompt processing progress: 521/521
2026-09-19 21:40:28,211 - INFO - Prompt Cache: 1 sequences, 0.07 GB
2026-09-19 21:40:28,211 - INFO - - assistant: 1 sequences, 0.07 GB
2026-09-19 21:40:28,211 - INFO - - user: 0 sequences, 0.00 GB
2026-09-19 21:40:28,211 - INFO - - system: 0 sequences, 0.00 GB
127.0.0.1 - - [19/Sep/2026 21:40:28] "POST /v1/chat/completions HTTP/1.1" 200 -
2026-09-19 21:40:28,664 - INFO - Prompt processing progress: 517/521
2026-09-19 21:40:28,734 - INFO - Prompt processing progress: 520/521
2026-09-19 21:40:28,782 - INFO - Prompt processing progress: 521/521
2026-09-19 21:40:29,303 - INFO - Prompt Cache: 1 sequences, 0.07 GB
2026-09-19 21:40:29,303 - INFO - - assistant: 1 sequences, 0.07 GB
2026-09-19 21:40:29,303 - INFO - - user: 0 sequences, 0.00 GB
2026-09-19 21:40:29,303 - INFO - - system: 0 sequences, 0.00 GB
127.0.0.1 - - [19/Sep/2026 21:40:29] "POST /v1/chat/completions HTTP/1.1" 200 -
2026-09-19 21:40:29,756 - INFO - Prompt processing progress: 517/521
2026-09-19 21:40:29,826 - INFO - Prompt processing progress: 520/521
2026-09-19 21:40:29,873 - INFO - Prompt processing progress: 521/521
2026-09-19 21:40:34,982 - INFO - Prompt Cache: 1 sequences, 0.07 GB
2026-09-19 21:40:34,982 - INFO - - assistant: 1 sequences, 0.07 GB
2026-09-19 21:40:34,982 - INFO - - user: 0 sequences, 0.00 GB
2026-09-19 21:40:34,982 - INFO - - system: 0 sequences, 0.00 GB
127.0.0.1 - - [19/Sep/2026 21:40:34] "POST /v1/chat/completions HTTP/1.1" 200 -
2026-09-19 21:40:35,438 - INFO - Prompt processing progress: 517/521
2026-09-19 21:40:35,512 - INFO - Prompt processing progress: 520/521
2026-09-19 21:40:35,559 - INFO - Prompt processing progress: 521/521
2026-09-19 21:40:36,618 - INFO - Prompt Cache: 1 sequences, 0.07 GB
2026-09-19 21:40:36,618 - INFO - - assistant: 1 sequences, 0.07 GB
2026-09-19 21:40:36,618 - INFO - - user: 0 sequences, 0.00 GB
2026-09-19 21:40:36,618 - INFO - - system: 0 sequences, 0.00 GB
127.0.0.1 - - [19/Sep/2026 21:40:36] "POST /v1/chat/completions HTTP/1.1" 200 -
2026-09-19 21:40:37,072 - INFO - Prompt processing progress: 517/521
2026-09-19 21:40:37,142 - INFO - Prompt processing progress: 520/521
2026-09-19 21:40:37,189 - INFO - Prompt processing progress: 521/521
2026-09-19 21:40:41,879 - INFO - Prompt Cache: 1 sequences, 0.07 GB
2026-09-19 21:40:41,879 - INFO - - assistant: 1 sequences, 0.07 GB
2026-09-19 21:40:41,879 - INFO - - user: 0 sequences, 0.00 GB
2026-09-19 21:40:41,879 - INFO - - system: 0 sequences, 0.00 GB
127.0.0.1 - - [19/Sep/2026 21:40:41] "POST /v1/chat/completions HTTP/1.1" 200 -
2026-09-19 21:40:42,333 - INFO - Prompt processing progress: 517/521
2026-09-19 21:40:42,403 - INFO - Prompt processing progress: 520/521
2026-09-19 21:40:42,451 - INFO - Prompt processing progress: 521/521
2026-09-19 21:40:43,503 - INFO - Prompt Cache: 1 sequences, 0.07 GB
2026-09-19 21:40:43,503 - INFO - - assistant: 1 sequences, 0.07 GB
2026-09-19 21:40:43,503 - INFO - - user: 0 sequences, 0.00 GB
2026-09-19 21:40:43,503 - INFO - - system: 0 sequences, 0.00 GB
127.0.0.1 - - [19/Sep/2026 21:40:43] "POST /v1/chat/completions HTTP/1.1" 200 -
2026-09-19 21:40:43,956 - INFO - Prompt processing progress: 517/521
2026-09-19 21:40:44,025 - INFO - Prompt processing progress: 520/521
2026-09-19 21:40:44,071 - INFO - Prompt processing progress: 521/521
2026-09-19 21:40:48,899 - INFO - Prompt Cache: 1 sequences, 0.07 GB
2026-09-19 21:40:48,899 - INFO - - assistant: 1 sequences, 0.07 GB
2026-09-19 21:40:48,899 - INFO - - user: 0 sequences, 0.00 GB
2026-09-19 21:40:48,899 - INFO - - system: 0 sequences, 0.00 GB
127.0.0.1 - - [19/Sep/2026 21:40:48] "POST /v1/chat/completions HTTP/1.1" 200 -
2026-09-19 21:40:49,348 - INFO - Prompt processing progress: 517/521
2026-09-19 21:40:49,416 - INFO - Prompt processing progress: 520/521
2026-09-19 21:40:49,463 - INFO - Prompt processing progress: 521/521
2026-09-19 21:40:50,502 - INFO - Prompt Cache: 1 sequences, 0.07 GB
2026-09-19 21:40:50,502 - INFO - - assistant: 1 sequences, 0.07 GB
2026-09-19 21:40:50,502 - INFO - - user: 0 sequences, 0.00 GB
2026-09-19 21:40:50,502 - INFO - - system: 0 sequences, 0.00 GB
127.0.0.1 - - [19/Sep/2026 21:40:50] "POST /v1/chat/completions HTTP/1.1" 200 -
2026-09-19 21:40:50,952 - INFO - Prompt processing progress: 517/521
2026-09-19 21:40:51,019 - INFO - Prompt processing progress: 520/521
2026-09-19 21:40:51,064 - INFO - Prompt processing progress: 521/521
2026-09-19 21:40:55,873 - INFO - Prompt Cache: 1 sequences, 0.07 GB
2026-09-19 21:40:55,873 - INFO - - assistant: 1 sequences, 0.07 GB
2026-09-19 21:40:55,873 - INFO - - user: 0 sequences, 0.00 GB
2026-09-19 21:40:55,873 - INFO - - system: 0 sequences, 0.00 GB
127.0.0.1 - - [19/Sep/2026 21:40:55] "POST /v1/chat/completions HTTP/1.1" 200 -
2026-09-19 21:40:56,325 - INFO - Prompt processing progress: 517/521
2026-09-19 21:40:56,394 - INFO - Prompt processing progress: 520/521
2026-09-19 21:40:56,440 - INFO - Prompt processing progress: 521/521
2026-09-19 21:40:57,498 - INFO - Prompt Cache: 1 sequences, 0.07 GB
2026-09-19 21:40:57,498 - INFO - - assistant: 1 sequences, 0.07 GB
2026-09-19 21:40:57,498 - INFO - - user: 0 sequences, 0.00 GB
2026-09-19 21:40:57,499 - INFO - - system: 0 sequences, 0.00 GB
127.0.0.1 - - [19/Sep/2026 21:40:57] "POST /v1/chat/completions HTTP/1.1" 200 -
2026-09-19 21:40:57,955 - INFO - Prompt processing progress: 517/521
2026-09-19 21:40:58,023 - INFO - Prompt processing progress: 520/521
2026-09-19 21:40:58,070 - INFO - Prompt processing progress: 521/521
2026-09-19 21:41:02,809 - INFO - Prompt Cache: 1 sequences, 0.07 GB
2026-09-19 21:41:02,809 - INFO - - assistant: 1 sequences, 0.07 GB
2026-09-19 21:41:02,809 - INFO - - user: 0 sequences, 0.00 GB
2026-09-19 21:41:02,809 - INFO - - system: 0 sequences, 0.00 GB
127.0.0.1 - - [19/Sep/2026 21:41:02] "POST /v1/chat/completions HTTP/1.1" 200 -
2026-09-19 21:41:03,260 - INFO - Prompt processing progress: 517/521
2026-09-19 21:41:03,328 - INFO - Prompt processing progress: 520/521
2026-09-19 21:41:03,374 - INFO - Prompt processing progress: 521/521
2026-09-19 21:41:04,424 - INFO - Prompt Cache: 1 sequences, 0.07 GB
2026-09-19 21:41:04,424 - INFO - - assistant: 1 sequences, 0.07 GB
2026-09-19 21:41:04,424 - INFO - - user: 0 sequences, 0.00 GB
2026-09-19 21:41:04,424 - INFO - - system: 0 sequences, 0.00 GB
127.0.0.1 - - [19/Sep/2026 21:41:04] "POST /v1/chat/completions HTTP/1.1" 200 -
2026-09-19 21:41:04,874 - INFO - Prompt processing progress: 517/521
2026-09-19 21:41:04,942 - INFO - Prompt processing progress: 520/521
2026-09-19 21:41:04,988 - INFO - Prompt processing progress: 521/521
2026-09-19 21:41:09,794 - INFO - Prompt Cache: 1 sequences, 0.07 GB
2026-09-19 21:41:09,794 - INFO - - assistant: 1 sequences, 0.07 GB
2026-09-19 21:41:09,794 - INFO - - user: 0 sequences, 0.00 GB
2026-09-19 21:41:09,794 - INFO - - system: 0 sequences, 0.00 GB
127.0.0.1 - - [19/Sep/2026 21:41:09] "POST /v1/chat/completions HTTP/1.1" 200 -
2026-09-19 21:41:10,245 - INFO - Prompt processing progress: 517/521
2026-09-19 21:41:10,312 - INFO - Prompt processing progress: 520/521
2026-09-19 21:41:10,358 - INFO - Prompt processing progress: 521/521
2026-09-19 21:41:11,409 - INFO - Prompt Cache: 1 sequences, 0.07 GB
2026-09-19 21:41:11,409 - INFO - - assistant: 1 sequences, 0.07 GB
2026-09-19 21:41:11,409 - INFO - - user: 0 sequences, 0.00 GB
2026-09-19 21:41:11,410 - INFO - - system: 0 sequences, 0.00 GB
127.0.0.1 - - [19/Sep/2026 21:41:11] "POST /v1/chat/completions HTTP/1.1" 200 -
2026-09-19 21:41:11,858 - INFO - Prompt processing progress: 517/521
2026-09-19 21:41:11,924 - INFO - Prompt processing progress: 520/521
2026-09-19 21:41:11,969 - INFO - Prompt processing progress: 521/521
2026-09-19 21:41:16,777 - INFO - Prompt Cache: 1 sequences, 0.07 GB
2026-09-19 21:41:16,777 - INFO - - assistant: 1 sequences, 0.07 GB
2026-09-19 21:41:16,777 - INFO - - user: 0 sequences, 0.00 GB
2026-09-19 21:41:16,777 - INFO - - system: 0 sequences, 0.00 GB
127.0.0.1 - - [19/Sep/2026 21:41:16] "POST /v1/chat/completions HTTP/1.1" 200 -
2026-09-19 21:41:17,226 - INFO - Prompt processing progress: 517/521
2026-09-19 21:41:17,292 - INFO - Prompt processing progress: 520/521
2026-09-19 21:41:17,336 - INFO - Prompt processing progress: 521/521
2026-09-19 21:41:18,378 - INFO - Prompt Cache: 1 sequences, 0.07 GB
2026-09-19 21:41:18,378 - INFO - - assistant: 1 sequences, 0.07 GB
2026-09-19 21:41:18,378 - INFO - - user: 0 sequences, 0.00 GB
2026-09-19 21:41:18,378 - INFO - - system: 0 sequences, 0.00 GB
127.0.0.1 - - [19/Sep/2026 21:41:18] "POST /v1/chat/completions HTTP/1.1" 200 -
2026-09-19 21:41:18,832 - INFO - Prompt processing progress: 517/521
2026-09-19 21:41:18,900 - INFO - Prompt processing progress: 520/521
2026-09-19 21:41:18,946 - INFO - Prompt processing progress: 521/521
2026-09-19 21:41:23,640 - INFO - Prompt Cache: 1 sequences, 0.07 GB
2026-09-19 21:41:23,641 - INFO - - assistant: 1 sequences, 0.07 GB
2026-09-19 21:41:23,641 - INFO - - user: 0 sequences, 0.00 GB
2026-09-19 21:41:23,641 - INFO - - system: 0 sequences, 0.00 GB
127.0.0.1 - - [19/Sep/2026 21:41:23] "POST /v1/chat/completions HTTP/1.1" 200 -
2026-09-19 21:41:24,093 - INFO - Prompt processing progress: 517/521
2026-09-19 21:41:24,161 - INFO - Prompt processing progress: 520/521
2026-09-19 21:41:24,208 - INFO - Prompt processing progress: 521/521
2026-09-19 21:41:25,264 - INFO - Prompt Cache: 1 sequences, 0.07 GB
2026-09-19 21:41:25,264 - INFO - - assistant: 1 sequences, 0.07 GB
2026-09-19 21:41:25,264 - INFO - - user: 0 sequences, 0.00 GB
2026-09-19 21:41:25,264 - INFO - - system: 0 sequences, 0.00 GB
127.0.0.1 - - [19/Sep/2026 21:41:25] "POST /v1/chat/completions HTTP/1.1" 200 -
2026-09-19 21:41:25,719 - INFO - Prompt processing progress: 517/521
2026-09-19 21:41:25,787 - INFO - Prompt processing progress: 520/521
2026-09-19 21:41:25,834 - INFO - Prompt processing progress: 521/521
2026-09-19 21:41:30,918 - INFO - Prompt Cache: 1 sequences, 0.07 GB
2026-09-19 21:41:30,918 - INFO - - assistant: 1 sequences, 0.07 GB
2026-09-19 21:41:30,918 - INFO - - user: 0 sequences, 0.00 GB
2026-09-19 21:41:30,918 - INFO - - system: 0 sequences, 0.00 GB
127.0.0.1 - - [19/Sep/2026 21:41:30] "POST /v1/chat/completions HTTP/1.1" 200 -
2026-09-19 21:41:31,374 - INFO - Prompt processing progress: 517/521
2026-09-19 21:41:31,442 - INFO - Prompt processing progress: 520/521
2026-09-19 21:41:31,490 - INFO - Prompt processing progress: 521/521
2026-09-19 21:41:32,031 - INFO - Prompt Cache: 1 sequences, 0.07 GB
2026-09-19 21:41:32,031 - INFO - - assistant: 1 sequences, 0.07 GB
2026-09-19 21:41:32,031 - INFO - - user: 0 sequences, 0.00 GB
2026-09-19 21:41:32,031 - INFO - - system: 0 sequences, 0.00 GB
127.0.0.1 - - [19/Sep/2026 21:41:32] "POST /v1/chat/completions HTTP/1.1" 200 -
2026-09-19 21:41:32,480 - INFO - Prompt processing progress: 517/521
2026-09-19 21:41:32,548 - INFO - Prompt processing progress: 520/521
2026-09-19 21:41:32,596 - INFO - Prompt processing progress: 521/521
2026-09-19 21:41:38,208 - INFO - Prompt Cache: 1 sequences, 0.07 GB
2026-09-19 21:41:38,208 - INFO - - assistant: 1 sequences, 0.07 GB
2026-09-19 21:41:38,208 - INFO - - user: 0 sequences, 0.00 GB
2026-09-19 21:41:38,208 - INFO - - system: 0 sequences, 0.00 GB
127.0.0.1 - - [19/Sep/2026 21:41:38] "POST /v1/chat/completions HTTP/1.1" 200 -
2026-09-19 21:41:38,669 - INFO - Prompt processing progress: 517/521
2026-09-19 21:41:38,719 - INFO - Prompt processing progress: 520/521
2026-09-19 21:41:38,740 - INFO - Prompt processing progress: 521/521
2026-09-19 21:41:38,812 - INFO - Prompt Cache: 1 sequences, 0.06 GB
2026-09-19 21:41:38,812 - INFO - - assistant: 1 sequences, 0.06 GB
2026-09-19 21:41:38,812 - INFO - - user: 0 sequences, 0.00 GB
2026-09-19 21:41:38,812 - INFO - - system: 0 sequences, 0.00 GB
127.0.0.1 - - [19/Sep/2026 21:41:38] "POST /v1/chat/completions HTTP/1.1" 200 -
2026-09-19 21:41:39,266 - INFO - Prompt processing progress: 517/521
2026-09-19 21:41:39,333 - INFO - Prompt processing progress: 520/521
2026-09-19 21:41:39,381 - INFO - Prompt processing progress: 521/521
2026-09-19 21:41:45,071 - INFO - Prompt Cache: 1 sequences, 0.07 GB
2026-09-19 21:41:45,071 - INFO - - assistant: 1 sequences, 0.07 GB
2026-09-19 21:41:45,071 - INFO - - user: 0 sequences, 0.00 GB
2026-09-19 21:41:45,071 - INFO - - system: 0 sequences, 0.00 GB
127.0.0.1 - - [19/Sep/2026 21:41:45] "POST /v1/chat/completions HTTP/1.1" 200 -
2026-09-19 21:41:45,526 - INFO - Prompt processing progress: 517/521
2026-09-19 21:41:45,600 - INFO - Prompt processing progress: 520/521
2026-09-19 21:41:45,649 - INFO - Prompt processing progress: 521/521
2026-09-19 21:41:46,186 - INFO - Prompt Cache: 1 sequences, 0.07 GB
2026-09-19 21:41:46,186 - INFO - - assistant: 1 sequences, 0.07 GB
2026-09-19 21:41:46,186 - INFO - - user: 0 sequences, 0.00 GB
2026-09-19 21:41:46,186 - INFO - - system: 0 sequences, 0.00 GB
127.0.0.1 - - [19/Sep/2026 21:41:46] "POST /v1/chat/completions HTTP/1.1" 200 -
2026-09-19 21:41:46,642 - INFO - Prompt processing progress: 517/521
2026-09-19 21:41:46,710 - INFO - Prompt processing progress: 520/521
2026-09-19 21:41:46,757 - INFO - Prompt processing progress: 521/521
2026-09-19 21:41:51,831 - INFO - Prompt Cache: 1 sequences, 0.07 GB
2026-09-19 21:41:51,831 - INFO - - assistant: 1 sequences, 0.07 GB
2026-09-19 21:41:51,831 - INFO - - user: 0 sequences, 0.00 GB
2026-09-19 21:41:51,831 - INFO - - system: 0 sequences, 0.00 GB
127.0.0.1 - - [19/Sep/2026 21:41:51] "POST /v1/chat/completions HTTP/1.1" 200 -
2026-09-19 21:41:52,288 - INFO - Prompt processing progress: 517/521
2026-09-19 21:41:52,355 - INFO - Prompt processing progress: 520/521
2026-09-19 21:41:52,403 - INFO - Prompt processing progress: 521/521
2026-09-19 21:41:53,449 - INFO - Prompt Cache: 1 sequences, 0.07 GB
2026-09-19 21:41:53,449 - INFO - - assistant: 1 sequences, 0.07 GB
2026-09-19 21:41:53,449 - INFO - - user: 0 sequences, 0.00 GB
2026-09-19 21:41:53,449 - INFO - - system: 0 sequences, 0.00 GB
127.0.0.1 - - [19/Sep/2026 21:41:53] "POST /v1/chat/completions HTTP/1.1" 200 -
2026-09-19 21:41:53,904 - INFO - Prompt processing progress: 517/521
2026-09-19 21:41:53,972 - INFO - Prompt processing progress: 520/521
2026-09-19 21:41:54,019 - INFO - Prompt processing progress: 521/521
2026-09-19 21:41:58,636 - INFO - Prompt Cache: 1 sequences, 0.07 GB
2026-09-19 21:41:58,636 - INFO - - assistant: 1 sequences, 0.07 GB
2026-09-19 21:41:58,636 - INFO - - user: 0 sequences, 0.00 GB
2026-09-19 21:41:58,636 - INFO - - system: 0 sequences, 0.00 GB
127.0.0.1 - - [19/Sep/2026 21:41:58] "POST /v1/chat/completions HTTP/1.1" 200 -
2026-09-19 21:41:59,090 - INFO - Prompt processing progress: 517/521
2026-09-19 21:41:59,158 - INFO - Prompt processing progress: 520/521
2026-09-19 21:41:59,206 - INFO - Prompt processing progress: 521/521
2026-09-19 21:42:00,776 - INFO - Prompt Cache: 1 sequences, 0.07 GB
2026-09-19 21:42:00,776 - INFO - - assistant: 1 sequences, 0.07 GB
2026-09-19 21:42:00,776 - INFO - - user: 0 sequences, 0.00 GB
2026-09-19 21:42:00,776 - INFO - - system: 0 sequences, 0.00 GB
127.0.0.1 - - [19/Sep/2026 21:42:00] "POST /v1/chat/completions HTTP/1.1" 200 -
2026-09-19 21:42:01,233 - INFO - Prompt processing progress: 517/521
2026-09-19 21:42:01,301 - INFO - Prompt processing progress: 520/521
2026-09-19 21:42:01,350 - INFO - Prompt processing progress: 521/521
2026-09-19 21:42:05,421 - INFO - Prompt Cache: 1 sequences, 0.07 GB
2026-09-19 21:42:05,421 - INFO - - assistant: 1 sequences, 0.07 GB
2026-09-19 21:42:05,421 - INFO - - user: 0 sequences, 0.00 GB
2026-09-19 21:42:05,421 - INFO - - system: 0 sequences, 0.00 GB
127.0.0.1 - - [19/Sep/2026 21:42:05] "POST /v1/chat/completions HTTP/1.1" 200 -
2026-09-19 21:42:05,877 - INFO - Prompt processing progress: 517/521
2026-09-19 21:42:05,945 - INFO - Prompt processing progress: 520/521
2026-09-19 21:42:05,993 - INFO - Prompt processing progress: 521/521
2026-09-19 21:42:08,046 - INFO - Prompt Cache: 1 sequences, 0.07 GB
2026-09-19 21:42:08,046 - INFO - - assistant: 1 sequences, 0.07 GB
2026-09-19 21:42:08,046 - INFO - - user: 0 sequences, 0.00 GB
2026-09-19 21:42:08,046 - INFO - - system: 0 sequences, 0.00 GB
127.0.0.1 - - [19/Sep/2026 21:42:08] "POST /v1/chat/completions HTTP/1.1" 200 -
2026-09-19 21:42:08,502 - INFO - Prompt processing progress: 517/521
2026-09-19 21:42:08,571 - INFO - Prompt processing progress: 520/521
2026-09-19 21:42:08,617 - INFO - Prompt processing progress: 521/521
2026-09-19 21:42:12,179 - INFO - Prompt Cache: 1 sequences, 0.07 GB
2026-09-19 21:42:12,179 - INFO - - assistant: 1 sequences, 0.07 GB
2026-09-19 21:42:12,179 - INFO - - user: 0 sequences, 0.00 GB
2026-09-19 21:42:12,179 - INFO - - system: 0 sequences, 0.00 GB
127.0.0.1 - - [19/Sep/2026 21:42:12] "POST /v1/chat/completions HTTP/1.1" 200 -
2026-09-19 21:42:12,633 - INFO - Prompt processing progress: 517/521
2026-09-19 21:42:12,701 - INFO - Prompt processing progress: 520/521
2026-09-19 21:42:12,749 - INFO - Prompt processing progress: 521/521
2026-09-19 21:42:15,299 - INFO - Prompt Cache: 1 sequences, 0.07 GB
2026-09-19 21:42:15,300 - INFO - - assistant: 1 sequences, 0.07 GB
2026-09-19 21:42:15,300 - INFO - - user: 0 sequences, 0.00 GB
2026-09-19 21:42:15,300 - INFO - - system: 0 sequences, 0.00 GB
127.0.0.1 - - [19/Sep/2026 21:42:15] "POST /v1/chat/completions HTTP/1.1" 200 -
2026-09-19 21:42:15,755 - INFO - Prompt processing progress: 517/521
2026-09-19 21:42:15,824 - INFO - Prompt processing progress: 520/521
2026-09-19 21:42:15,871 - INFO - Prompt processing progress: 521/521
2026-09-19 21:42:19,458 - INFO - Prompt Cache: 1 sequences, 0.07 GB
2026-09-19 21:42:19,458 - INFO - - assistant: 1 sequences, 0.07 GB
2026-09-19 21:42:19,458 - INFO - - user: 0 sequences, 0.00 GB
2026-09-19 21:42:19,458 - INFO - - system: 0 sequences, 0.00 GB
127.0.0.1 - - [19/Sep/2026 21:42:19] "POST /v1/chat/completions HTTP/1.1" 200 -
2026-09-19 21:42:19,913 - INFO - Prompt processing progress: 517/521
2026-09-19 21:42:19,986 - INFO - Prompt processing progress: 520/521
2026-09-19 21:42:20,033 - INFO - Prompt processing progress: 521/521
2026-09-19 21:42:22,078 - INFO - Prompt Cache: 1 sequences, 0.07 GB
2026-09-19 21:42:22,078 - INFO - - assistant: 1 sequences, 0.07 GB
2026-09-19 21:42:22,078 - INFO - - user: 0 sequences, 0.00 GB
2026-09-19 21:42:22,078 - INFO - - system: 0 sequences, 0.00 GB
127.0.0.1 - - [19/Sep/2026 21:42:22] "POST /v1/chat/completions HTTP/1.1" 200 -
2026-09-19 21:42:22,533 - INFO - Prompt processing progress: 517/521
2026-09-19 21:42:22,601 - INFO - Prompt processing progress: 520/521
2026-09-19 21:42:22,648 - INFO - Prompt processing progress: 521/521
2026-09-19 21:42:26,723 - INFO - Prompt Cache: 1 sequences, 0.07 GB
2026-09-19 21:42:26,723 - INFO - - assistant: 1 sequences, 0.07 GB
2026-09-19 21:42:26,723 - INFO - - user: 0 sequences, 0.00 GB
2026-09-19 21:42:26,723 - INFO - - system: 0 sequences, 0.00 GB
127.0.0.1 - - [19/Sep/2026 21:42:26] "POST /v1/chat/completions HTTP/1.1" 200 -
2026-09-19 21:42:27,179 - INFO - Prompt processing progress: 517/521
2026-09-19 21:42:27,247 - INFO - Prompt processing progress: 520/521
2026-09-19 21:42:27,295 - INFO - Prompt processing progress: 521/521
2026-09-19 21:42:28,853 - INFO - Prompt Cache: 1 sequences, 0.07 GB
2026-09-19 21:42:28,853 - INFO - - assistant: 1 sequences, 0.07 GB
2026-09-19 21:42:28,853 - INFO - - user: 0 sequences, 0.00 GB
2026-09-19 21:42:28,853 - INFO - - system: 0 sequences, 0.00 GB
127.0.0.1 - - [19/Sep/2026 21:42:28] "POST /v1/chat/completions HTTP/1.1" 200 -
2026-09-19 21:42:29,309 - INFO - Prompt processing progress: 517/521
2026-09-19 21:42:29,377 - INFO - Prompt processing progress: 520/521
2026-09-19 21:42:29,424 - INFO - Prompt processing progress: 521/521
2026-09-19 21:42:33,988 - INFO - Prompt Cache: 1 sequences, 0.07 GB
2026-09-19 21:42:33,989 - INFO - - assistant: 1 sequences, 0.07 GB
2026-09-19 21:42:33,989 - INFO - - user: 0 sequences, 0.00 GB
2026-09-19 21:42:33,989 - INFO - - system: 0 sequences, 0.00 GB
127.0.0.1 - - [19/Sep/2026 21:42:33] "POST /v1/chat/completions HTTP/1.1" 200 -
2026-09-19 21:42:34,443 - INFO - Prompt processing progress: 517/521
2026-09-19 21:42:34,512 - INFO - Prompt processing progress: 520/521
2026-09-19 21:42:34,559 - INFO - Prompt processing progress: 521/521
2026-09-19 21:42:35,608 - INFO - Prompt Cache: 1 sequences, 0.07 GB
2026-09-19 21:42:35,609 - INFO - - assistant: 1 sequences, 0.07 GB
2026-09-19 21:42:35,609 - INFO - - user: 0 sequences, 0.00 GB
2026-09-19 21:42:35,609 - INFO - - system: 0 sequences, 0.00 GB
127.0.0.1 - - [19/Sep/2026 21:42:35] "POST /v1/chat/completions HTTP/1.1" 200 -
2026-09-19 21:42:36,064 - INFO - Prompt processing progress: 517/521
2026-09-19 21:42:36,133 - INFO - Prompt processing progress: 520/521
2026-09-19 21:42:36,180 - INFO - Prompt processing progress: 521/521
2026-09-19 21:42:41,441 - INFO - Prompt Cache: 1 sequences, 0.07 GB
2026-09-19 21:42:41,441 - INFO - - assistant: 1 sequences, 0.07 GB
2026-09-19 21:42:41,442 - INFO - - user: 0 sequences, 0.00 GB
2026-09-19 21:42:41,442 - INFO - - system: 0 sequences, 0.00 GB
127.0.0.1 - - [19/Sep/2026 21:42:41] "POST /v1/chat/completions HTTP/1.1" 200 -
2026-09-19 21:42:41,898 - INFO - Prompt processing progress: 517/521
2026-09-19 21:42:41,966 - INFO - Prompt processing progress: 520/521
2026-09-19 21:42:42,015 - INFO - Prompt processing progress: 521/521
2026-09-19 21:42:42,537 - INFO - Prompt Cache: 1 sequences, 0.07 GB
2026-09-19 21:42:42,537 - INFO - - assistant: 1 sequences, 0.07 GB
2026-09-19 21:42:42,537 - INFO - - user: 0 sequences, 0.00 GB
2026-09-19 21:42:42,537 - INFO - - system: 0 sequences, 0.00 GB
127.0.0.1 - - [19/Sep/2026 21:42:42] "POST /v1/chat/completions HTTP/1.1" 200 -
2026-09-19 21:42:42,992 - INFO - Prompt processing progress: 517/521
2026-09-19 21:42:43,060 - INFO - Prompt processing progress: 520/521
2026-09-19 21:42:43,110 - INFO - Prompt processing progress: 521/521
2026-09-19 21:42:48,701 - INFO - Prompt Cache: 1 sequences, 0.07 GB
2026-09-19 21:42:48,701 - INFO - - assistant: 1 sequences, 0.07 GB
2026-09-19 21:42:48,701 - INFO - - user: 0 sequences, 0.00 GB
2026-09-19 21:42:48,701 - INFO - - system: 0 sequences, 0.00 GB
127.0.0.1 - - [19/Sep/2026 21:42:48] "POST /v1/chat/completions HTTP/1.1" 200 -
2026-09-19 21:42:49,142 - INFO - Prompt processing progress: 517/521
2026-09-19 21:42:49,187 - INFO - Prompt processing progress: 520/521
2026-09-19 21:42:49,208 - INFO - Prompt processing progress: 521/521
2026-09-19 21:42:49,280 - INFO - Prompt Cache: 1 sequences, 0.06 GB
2026-09-19 21:42:49,280 - INFO - - assistant: 1 sequences, 0.06 GB
2026-09-19 21:42:49,280 - INFO - - user: 0 sequences, 0.00 GB
2026-09-19 21:42:49,280 - INFO - - system: 0 sequences, 0.00 GB
127.0.0.1 - - [19/Sep/2026 21:42:49] "POST /v1/chat/completions HTTP/1.1" 200 -
2026-09-19 21:42:49,734 - INFO - Prompt processing progress: 517/521
2026-09-19 21:42:49,801 - INFO - Prompt processing progress: 520/521
2026-09-19 21:42:49,848 - INFO - Prompt processing progress: 521/521
2026-09-19 21:42:55,670 - INFO - Prompt Cache: 1 sequences, 0.07 GB
2026-09-19 21:42:55,671 - INFO - - assistant: 1 sequences, 0.07 GB
2026-09-19 21:42:55,671 - INFO - - user: 0 sequences, 0.00 GB
2026-09-19 21:42:55,671 - INFO - - system: 0 sequences, 0.00 GB
127.0.0.1 - - [19/Sep/2026 21:42:55] "POST /v1/chat/completions HTTP/1.1" 200 -
2026-09-19 21:42:56,108 - INFO - Prompt processing progress: 517/521
2026-09-19 21:42:56,153 - INFO - Prompt processing progress: 520/521
2026-09-19 21:42:56,175 - INFO - Prompt processing progress: 521/521
2026-09-19 21:42:56,273 - INFO - Prompt Cache: 1 sequences, 0.06 GB
2026-09-19 21:42:56,273 - INFO - - assistant: 1 sequences, 0.06 GB
2026-09-19 21:42:56,273 - INFO - - user: 0 sequences, 0.00 GB
2026-09-19 21:42:56,273 - INFO - - system: 0 sequences, 0.00 GB
127.0.0.1 - - [19/Sep/2026 21:42:56] "POST /v1/chat/completions HTTP/1.1" 200 -
2026-09-19 21:42:56,725 - INFO - Prompt processing progress: 517/521
2026-09-19 21:42:56,793 - INFO - Prompt processing progress: 520/521
2026-09-19 21:42:56,841 - INFO - Prompt processing progress: 521/521
2026-09-19 21:43:02,690 - INFO - Prompt Cache: 1 sequences, 0.07 GB
2026-09-19 21:43:02,690 - INFO - - assistant: 1 sequences, 0.07 GB
2026-09-19 21:43:02,690 - INFO - - user: 0 sequences, 0.00 GB
2026-09-19 21:43:02,690 - INFO - - system: 0 sequences, 0.00 GB
127.0.0.1 - - [19/Sep/2026 21:43:02] "POST /v1/chat/completions HTTP/1.1" 200 -
2026-09-19 21:43:03,128 - INFO - Prompt processing progress: 517/521
2026-09-19 21:43:03,173 - INFO - Prompt processing progress: 520/521
2026-09-19 21:43:03,194 - INFO - Prompt processing progress: 521/521
2026-09-19 21:43:03,293 - INFO - Prompt Cache: 1 sequences, 0.06 GB
2026-09-19 21:43:03,293 - INFO - - assistant: 1 sequences, 0.06 GB
2026-09-19 21:43:03,293 - INFO - - user: 0 sequences, 0.00 GB
2026-09-19 21:43:03,293 - INFO - - system: 0 sequences, 0.00 GB
127.0.0.1 - - [19/Sep/2026 21:43:03] "POST /v1/chat/completions HTTP/1.1" 200 -
2026-09-19 21:43:03,745 - INFO - Prompt processing progress: 517/521
2026-09-19 21:43:03,818 - INFO - Prompt processing progress: 520/521
2026-09-19 21:43:03,865 - INFO - Prompt processing progress: 521/521
2026-09-19 21:43:09,560 - INFO - Prompt Cache: 1 sequences, 0.07 GB
2026-09-19 21:43:09,560 - INFO - - assistant: 1 sequences, 0.07 GB
2026-09-19 21:43:09,560 - INFO - - user: 0 sequences, 0.00 GB
2026-09-19 21:43:09,560 - INFO - - system: 0 sequences, 0.00 GB
127.0.0.1 - - [19/Sep/2026 21:43:09] "POST /v1/chat/completions HTTP/1.1" 200 -
2026-09-19 21:43:10,018 - INFO - Prompt processing progress: 517/521
2026-09-19 21:43:10,092 - INFO - Prompt processing progress: 520/521
2026-09-19 21:43:10,145 - INFO - Prompt processing progress: 521/521
2026-09-19 21:43:10,675 - INFO - Prompt Cache: 1 sequences, 0.07 GB
2026-09-19 21:43:10,675 - INFO - - assistant: 1 sequences, 0.07 GB
2026-09-19 21:43:10,675 - INFO - - user: 0 sequences, 0.00 GB
2026-09-19 21:43:10,675 - INFO - - system: 0 sequences, 0.00 GB
127.0.0.1 - - [19/Sep/2026 21:43:10] "POST /v1/chat/completions HTTP/1.1" 200 -
2026-09-19 21:43:11,126 - INFO - Prompt processing progress: 517/521
2026-09-19 21:43:11,196 - INFO - Prompt processing progress: 520/521
2026-09-19 21:43:11,243 - INFO - Prompt processing progress: 521/521
2026-09-19 21:43:16,406 - INFO - Prompt Cache: 1 sequences, 0.07 GB
2026-09-19 21:43:16,406 - INFO - - assistant: 1 sequences, 0.07 GB
2026-09-19 21:43:16,406 - INFO - - user: 0 sequences, 0.00 GB
2026-09-19 21:43:16,406 - INFO - - system: 0 sequences, 0.00 GB
127.0.0.1 - - [19/Sep/2026 21:43:16] "POST /v1/chat/completions HTTP/1.1" 200 -
2026-09-19 21:43:16,862 - INFO - Prompt processing progress: 517/521
2026-09-19 21:43:16,933 - INFO - Prompt processing progress: 520/521
2026-09-19 21:43:16,980 - INFO - Prompt processing progress: 521/521
2026-09-19 21:43:17,505 - INFO - Prompt Cache: 1 sequences, 0.07 GB
2026-09-19 21:43:17,505 - INFO - - assistant: 1 sequences, 0.07 GB
2026-09-19 21:43:17,505 - INFO - - user: 0 sequences, 0.00 GB
2026-09-19 21:43:17,505 - INFO - - system: 0 sequences, 0.00 GB
127.0.0.1 - - [19/Sep/2026 21:43:17] "POST /v1/chat/completions HTTP/1.1" 200 -
2026-09-19 21:43:17,960 - INFO - Prompt processing progress: 517/521
2026-09-19 21:43:18,032 - INFO - Prompt processing progress: 520/521
2026-09-19 21:43:18,078 - INFO - Prompt processing progress: 521/521
2026-09-19 21:43:23,718 - INFO - Prompt Cache: 1 sequences, 0.07 GB
2026-09-19 21:43:23,718 - INFO - - assistant: 1 sequences, 0.07 GB
2026-09-19 21:43:23,719 - INFO - - user: 0 sequences, 0.00 GB
2026-09-19 21:43:23,719 - INFO - - system: 0 sequences, 0.00 GB
127.0.0.1 - - [19/Sep/2026 21:43:23] "POST /v1/chat/completions HTTP/1.1" 200 -
2026-09-19 21:43:24,157 - INFO - Prompt processing progress: 517/521
2026-09-19 21:43:24,201 - INFO - Prompt processing progress: 520/521
2026-09-19 21:43:24,222 - INFO - Prompt processing progress: 521/521
2026-09-19 21:43:24,322 - INFO - Prompt Cache: 1 sequences, 0.06 GB
2026-09-19 21:43:24,322 - INFO - - assistant: 1 sequences, 0.06 GB
2026-09-19 21:43:24,322 - INFO - - user: 0 sequences, 0.00 GB
2026-09-19 21:43:24,322 - INFO - - system: 0 sequences, 0.00 GB
127.0.0.1 - - [19/Sep/2026 21:43:24] "POST /v1/chat/completions HTTP/1.1" 200 -
2026-09-19 21:43:24,775 - INFO - Prompt processing progress: 517/521
2026-09-19 21:43:24,848 - INFO - Prompt processing progress: 520/521
2026-09-19 21:43:24,895 - INFO - Prompt processing progress: 521/521
2026-09-19 21:43:30,651 - INFO - Prompt Cache: 1 sequences, 0.07 GB
2026-09-19 21:43:30,652 - INFO - - assistant: 1 sequences, 0.07 GB
2026-09-19 21:43:30,652 - INFO - - user: 0 sequences, 0.00 GB
2026-09-19 21:43:30,652 - INFO - - system: 0 sequences, 0.00 GB
127.0.0.1 - - [19/Sep/2026 21:43:30] "POST /v1/chat/completions HTTP/1.1" 200 -
2026-09-19 21:43:31,088 - INFO - Prompt processing progress: 517/521
2026-09-19 21:43:31,131 - INFO - Prompt processing progress: 520/521
2026-09-19 21:43:31,152 - INFO - Prompt processing progress: 521/521
2026-09-19 21:43:31,250 - INFO - Prompt Cache: 1 sequences, 0.06 GB
2026-09-19 21:43:31,250 - INFO - - assistant: 1 sequences, 0.06 GB
2026-09-19 21:43:31,250 - INFO - - user: 0 sequences, 0.00 GB
2026-09-19 21:43:31,250 - INFO - - system: 0 sequences, 0.00 GB
127.0.0.1 - - [19/Sep/2026 21:43:31] "POST /v1/chat/completions HTTP/1.1" 200 -
2026-09-19 21:43:31,702 - INFO - Prompt processing progress: 517/521
2026-09-19 21:43:31,774 - INFO - Prompt processing progress: 520/521
2026-09-19 21:43:31,821 - INFO - Prompt processing progress: 521/521
2026-09-19 21:43:37,509 - INFO - Prompt Cache: 1 sequences, 0.07 GB
2026-09-19 21:43:37,509 - INFO - - assistant: 1 sequences, 0.07 GB
2026-09-19 21:43:37,509 - INFO - - user: 0 sequences, 0.00 GB
2026-09-19 21:43:37,509 - INFO - - system: 0 sequences, 0.00 GB
127.0.0.1 - - [19/Sep/2026 21:43:37] "POST /v1/chat/completions HTTP/1.1" 200 -
2026-09-19 21:43:37,945 - INFO - Prompt processing progress: 517/521
2026-09-19 21:43:37,990 - INFO - Prompt processing progress: 520/521
2026-09-19 21:43:38,011 - INFO - Prompt processing progress: 521/521
2026-09-19 21:43:38,108 - INFO - Prompt Cache: 1 sequences, 0.06 GB
2026-09-19 21:43:38,108 - INFO - - assistant: 1 sequences, 0.06 GB
2026-09-19 21:43:38,108 - INFO - - user: 0 sequences, 0.00 GB
2026-09-19 21:43:38,108 - INFO - - system: 0 sequences, 0.00 GB
127.0.0.1 - - [19/Sep/2026 21:43:38] "POST /v1/chat/completions HTTP/1.1" 200 -
2026-09-19 21:43:38,556 - INFO - Prompt processing progress: 517/521
2026-09-19 21:43:38,627 - INFO - Prompt processing progress: 520/521
2026-09-19 21:43:38,673 - INFO - Prompt processing progress: 521/521
2026-09-19 21:43:44,439 - INFO - Prompt Cache: 1 sequences, 0.07 GB
2026-09-19 21:43:44,439 - INFO - - assistant: 1 sequences, 0.07 GB
2026-09-19 21:43:44,439 - INFO - - user: 0 sequences, 0.00 GB
2026-09-19 21:43:44,439 - INFO - - system: 0 sequences, 0.00 GB
127.0.0.1 - - [19/Sep/2026 21:43:44] "POST /v1/chat/completions HTTP/1.1" 200 -
2026-09-19 21:43:44,880 - INFO - Prompt processing progress: 517/521
2026-09-19 21:43:44,925 - INFO - Prompt processing progress: 520/521
2026-09-19 21:43:44,946 - INFO - Prompt processing progress: 521/521
2026-09-19 21:43:45,045 - INFO - Prompt Cache: 1 sequences, 0.06 GB
2026-09-19 21:43:45,045 - INFO - - assistant: 1 sequences, 0.06 GB
2026-09-19 21:43:45,045 - INFO - - user: 0 sequences, 0.00 GB
2026-09-19 21:43:45,045 - INFO - - system: 0 sequences, 0.00 GB
127.0.0.1 - - [19/Sep/2026 21:43:45] "POST /v1/chat/completions HTTP/1.1" 200 -
2026-09-19 21:43:45,498 - INFO - Prompt processing progress: 517/521
2026-09-19 21:43:45,571 - INFO - Prompt processing progress: 520/521
2026-09-19 21:43:45,618 - INFO - Prompt processing progress: 521/521
2026-09-19 21:43:51,411 - INFO - Prompt Cache: 1 sequences, 0.07 GB
2026-09-19 21:43:51,411 - INFO - - assistant: 1 sequences, 0.07 GB
2026-09-19 21:43:51,411 - INFO - - user: 0 sequences, 0.00 GB
2026-09-19 21:43:51,411 - INFO - - system: 0 sequences, 0.00 GB
127.0.0.1 - - [19/Sep/2026 21:43:51] "POST /v1/chat/completions HTTP/1.1" 200 -
2026-09-19 21:43:51,850 - INFO - Prompt processing progress: 517/521
2026-09-19 21:43:51,895 - INFO - Prompt processing progress: 520/521
2026-09-19 21:43:51,916 - INFO - Prompt processing progress: 521/521
2026-09-19 21:43:51,989 - INFO - Prompt Cache: 1 sequences, 0.06 GB
2026-09-19 21:43:51,989 - INFO - - assistant: 1 sequences, 0.06 GB
2026-09-19 21:43:51,989 - INFO - - user: 0 sequences, 0.00 GB
2026-09-19 21:43:51,989 - INFO - - system: 0 sequences, 0.00 GB
127.0.0.1 - - [19/Sep/2026 21:43:51] "POST /v1/chat/completions HTTP/1.1" 200 -
2026-09-19 21:43:52,442 - INFO - Prompt processing progress: 517/521
2026-09-19 21:43:52,515 - INFO - Prompt processing progress: 520/521
2026-09-19 21:43:52,563 - INFO - Prompt processing progress: 521/521
2026-09-19 21:43:58,384 - INFO - Prompt Cache: 1 sequences, 0.07 GB
2026-09-19 21:43:58,384 - INFO - - assistant: 1 sequences, 0.07 GB
2026-09-19 21:43:58,384 - INFO - - user: 0 sequences, 0.00 GB
2026-09-19 21:43:58,384 - INFO - - system: 0 sequences, 0.00 GB
127.0.0.1 - - [19/Sep/2026 21:43:58] "POST /v1/chat/completions HTTP/1.1" 200 -
2026-09-19 21:43:58,463 - INFO - Prompt Cache: 1 sequences, 0.07 GB
2026-09-19 21:43:58,463 - INFO - - assistant: 1 sequences, 0.07 GB
2026-09-19 21:43:58,463 - INFO - - user: 0 sequences, 0.00 GB
2026-09-19 21:43:58,463 - INFO - - system: 0 sequences, 0.00 GB
127.0.0.1 - - [19/Sep/2026 21:43:58] "POST /v1/chat/completions HTTP/1.1" 200 -
2026-09-19 21:43:59,205 - INFO - Prompt processing progress: 517/521
2026-09-19 21:43:59,205 - INFO - Prompt processing progress: 517/521
2026-09-19 21:43:59,266 - INFO - Prompt processing progress: 520/521
2026-09-19 21:43:59,266 - INFO - Prompt processing progress: 520/521
2026-09-19 21:43:59,300 - INFO - Prompt processing progress: 521/521
2026-09-19 21:43:59,300 - INFO - Prompt processing progress: 521/521
2026-09-19 21:44:05,182 - INFO - Prompt Cache: 1 sequences, 0.07 GB
2026-09-19 21:44:05,182 - INFO - - assistant: 1 sequences, 0.07 GB
2026-09-19 21:44:05,182 - INFO - - user: 0 sequences, 0.00 GB
2026-09-19 21:44:05,182 - INFO - - system: 0 sequences, 0.00 GB
127.0.0.1 - - [19/Sep/2026 21:44:05] "POST /v1/chat/completions HTTP/1.1" 200 -
2026-09-19 21:44:05,259 - INFO - Prompt Cache: 1 sequences, 0.07 GB
2026-09-19 21:44:05,259 - INFO - - assistant: 1 sequences, 0.07 GB
2026-09-19 21:44:05,259 - INFO - - user: 0 sequences, 0.00 GB
2026-09-19 21:44:05,259 - INFO - - system: 0 sequences, 0.00 GB
127.0.0.1 - - [19/Sep/2026 21:44:05] "POST /v1/chat/completions HTTP/1.1" 200 -
2026-09-19 21:44:06,000 - INFO - Prompt processing progress: 517/521
2026-09-19 21:44:06,000 - INFO - Prompt processing progress: 517/521
2026-09-19 21:44:06,061 - INFO - Prompt processing progress: 520/521
2026-09-19 21:44:06,061 - INFO - Prompt processing progress: 520/521
2026-09-19 21:44:06,096 - INFO - Prompt processing progress: 521/521
2026-09-19 21:44:06,096 - INFO - Prompt processing progress: 521/521
2026-09-19 21:44:11,970 - INFO - Prompt Cache: 1 sequences, 0.07 GB
2026-09-19 21:44:11,970 - INFO - - assistant: 1 sequences, 0.07 GB
2026-09-19 21:44:11,970 - INFO - - user: 0 sequences, 0.00 GB
2026-09-19 21:44:11,970 - INFO - - system: 0 sequences, 0.00 GB
127.0.0.1 - - [19/Sep/2026 21:44:11] "POST /v1/chat/completions HTTP/1.1" 200 -
2026-09-19 21:44:12,047 - INFO - Prompt Cache: 1 sequences, 0.07 GB
2026-09-19 21:44:12,047 - INFO - - assistant: 1 sequences, 0.07 GB
2026-09-19 21:44:12,047 - INFO - - user: 0 sequences, 0.00 GB
2026-09-19 21:44:12,047 - INFO - - system: 0 sequences, 0.00 GB
127.0.0.1 - - [19/Sep/2026 21:44:12] "POST /v1/chat/completions HTTP/1.1" 200 -
2026-09-19 21:44:12,788 - INFO - Prompt processing progress: 517/521
2026-09-19 21:44:12,788 - INFO - Prompt processing progress: 517/521
2026-09-19 21:44:12,850 - INFO - Prompt processing progress: 520/521
2026-09-19 21:44:12,850 - INFO - Prompt processing progress: 520/521
2026-09-19 21:44:12,885 - INFO - Prompt processing progress: 521/521
2026-09-19 21:44:12,885 - INFO - Prompt processing progress: 521/521
2026-09-19 21:44:18,772 - INFO - Prompt Cache: 1 sequences, 0.07 GB
2026-09-19 21:44:18,772 - INFO - - assistant: 1 sequences, 0.07 GB
2026-09-19 21:44:18,772 - INFO - - user: 0 sequences, 0.00 GB
2026-09-19 21:44:18,772 - INFO - - system: 0 sequences, 0.00 GB
127.0.0.1 - - [19/Sep/2026 21:44:18] "POST /v1/chat/completions HTTP/1.1" 200 -
2026-09-19 21:44:18,848 - INFO - Prompt Cache: 1 sequences, 0.07 GB
2026-09-19 21:44:18,848 - INFO - - assistant: 1 sequences, 0.07 GB
2026-09-19 21:44:18,848 - INFO - - user: 0 sequences, 0.00 GB
2026-09-19 21:44:18,848 - INFO - - system: 0 sequences, 0.00 GB
127.0.0.1 - - [19/Sep/2026 21:44:18] "POST /v1/chat/completions HTTP/1.1" 200 -
2026-09-19 21:44:19,590 - INFO - Prompt processing progress: 517/521
2026-09-19 21:44:19,590 - INFO - Prompt processing progress: 517/521
2026-09-19 21:44:19,652 - INFO - Prompt processing progress: 520/521
2026-09-19 21:44:19,652 - INFO - Prompt processing progress: 520/521
2026-09-19 21:44:19,686 - INFO - Prompt processing progress: 521/521
2026-09-19 21:44:19,686 - INFO - Prompt processing progress: 521/521
2026-09-19 21:44:25,560 - INFO - Prompt Cache: 1 sequences, 0.07 GB
2026-09-19 21:44:25,560 - INFO - - assistant: 1 sequences, 0.07 GB
2026-09-19 21:44:25,560 - INFO - - user: 0 sequences, 0.00 GB
2026-09-19 21:44:25,560 - INFO - - system: 0 sequences, 0.00 GB
127.0.0.1 - - [19/Sep/2026 21:44:25] "POST /v1/chat/completions HTTP/1.1" 200 -
2026-09-19 21:44:25,637 - INFO - Prompt Cache: 1 sequences, 0.07 GB
2026-09-19 21:44:25,637 - INFO - - assistant: 1 sequences, 0.07 GB
2026-09-19 21:44:25,637 - INFO - - user: 0 sequences, 0.00 GB
2026-09-19 21:44:25,637 - INFO - - system: 0 sequences, 0.00 GB
127.0.0.1 - - [19/Sep/2026 21:44:25] "POST /v1/chat/completions HTTP/1.1" 200 -
2026-09-19 21:44:26,378 - INFO - Prompt processing progress: 517/521
2026-09-19 21:44:26,378 - INFO - Prompt processing progress: 517/521
2026-09-19 21:44:26,439 - INFO - Prompt processing progress: 520/521
2026-09-19 21:44:26,439 - INFO - Prompt processing progress: 520/521
2026-09-19 21:44:26,473 - INFO - Prompt processing progress: 521/521
2026-09-19 21:44:26,474 - INFO - Prompt processing progress: 521/521
2026-09-19 21:44:32,350 - INFO - Prompt Cache: 1 sequences, 0.07 GB
2026-09-19 21:44:32,350 - INFO - - assistant: 1 sequences, 0.07 GB
2026-09-19 21:44:32,350 - INFO - - user: 0 sequences, 0.00 GB
2026-09-19 21:44:32,350 - INFO - - system: 0 sequences, 0.00 GB
127.0.0.1 - - [19/Sep/2026 21:44:32] "POST /v1/chat/completions HTTP/1.1" 200 -
2026-09-19 21:44:32,427 - INFO - Prompt Cache: 1 sequences, 0.07 GB
2026-09-19 21:44:32,427 - INFO - - assistant: 1 sequences, 0.07 GB
2026-09-19 21:44:32,427 - INFO - - user: 0 sequences, 0.00 GB
2026-09-19 21:44:32,427 - INFO - - system: 0 sequences, 0.00 GB
127.0.0.1 - - [19/Sep/2026 21:44:32] "POST /v1/chat/completions HTTP/1.1" 200 -
2026-09-19 21:44:33,170 - INFO - Prompt processing progress: 517/521
2026-09-19 21:44:33,170 - INFO - Prompt processing progress: 517/521
2026-09-19 21:44:33,231 - INFO - Prompt processing progress: 520/521
2026-09-19 21:44:33,232 - INFO - Prompt processing progress: 520/521
2026-09-19 21:44:33,266 - INFO - Prompt processing progress: 521/521
2026-09-19 21:44:33,266 - INFO - Prompt processing progress: 521/521
2026-09-19 21:44:39,133 - INFO - Prompt Cache: 1 sequences, 0.07 GB
2026-09-19 21:44:39,133 - INFO - - assistant: 1 sequences, 0.07 GB
2026-09-19 21:44:39,133 - INFO - - user: 0 sequences, 0.00 GB
2026-09-19 21:44:39,133 - INFO - - system: 0 sequences, 0.00 GB
127.0.0.1 - - [19/Sep/2026 21:44:39] "POST /v1/chat/completions HTTP/1.1" 200 -
2026-09-19 21:44:39,209 - INFO - Prompt Cache: 1 sequences, 0.07 GB
2026-09-19 21:44:39,209 - INFO - - assistant: 1 sequences, 0.07 GB
2026-09-19 21:44:39,209 - INFO - - user: 0 sequences, 0.00 GB
2026-09-19 21:44:39,209 - INFO - - system: 0 sequences, 0.00 GB
127.0.0.1 - - [19/Sep/2026 21:44:39] "POST /v1/chat/completions HTTP/1.1" 200 -
2026-09-19 21:44:39,951 - INFO - Prompt processing progress: 517/521
2026-09-19 21:44:39,951 - INFO - Prompt processing progress: 517/521
2026-09-19 21:44:40,012 - INFO - Prompt processing progress: 520/521
2026-09-19 21:44:40,012 - INFO - Prompt processing progress: 520/521
2026-09-19 21:44:40,046 - INFO - Prompt processing progress: 521/521
2026-09-19 21:44:40,046 - INFO - Prompt processing progress: 521/521
2026-09-19 21:44:45,912 - INFO - Prompt Cache: 1 sequences, 0.07 GB
2026-09-19 21:44:45,912 - INFO - - assistant: 1 sequences, 0.07 GB
2026-09-19 21:44:45,912 - INFO - - user: 0 sequences, 0.00 GB
2026-09-19 21:44:45,912 - INFO - - system: 0 sequences, 0.00 GB
127.0.0.1 - - [19/Sep/2026 21:44:45] "POST /v1/chat/completions HTTP/1.1" 200 -
2026-09-19 21:44:45,989 - INFO - Prompt Cache: 1 sequences, 0.07 GB
2026-09-19 21:44:45,989 - INFO - - assistant: 1 sequences, 0.07 GB
2026-09-19 21:44:45,989 - INFO - - user: 0 sequences, 0.00 GB
2026-09-19 21:44:45,989 - INFO - - system: 0 sequences, 0.00 GB
127.0.0.1 - - [19/Sep/2026 21:44:45] "POST /v1/chat/completions HTTP/1.1" 200 -
2026-09-19 21:44:46,730 - INFO - Prompt processing progress: 517/521
2026-09-19 21:44:46,730 - INFO - Prompt processing progress: 517/521
2026-09-19 21:44:46,791 - INFO - Prompt processing progress: 520/521
2026-09-19 21:44:46,792 - INFO - Prompt processing progress: 520/521
2026-09-19 21:44:46,826 - INFO - Prompt processing progress: 521/521
2026-09-19 21:44:46,826 - INFO - Prompt processing progress: 521/521
2026-09-19 21:44:52,701 - INFO - Prompt Cache: 1 sequences, 0.07 GB
2026-09-19 21:44:52,701 - INFO - - assistant: 1 sequences, 0.07 GB
2026-09-19 21:44:52,701 - INFO - - user: 0 sequences, 0.00 GB
2026-09-19 21:44:52,701 - INFO - - system: 0 sequences, 0.00 GB
127.0.0.1 - - [19/Sep/2026 21:44:52] "POST /v1/chat/completions HTTP/1.1" 200 -
2026-09-19 21:44:52,777 - INFO - Prompt Cache: 1 sequences, 0.07 GB
2026-09-19 21:44:52,777 - INFO - - assistant: 1 sequences, 0.07 GB
2026-09-19 21:44:52,777 - INFO - - user: 0 sequences, 0.00 GB
2026-09-19 21:44:52,777 - INFO - - system: 0 sequences, 0.00 GB
127.0.0.1 - - [19/Sep/2026 21:44:52] "POST /v1/chat/completions HTTP/1.1" 200 -
2026-09-19 21:44:53,518 - INFO - Prompt processing progress: 517/521
2026-09-19 21:44:53,518 - INFO - Prompt processing progress: 517/521
2026-09-19 21:44:53,580 - INFO - Prompt processing progress: 520/521
2026-09-19 21:44:53,580 - INFO - Prompt processing progress: 520/521
2026-09-19 21:44:53,614 - INFO - Prompt processing progress: 521/521
2026-09-19 21:44:53,614 - INFO - Prompt processing progress: 521/521
2026-09-19 21:44:59,501 - INFO - Prompt Cache: 1 sequences, 0.07 GB
2026-09-19 21:44:59,501 - INFO - - assistant: 1 sequences, 0.07 GB
2026-09-19 21:44:59,501 - INFO - - user: 0 sequences, 0.00 GB
2026-09-19 21:44:59,501 - INFO - - system: 0 sequences, 0.00 GB
127.0.0.1 - - [19/Sep/2026 21:44:59] "POST /v1/chat/completions HTTP/1.1" 200 -
2026-09-19 21:44:59,577 - INFO - Prompt Cache: 1 sequences, 0.07 GB
2026-09-19 21:44:59,578 - INFO - - assistant: 1 sequences, 0.07 GB
2026-09-19 21:44:59,578 - INFO - - user: 0 sequences, 0.00 GB
2026-09-19 21:44:59,578 - INFO - - system: 0 sequences, 0.00 GB
127.0.0.1 - - [19/Sep/2026 21:44:59] "POST /v1/chat/completions HTTP/1.1" 200 -
2026-09-19 21:45:00,321 - INFO - Prompt processing progress: 517/521
2026-09-19 21:45:00,321 - INFO - Prompt processing progress: 517/521
2026-09-19 21:45:00,382 - INFO - Prompt processing progress: 520/521
2026-09-19 21:45:00,382 - INFO - Prompt processing progress: 520/521
2026-09-19 21:45:00,416 - INFO - Prompt processing progress: 521/521
2026-09-19 21:45:00,416 - INFO - Prompt processing progress: 521/521
2026-09-19 21:45:06,294 - INFO - Prompt Cache: 1 sequences, 0.07 GB
2026-09-19 21:45:06,294 - INFO - - assistant: 1 sequences, 0.07 GB
2026-09-19 21:45:06,294 - INFO - - user: 0 sequences, 0.00 GB
2026-09-19 21:45:06,294 - INFO - - system: 0 sequences, 0.00 GB
127.0.0.1 - - [19/Sep/2026 21:45:06] "POST /v1/chat/completions HTTP/1.1" 200 -
2026-09-19 21:45:06,371 - INFO - Prompt Cache: 1 sequences, 0.07 GB
2026-09-19 21:45:06,371 - INFO - - assistant: 1 sequences, 0.07 GB
2026-09-19 21:45:06,371 - INFO - - user: 0 sequences, 0.00 GB
2026-09-19 21:45:06,371 - INFO - - system: 0 sequences, 0.00 GB
127.0.0.1 - - [19/Sep/2026 21:45:06] "POST /v1/chat/completions HTTP/1.1" 200 -
2026-09-19 21:45:07,113 - INFO - Prompt processing progress: 517/521
2026-09-19 21:45:07,113 - INFO - Prompt processing progress: 517/521
2026-09-19 21:45:07,174 - INFO - Prompt processing progress: 520/521
2026-09-19 21:45:07,174 - INFO - Prompt processing progress: 520/521
2026-09-19 21:45:07,209 - INFO - Prompt processing progress: 521/521
2026-09-19 21:45:07,209 - INFO - Prompt processing progress: 521/521
2026-09-19 21:45:13,079 - INFO - Prompt Cache: 1 sequences, 0.07 GB
2026-09-19 21:45:13,079 - INFO - - assistant: 1 sequences, 0.07 GB
2026-09-19 21:45:13,079 - INFO - - user: 0 sequences, 0.00 GB
2026-09-19 21:45:13,079 - INFO - - system: 0 sequences, 0.00 GB
127.0.0.1 - - [19/Sep/2026 21:45:13] "POST /v1/chat/completions HTTP/1.1" 200 -
2026-09-19 21:45:13,531 - INFO - Prompt processing progress: 517/521
2026-09-19 21:45:13,582 - INFO - Prompt processing progress: 520/521
2026-09-19 21:45:13,607 - INFO - Prompt processing progress: 521/521
127.0.0.1 - - [19/Sep/2026 21:45:22] code 501, message Unsupported method ('HEAD')
127.0.0.1 - - [19/Sep/2026 21:45:22] "HEAD /metrics HTTP/1.1" 501 -
127.0.0.1 - - [19/Sep/2026 21:45:22] "GET /metrics HTTP/1.1" 404 -
2026-09-19 21:45:25,511 - INFO - Prompt Cache: 1 sequences, 0.07 GB
2026-09-19 21:45:25,511 - INFO - - assistant: 1 sequences, 0.07 GB
2026-09-19 21:45:25,511 - INFO - - user: 0 sequences, 0.00 GB
2026-09-19 21:45:25,511 - INFO - - system: 0 sequences, 0.00 GB
127.0.0.1 - - [19/Sep/2026 21:45:25] "POST /v1/chat/completions HTTP/1.1" 200 -
2026-09-19 21:45:25,586 - INFO - Prompt Cache: 1 sequences, 0.07 GB
2026-09-19 21:45:25,586 - INFO - - assistant: 1 sequences, 0.07 GB
2026-09-19 21:45:25,586 - INFO - - user: 0 sequences, 0.00 GB
2026-09-19 21:45:25,586 - INFO - - system: 0 sequences, 0.00 GB
127.0.0.1 - - [19/Sep/2026 21:45:25] "POST /v1/chat/completions HTTP/1.1" 200 -
2026-09-19 21:45:25,662 - INFO - Prompt Cache: 1 sequences, 0.07 GB
2026-09-19 21:45:25,662 - INFO - - assistant: 1 sequences, 0.07 GB
2026-09-19 21:45:25,662 - INFO - - user: 0 sequences, 0.00 GB
2026-09-19 21:45:25,662 - INFO - - system: 0 sequences, 0.00 GB
127.0.0.1 - - [19/Sep/2026 21:45:25] "POST /v1/chat/completions HTTP/1.1" 200 -
2026-09-19 21:45:25,742 - INFO - Prompt Cache: 1 sequences, 0.07 GB
2026-09-19 21:45:25,742 - INFO - - assistant: 1 sequences, 0.07 GB
2026-09-19 21:45:25,742 - INFO - - user: 0 sequences, 0.00 GB
2026-09-19 21:45:25,742 - INFO - - system: 0 sequences, 0.00 GB
127.0.0.1 - - [19/Sep/2026 21:45:25] "POST /v1/chat/completions HTTP/1.1" 200 -
2026-09-19 21:45:27,169 - INFO - Prompt processing progress: 517/521
2026-09-19 21:45:27,169 - INFO - Prompt processing progress: 517/521
2026-09-19 21:45:27,169 - INFO - Prompt processing progress: 517/521
2026-09-19 21:45:27,169 - INFO - Prompt processing progress: 517/521
2026-09-19 21:45:27,259 - INFO - Prompt processing progress: 520/521
2026-09-19 21:45:27,259 - INFO - Prompt processing progress: 520/521
2026-09-19 21:45:27,259 - INFO - Prompt processing progress: 520/521
2026-09-19 21:45:27,259 - INFO - Prompt processing progress: 520/521
2026-09-19 21:45:27,307 - INFO - Prompt processing progress: 521/521
2026-09-19 21:45:27,307 - INFO - Prompt processing progress: 521/521
2026-09-19 21:45:27,307 - INFO - Prompt processing progress: 521/521
2026-09-19 21:45:27,307 - INFO - Prompt processing progress: 521/521
2026-09-19 21:45:33,798 - INFO - Prompt Cache: 1 sequences, 0.07 GB
2026-09-19 21:45:33,798 - INFO - - assistant: 1 sequences, 0.07 GB
2026-09-19 21:45:33,799 - INFO - - user: 0 sequences, 0.00 GB
2026-09-19 21:45:33,799 - INFO - - system: 0 sequences, 0.00 GB
127.0.0.1 - - [19/Sep/2026 21:45:33] "POST /v1/chat/completions HTTP/1.1" 200 -
2026-09-19 21:45:33,883 - INFO - Prompt Cache: 1 sequences, 0.07 GB
2026-09-19 21:45:33,883 - INFO - - assistant: 1 sequences, 0.07 GB
2026-09-19 21:45:33,883 - INFO - - user: 0 sequences, 0.00 GB
2026-09-19 21:45:33,883 - INFO - - system: 0 sequences, 0.00 GB
127.0.0.1 - - [19/Sep/2026 21:45:33] "POST /v1/chat/completions HTTP/1.1" 200 -
2026-09-19 21:45:33,962 - INFO - Prompt Cache: 1 sequences, 0.07 GB
2026-09-19 21:45:33,962 - INFO - - assistant: 1 sequences, 0.07 GB
2026-09-19 21:45:33,962 - INFO - - user: 0 sequences, 0.00 GB
2026-09-19 21:45:33,962 - INFO - - system: 0 sequences, 0.00 GB
127.0.0.1 - - [19/Sep/2026 21:45:33] "POST /v1/chat/completions HTTP/1.1" 200 -
2026-09-19 21:45:34,041 - INFO - Prompt Cache: 1 sequences, 0.07 GB
2026-09-19 21:45:34,041 - INFO - - assistant: 1 sequences, 0.07 GB
2026-09-19 21:45:34,041 - INFO - - user: 0 sequences, 0.00 GB
2026-09-19 21:45:34,041 - INFO - - system: 0 sequences, 0.00 GB
127.0.0.1 - - [19/Sep/2026 21:45:34] "POST /v1/chat/completions HTTP/1.1" 200 -
2026-09-19 21:45:35,423 - INFO - Prompt processing progress: 517/521
2026-09-19 21:45:35,423 - INFO - Prompt processing progress: 517/521
2026-09-19 21:45:35,423 - INFO - Prompt processing progress: 517/521
2026-09-19 21:45:35,423 - INFO - Prompt processing progress: 517/521
2026-09-19 21:45:35,520 - INFO - Prompt processing progress: 520/521
2026-09-19 21:45:35,520 - INFO - Prompt processing progress: 520/521
2026-09-19 21:45:35,520 - INFO - Prompt processing progress: 520/521
2026-09-19 21:45:35,520 - INFO - Prompt processing progress: 520/521
2026-09-19 21:45:35,570 - INFO - Prompt processing progress: 521/521
2026-09-19 21:45:35,570 - INFO - Prompt processing progress: 521/521
2026-09-19 21:45:35,570 - INFO - Prompt processing progress: 521/521
2026-09-19 21:45:35,570 - INFO - Prompt processing progress: 521/521
2026-09-19 21:45:38,632 - INFO - Prompt Cache: 1 sequences, 0.07 GB
2026-09-19 21:45:38,632 - INFO - - assistant: 1 sequences, 0.07 GB
2026-09-19 21:45:38,632 - INFO - - user: 0 sequences, 0.00 GB
2026-09-19 21:45:38,632 - INFO - - system: 0 sequences, 0.00 GB
127.0.0.1 - - [19/Sep/2026 21:45:38] "POST /v1/chat/completions HTTP/1.1" 200 -
2026-09-19 21:45:39,112 - INFO - Prompt processing progress: 517/521
2026-09-19 21:45:39,203 - INFO - Prompt processing progress: 520/521
2026-09-19 21:45:39,271 - INFO - Prompt processing progress: 521/521
2026-09-19 21:45:42,935 - INFO - Prompt Cache: 1 sequences, 0.07 GB
2026-09-19 21:45:42,935 - INFO - - assistant: 1 sequences, 0.07 GB
2026-09-19 21:45:42,935 - INFO - - user: 0 sequences, 0.00 GB
2026-09-19 21:45:42,935 - INFO - - system: 0 sequences, 0.00 GB
127.0.0.1 - - [19/Sep/2026 21:45:42] "POST /v1/chat/completions HTTP/1.1" 200 -
2026-09-19 21:45:43,014 - INFO - Prompt Cache: 1 sequences, 0.07 GB
2026-09-19 21:45:43,014 - INFO - - assistant: 1 sequences, 0.07 GB
2026-09-19 21:45:43,014 - INFO - - user: 0 sequences, 0.00 GB
2026-09-19 21:45:43,014 - INFO - - system: 0 sequences, 0.00 GB
127.0.0.1 - - [19/Sep/2026 21:45:43] "POST /v1/chat/completions HTTP/1.1" 200 -
2026-09-19 21:45:43,090 - INFO - Prompt Cache: 1 sequences, 0.07 GB
2026-09-19 21:45:43,090 - INFO - - assistant: 1 sequences, 0.07 GB
2026-09-19 21:45:43,090 - INFO - - user: 0 sequences, 0.00 GB
2026-09-19 21:45:43,090 - INFO - - system: 0 sequences, 0.00 GB
127.0.0.1 - - [19/Sep/2026 21:45:43] "POST /v1/chat/completions HTTP/1.1" 200 -
2026-09-19 21:45:44,167 - INFO - Prompt processing progress: 517/521
2026-09-19 21:45:44,167 - INFO - Prompt processing progress: 517/521
2026-09-19 21:45:44,167 - INFO - Prompt processing progress: 517/521
2026-09-19 21:45:44,269 - INFO - Prompt processing progress: 520/521
2026-09-19 21:45:44,269 - INFO - Prompt processing progress: 520/521
2026-09-19 21:45:44,269 - INFO - Prompt processing progress: 520/521
2026-09-19 21:45:44,337 - INFO - Prompt processing progress: 521/521
2026-09-19 21:45:44,337 - INFO - Prompt processing progress: 521/521
2026-09-19 21:45:44,337 - INFO - Prompt processing progress: 521/521
2026-09-19 21:45:47,285 - INFO - Prompt Cache: 1 sequences, 0.07 GB
2026-09-19 21:45:47,285 - INFO - - assistant: 1 sequences, 0.07 GB
2026-09-19 21:45:47,285 - INFO - - user: 0 sequences, 0.00 GB
2026-09-19 21:45:47,285 - INFO - - system: 0 sequences, 0.00 GB
127.0.0.1 - - [19/Sep/2026 21:45:47] "POST /v1/chat/completions HTTP/1.1" 200 -
2026-09-19 21:45:47,766 - INFO - Prompt processing progress: 517/521
2026-09-19 21:45:47,857 - INFO - Prompt processing progress: 520/521
2026-09-19 21:45:47,926 - INFO - Prompt processing progress: 521/521
2026-09-19 21:45:51,521 - INFO - Prompt Cache: 1 sequences, 0.07 GB
2026-09-19 21:45:51,521 - INFO - - assistant: 1 sequences, 0.07 GB
2026-09-19 21:45:51,521 - INFO - - user: 0 sequences, 0.00 GB
2026-09-19 21:45:51,521 - INFO - - system: 0 sequences, 0.00 GB
127.0.0.1 - - [19/Sep/2026 21:45:51] "POST /v1/chat/completions HTTP/1.1" 200 -
2026-09-19 21:45:51,599 - INFO - Prompt Cache: 1 sequences, 0.07 GB
2026-09-19 21:45:51,599 - INFO - - assistant: 1 sequences, 0.07 GB
2026-09-19 21:45:51,599 - INFO - - user: 0 sequences, 0.00 GB
2026-09-19 21:45:51,599 - INFO - - system: 0 sequences, 0.00 GB
127.0.0.1 - - [19/Sep/2026 21:45:51] "POST /v1/chat/completions HTTP/1.1" 200 -
2026-09-19 21:45:51,675 - INFO - Prompt Cache: 1 sequences, 0.07 GB
2026-09-19 21:45:51,676 - INFO - - assistant: 1 sequences, 0.07 GB
2026-09-19 21:45:51,676 - INFO - - user: 0 sequences, 0.00 GB
2026-09-19 21:45:51,676 - INFO - - system: 0 sequences, 0.00 GB
127.0.0.1 - - [19/Sep/2026 21:45:51] "POST /v1/chat/completions HTTP/1.1" 200 -
2026-09-19 21:45:52,755 - INFO - Prompt processing progress: 517/521
2026-09-19 21:45:52,756 - INFO - Prompt processing progress: 517/521
2026-09-19 21:45:52,756 - INFO - Prompt processing progress: 517/521
2026-09-19 21:45:52,859 - INFO - Prompt processing progress: 520/521
2026-09-19 21:45:52,859 - INFO - Prompt processing progress: 520/521
2026-09-19 21:45:52,859 - INFO - Prompt processing progress: 520/521
2026-09-19 21:45:52,928 - INFO - Prompt processing progress: 521/521
2026-09-19 21:45:52,928 - INFO - Prompt processing progress: 521/521
2026-09-19 21:45:52,928 - INFO - Prompt processing progress: 521/521
2026-09-19 21:45:55,970 - INFO - Prompt Cache: 1 sequences, 0.07 GB
2026-09-19 21:45:55,970 - INFO - - assistant: 1 sequences, 0.07 GB
2026-09-19 21:45:55,970 - INFO - - user: 0 sequences, 0.00 GB
2026-09-19 21:45:55,970 - INFO - - system: 0 sequences, 0.00 GB
127.0.0.1 - - [19/Sep/2026 21:45:55] "POST /v1/chat/completions HTTP/1.1" 200 -
2026-09-19 21:45:56,451 - INFO - Prompt processing progress: 517/521
2026-09-19 21:45:56,542 - INFO - Prompt processing progress: 520/521
2026-09-19 21:45:56,612 - INFO - Prompt processing progress: 521/521
2026-09-19 21:46:00,090 - INFO - Prompt Cache: 1 sequences, 0.07 GB
2026-09-19 21:46:00,090 - INFO - - assistant: 1 sequences, 0.07 GB
2026-09-19 21:46:00,090 - INFO - - user: 0 sequences, 0.00 GB
2026-09-19 21:46:00,090 - INFO - - system: 0 sequences, 0.00 GB
127.0.0.1 - - [19/Sep/2026 21:46:00] "POST /v1/chat/completions HTTP/1.1" 200 -
2026-09-19 21:46:00,176 - INFO - Prompt Cache: 1 sequences, 0.07 GB
2026-09-19 21:46:00,176 - INFO - - assistant: 1 sequences, 0.07 GB
2026-09-19 21:46:00,176 - INFO - - user: 0 sequences, 0.00 GB
2026-09-19 21:46:00,176 - INFO - - system: 0 sequences, 0.00 GB
127.0.0.1 - - [19/Sep/2026 21:46:00] "POST /v1/chat/completions HTTP/1.1" 200 -
2026-09-19 21:46:00,255 - INFO - Prompt Cache: 1 sequences, 0.07 GB
2026-09-19 21:46:00,255 - INFO - - assistant: 1 sequences, 0.07 GB
2026-09-19 21:46:00,255 - INFO - - user: 0 sequences, 0.00 GB
2026-09-19 21:46:00,255 - INFO - - system: 0 sequences, 0.00 GB
127.0.0.1 - - [19/Sep/2026 21:46:00] "POST /v1/chat/completions HTTP/1.1" 200 -
2026-09-19 21:46:01,335 - INFO - Prompt processing progress: 517/521
2026-09-19 21:46:01,335 - INFO - Prompt processing progress: 517/521
2026-09-19 21:46:01,335 - INFO - Prompt processing progress: 517/521
2026-09-19 21:46:01,438 - INFO - Prompt processing progress: 520/521
2026-09-19 21:46:01,438 - INFO - Prompt processing progress: 520/521
2026-09-19 21:46:01,438 - INFO - Prompt processing progress: 520/521
2026-09-19 21:46:01,507 - INFO - Prompt processing progress: 521/521
2026-09-19 21:46:01,507 - INFO - Prompt processing progress: 521/521
2026-09-19 21:46:01,507 - INFO - Prompt processing progress: 521/521
2026-09-19 21:46:04,520 - INFO - Prompt Cache: 1 sequences, 0.07 GB
2026-09-19 21:46:04,521 - INFO - - assistant: 1 sequences, 0.07 GB
2026-09-19 21:46:04,521 - INFO - - user: 0 sequences, 0.00 GB
2026-09-19 21:46:04,521 - INFO - - system: 0 sequences, 0.00 GB
127.0.0.1 - - [19/Sep/2026 21:46:04] "POST /v1/chat/completions HTTP/1.1" 200 -
2026-09-19 21:46:05,003 - INFO - Prompt processing progress: 517/521
2026-09-19 21:46:05,095 - INFO - Prompt processing progress: 520/521
2026-09-19 21:46:05,165 - INFO - Prompt processing progress: 521/521
2026-09-19 21:46:08,664 - INFO - Prompt Cache: 1 sequences, 0.07 GB
2026-09-19 21:46:08,664 - INFO - - assistant: 1 sequences, 0.07 GB
2026-09-19 21:46:08,664 - INFO - - user: 0 sequences, 0.00 GB
2026-09-19 21:46:08,664 - INFO - - system: 0 sequences, 0.00 GB
127.0.0.1 - - [19/Sep/2026 21:46:08] "POST /v1/chat/completions HTTP/1.1" 200 -
2026-09-19 21:46:08,741 - INFO - Prompt Cache: 1 sequences, 0.07 GB
2026-09-19 21:46:08,742 - INFO - - assistant: 1 sequences, 0.07 GB
2026-09-19 21:46:08,742 - INFO - - user: 0 sequences, 0.00 GB
2026-09-19 21:46:08,742 - INFO - - system: 0 sequences, 0.00 GB
127.0.0.1 - - [19/Sep/2026 21:46:08] "POST /v1/chat/completions HTTP/1.1" 200 -
2026-09-19 21:46:08,817 - INFO - Prompt Cache: 1 sequences, 0.07 GB
2026-09-19 21:46:08,817 - INFO - - assistant: 1 sequences, 0.07 GB
2026-09-19 21:46:08,817 - INFO - - user: 0 sequences, 0.00 GB
2026-09-19 21:46:08,817 - INFO - - system: 0 sequences, 0.00 GB
127.0.0.1 - - [19/Sep/2026 21:46:08] "POST /v1/chat/completions HTTP/1.1" 200 -
2026-09-19 21:46:09,896 - INFO - Prompt processing progress: 517/521
2026-09-19 21:46:09,896 - INFO - Prompt processing progress: 517/521
2026-09-19 21:46:09,896 - INFO - Prompt processing progress: 517/521
2026-09-19 21:46:10,000 - INFO - Prompt processing progress: 520/521
2026-09-19 21:46:10,001 - INFO - Prompt processing progress: 520/521
2026-09-19 21:46:10,001 - INFO - Prompt processing progress: 520/521
2026-09-19 21:46:10,068 - INFO - Prompt processing progress: 521/521
2026-09-19 21:46:10,068 - INFO - Prompt processing progress: 521/521
2026-09-19 21:46:10,069 - INFO - Prompt processing progress: 521/521
2026-09-19 21:46:13,070 - INFO - Prompt Cache: 1 sequences, 0.07 GB
2026-09-19 21:46:13,071 - INFO - - assistant: 1 sequences, 0.07 GB
2026-09-19 21:46:13,071 - INFO - - user: 0 sequences, 0.00 GB
2026-09-19 21:46:13,071 - INFO - - system: 0 sequences, 0.00 GB
127.0.0.1 - - [19/Sep/2026 21:46:13] "POST /v1/chat/completions HTTP/1.1" 200 -
2026-09-19 21:46:13,552 - INFO - Prompt processing progress: 517/521
2026-09-19 21:46:13,644 - INFO - Prompt processing progress: 520/521
2026-09-19 21:46:13,714 - INFO - Prompt processing progress: 521/521
2026-09-19 21:46:17,288 - INFO - Prompt Cache: 1 sequences, 0.07 GB
2026-09-19 21:46:17,288 - INFO - - assistant: 1 sequences, 0.07 GB
2026-09-19 21:46:17,288 - INFO - - user: 0 sequences, 0.00 GB
2026-09-19 21:46:17,288 - INFO - - system: 0 sequences, 0.00 GB
127.0.0.1 - - [19/Sep/2026 21:46:17] "POST /v1/chat/completions HTTP/1.1" 200 -
2026-09-19 21:46:17,366 - INFO - Prompt Cache: 1 sequences, 0.07 GB
2026-09-19 21:46:17,366 - INFO - - assistant: 1 sequences, 0.07 GB
2026-09-19 21:46:17,366 - INFO - - user: 0 sequences, 0.00 GB
2026-09-19 21:46:17,366 - INFO - - system: 0 sequences, 0.00 GB
127.0.0.1 - - [19/Sep/2026 21:46:17] "POST /v1/chat/completions HTTP/1.1" 200 -
2026-09-19 21:46:17,442 - INFO - Prompt Cache: 1 sequences, 0.07 GB
2026-09-19 21:46:17,442 - INFO - - assistant: 1 sequences, 0.07 GB
2026-09-19 21:46:17,442 - INFO - - user: 0 sequences, 0.00 GB
2026-09-19 21:46:17,442 - INFO - - system: 0 sequences, 0.00 GB
127.0.0.1 - - [19/Sep/2026 21:46:17] "POST /v1/chat/completions HTTP/1.1" 200 -
2026-09-19 21:46:18,521 - INFO - Prompt processing progress: 517/521
2026-09-19 21:46:18,521 - INFO - Prompt processing progress: 517/521
2026-09-19 21:46:18,521 - INFO - Prompt processing progress: 517/521
2026-09-19 21:46:18,624 - INFO - Prompt processing progress: 520/521
2026-09-19 21:46:18,624 - INFO - Prompt processing progress: 520/521
2026-09-19 21:46:18,624 - INFO - Prompt processing progress: 520/521
2026-09-19 21:46:18,693 - INFO - Prompt processing progress: 521/521
2026-09-19 21:46:18,693 - INFO - Prompt processing progress: 521/521
2026-09-19 21:46:18,693 - INFO - Prompt processing progress: 521/521
2026-09-19 21:46:21,648 - INFO - Prompt Cache: 1 sequences, 0.07 GB
2026-09-19 21:46:21,648 - INFO - - assistant: 1 sequences, 0.07 GB
2026-09-19 21:46:21,648 - INFO - - user: 0 sequences, 0.00 GB
2026-09-19 21:46:21,648 - INFO - - system: 0 sequences, 0.00 GB
127.0.0.1 - - [19/Sep/2026 21:46:21] "POST /v1/chat/completions HTTP/1.1" 200 -
2026-09-19 21:46:22,130 - INFO - Prompt processing progress: 517/521
2026-09-19 21:46:22,221 - INFO - Prompt processing progress: 520/521
2026-09-19 21:46:22,290 - INFO - Prompt processing progress: 521/521
2026-09-19 21:46:25,810 - INFO - Prompt Cache: 1 sequences, 0.07 GB
2026-09-19 21:46:25,810 - INFO - - assistant: 1 sequences, 0.07 GB
2026-09-19 21:46:25,810 - INFO - - user: 0 sequences, 0.00 GB
2026-09-19 21:46:25,810 - INFO - - system: 0 sequences, 0.00 GB
127.0.0.1 - - [19/Sep/2026 21:46:25] "POST /v1/chat/completions HTTP/1.1" 200 -
2026-09-19 21:46:25,887 - INFO - Prompt Cache: 1 sequences, 0.07 GB
2026-09-19 21:46:25,888 - INFO - - assistant: 1 sequences, 0.07 GB
2026-09-19 21:46:25,888 - INFO - - user: 0 sequences, 0.00 GB
2026-09-19 21:46:25,888 - INFO - - system: 0 sequences, 0.00 GB
127.0.0.1 - - [19/Sep/2026 21:46:25] "POST /v1/chat/completions HTTP/1.1" 200 -
2026-09-19 21:46:25,963 - INFO - Prompt Cache: 1 sequences, 0.07 GB
2026-09-19 21:46:25,963 - INFO - - assistant: 1 sequences, 0.07 GB
2026-09-19 21:46:25,963 - INFO - - user: 0 sequences, 0.00 GB
2026-09-19 21:46:25,964 - INFO - - system: 0 sequences, 0.00 GB
127.0.0.1 - - [19/Sep/2026 21:46:25] "POST /v1/chat/completions HTTP/1.1" 200 -
2026-09-19 21:46:27,052 - INFO - Prompt processing progress: 517/521
2026-09-19 21:46:27,052 - INFO - Prompt processing progress: 517/521
2026-09-19 21:46:27,052 - INFO - Prompt processing progress: 517/521
2026-09-19 21:46:27,156 - INFO - Prompt processing progress: 520/521
2026-09-19 21:46:27,156 - INFO - Prompt processing progress: 520/521
2026-09-19 21:46:27,156 - INFO - Prompt processing progress: 520/521
2026-09-19 21:46:27,225 - INFO - Prompt processing progress: 521/521
2026-09-19 21:46:27,225 - INFO - Prompt processing progress: 521/521
2026-09-19 21:46:27,225 - INFO - Prompt processing progress: 521/521
2026-09-19 21:46:30,277 - INFO - Prompt Cache: 1 sequences, 0.07 GB
2026-09-19 21:46:30,277 - INFO - - assistant: 1 sequences, 0.07 GB
2026-09-19 21:46:30,278 - INFO - - user: 0 sequences, 0.00 GB
2026-09-19 21:46:30,278 - INFO - - system: 0 sequences, 0.00 GB
127.0.0.1 - - [19/Sep/2026 21:46:30] "POST /v1/chat/completions HTTP/1.1" 200 -
2026-09-19 21:46:30,758 - INFO - Prompt processing progress: 517/521
2026-09-19 21:46:30,850 - INFO - Prompt processing progress: 520/521
2026-09-19 21:46:30,919 - INFO - Prompt processing progress: 521/521
2026-09-19 21:46:34,445 - INFO - Prompt Cache: 1 sequences, 0.07 GB
2026-09-19 21:46:34,445 - INFO - - assistant: 1 sequences, 0.07 GB
2026-09-19 21:46:34,445 - INFO - - user: 0 sequences, 0.00 GB
2026-09-19 21:46:34,445 - INFO - - system: 0 sequences, 0.00 GB
127.0.0.1 - - [19/Sep/2026 21:46:34] "POST /v1/chat/completions HTTP/1.1" 200 -
2026-09-19 21:46:34,523 - INFO - Prompt Cache: 1 sequences, 0.07 GB
2026-09-19 21:46:34,523 - INFO - - assistant: 1 sequences, 0.07 GB
2026-09-19 21:46:34,523 - INFO - - user: 0 sequences, 0.00 GB
2026-09-19 21:46:34,523 - INFO - - system: 0 sequences, 0.00 GB
127.0.0.1 - - [19/Sep/2026 21:46:34] "POST /v1/chat/completions HTTP/1.1" 200 -
2026-09-19 21:46:34,599 - INFO - Prompt Cache: 1 sequences, 0.07 GB
2026-09-19 21:46:34,599 - INFO - - assistant: 1 sequences, 0.07 GB
2026-09-19 21:46:34,599 - INFO - - user: 0 sequences, 0.00 GB
2026-09-19 21:46:34,599 - INFO - - system: 0 sequences, 0.00 GB
127.0.0.1 - - [19/Sep/2026 21:46:34] "POST /v1/chat/completions HTTP/1.1" 200 -
2026-09-19 21:46:35,678 - INFO - Prompt processing progress: 517/521
2026-09-19 21:46:35,678 - INFO - Prompt processing progress: 517/521
2026-09-19 21:46:35,678 - INFO - Prompt processing progress: 517/521
2026-09-19 21:46:35,781 - INFO - Prompt processing progress: 520/521
2026-09-19 21:46:35,781 - INFO - Prompt processing progress: 520/521
2026-09-19 21:46:35,781 - INFO - Prompt processing progress: 520/521
2026-09-19 21:46:35,850 - INFO - Prompt processing progress: 521/521
2026-09-19 21:46:35,850 - INFO - Prompt processing progress: 521/521
2026-09-19 21:46:35,850 - INFO - Prompt processing progress: 521/521
2026-09-19 21:46:38,932 - INFO - Prompt Cache: 1 sequences, 0.07 GB
2026-09-19 21:46:38,932 - INFO - - assistant: 1 sequences, 0.07 GB
2026-09-19 21:46:38,932 - INFO - - user: 0 sequences, 0.00 GB
2026-09-19 21:46:38,932 - INFO - - system: 0 sequences, 0.00 GB
127.0.0.1 - - [19/Sep/2026 21:46:38] "POST /v1/chat/completions HTTP/1.1" 200 -
2026-09-19 21:46:39,413 - INFO - Prompt processing progress: 517/521
2026-09-19 21:46:39,504 - INFO - Prompt processing progress: 520/521
2026-09-19 21:46:39,572 - INFO - Prompt processing progress: 521/521
2026-09-19 21:46:43,275 - INFO - Prompt Cache: 1 sequences, 0.07 GB
2026-09-19 21:46:43,275 - INFO - - assistant: 1 sequences, 0.07 GB
2026-09-19 21:46:43,275 - INFO - - user: 0 sequences, 0.00 GB
2026-09-19 21:46:43,275 - INFO - - system: 0 sequences, 0.00 GB
127.0.0.1 - - [19/Sep/2026 21:46:43] "POST /v1/chat/completions HTTP/1.1" 200 -
2026-09-19 21:46:43,351 - INFO - Prompt Cache: 1 sequences, 0.07 GB
2026-09-19 21:46:43,352 - INFO - - assistant: 1 sequences, 0.07 GB
2026-09-19 21:46:43,352 - INFO - - user: 0 sequences, 0.00 GB
2026-09-19 21:46:43,352 - INFO - - system: 0 sequences, 0.00 GB
127.0.0.1 - - [19/Sep/2026 21:46:43] "POST /v1/chat/completions HTTP/1.1" 200 -
2026-09-19 21:46:43,426 - INFO - Prompt Cache: 1 sequences, 0.07 GB
2026-09-19 21:46:43,426 - INFO - - assistant: 1 sequences, 0.07 GB
2026-09-19 21:46:43,426 - INFO - - user: 0 sequences, 0.00 GB
2026-09-19 21:46:43,426 - INFO - - system: 0 sequences, 0.00 GB
127.0.0.1 - - [19/Sep/2026 21:46:43] "POST /v1/chat/completions HTTP/1.1" 200 -
2026-09-19 21:46:44,499 - INFO - Prompt processing progress: 517/521
2026-09-19 21:46:44,499 - INFO - Prompt processing progress: 517/521
2026-09-19 21:46:44,499 - INFO - Prompt processing progress: 517/521
2026-09-19 21:46:44,601 - INFO - Prompt processing progress: 520/521
2026-09-19 21:46:44,601 - INFO - Prompt processing progress: 520/521
2026-09-19 21:46:44,601 - INFO - Prompt processing progress: 520/521
2026-09-19 21:46:44,668 - INFO - Prompt processing progress: 521/521
2026-09-19 21:46:44,668 - INFO - Prompt processing progress: 521/521
2026-09-19 21:46:44,668 - INFO - Prompt processing progress: 521/521
2026-09-19 21:46:47,167 - INFO - Prompt Cache: 1 sequences, 0.07 GB
2026-09-19 21:46:47,167 - INFO - - assistant: 1 sequences, 0.07 GB
2026-09-19 21:46:47,167 - INFO - - user: 0 sequences, 0.00 GB
2026-09-19 21:46:47,167 - INFO - - system: 0 sequences, 0.00 GB
127.0.0.1 - - [19/Sep/2026 21:46:47] "POST /v1/chat/completions HTTP/1.1" 200 -
2026-09-19 21:46:47,643 - INFO - Prompt processing progress: 517/521
2026-09-19 21:46:47,732 - INFO - Prompt processing progress: 520/521
2026-09-19 21:46:47,800 - INFO - Prompt processing progress: 521/521
2026-09-19 21:46:51,632 - INFO - Prompt Cache: 1 sequences, 0.07 GB
2026-09-19 21:46:51,632 - INFO - - assistant: 1 sequences, 0.07 GB
2026-09-19 21:46:51,632 - INFO - - user: 0 sequences, 0.00 GB
2026-09-19 21:46:51,632 - INFO - - system: 0 sequences, 0.00 GB
127.0.0.1 - - [19/Sep/2026 21:46:51] "POST /v1/chat/completions HTTP/1.1" 200 -
2026-09-19 21:46:51,708 - INFO - Prompt Cache: 1 sequences, 0.07 GB
2026-09-19 21:46:51,708 - INFO - - assistant: 1 sequences, 0.07 GB
2026-09-19 21:46:51,708 - INFO - - user: 0 sequences, 0.00 GB
2026-09-19 21:46:51,708 - INFO - - system: 0 sequences, 0.00 GB
127.0.0.1 - - [19/Sep/2026 21:46:51] "POST /v1/chat/completions HTTP/1.1" 200 -
2026-09-19 21:46:51,783 - INFO - Prompt Cache: 1 sequences, 0.07 GB
2026-09-19 21:46:51,783 - INFO - - assistant: 1 sequences, 0.07 GB
2026-09-19 21:46:51,783 - INFO - - user: 0 sequences, 0.00 GB
2026-09-19 21:46:51,783 - INFO - - system: 0 sequences, 0.00 GB
127.0.0.1 - - [19/Sep/2026 21:46:51] "POST /v1/chat/completions HTTP/1.1" 200 -
2026-09-19 21:46:52,862 - INFO - Prompt processing progress: 517/521
2026-09-19 21:46:52,862 - INFO - Prompt processing progress: 517/521
2026-09-19 21:46:52,862 - INFO - Prompt processing progress: 517/521
2026-09-19 21:46:52,963 - INFO - Prompt processing progress: 520/521
2026-09-19 21:46:52,963 - INFO - Prompt processing progress: 520/521
2026-09-19 21:46:52,963 - INFO - Prompt processing progress: 520/521
2026-09-19 21:46:53,031 - INFO - Prompt processing progress: 521/521
2026-09-19 21:46:53,031 - INFO - Prompt processing progress: 521/521
2026-09-19 21:46:53,031 - INFO - Prompt processing progress: 521/521
2026-09-19 21:46:56,051 - INFO - Prompt Cache: 1 sequences, 0.07 GB
2026-09-19 21:46:56,051 - INFO - - assistant: 1 sequences, 0.07 GB
2026-09-19 21:46:56,051 - INFO - - user: 0 sequences, 0.00 GB
2026-09-19 21:46:56,051 - INFO - - system: 0 sequences, 0.00 GB
127.0.0.1 - - [19/Sep/2026 21:46:56] "POST /v1/chat/completions HTTP/1.1" 200 -
2026-09-19 21:46:56,529 - INFO - Prompt processing progress: 517/521
2026-09-19 21:46:56,620 - INFO - Prompt processing progress: 520/521
2026-09-19 21:46:56,689 - INFO - Prompt processing progress: 521/521
2026-09-19 21:47:00,414 - INFO - Prompt Cache: 1 sequences, 0.07 GB
2026-09-19 21:47:00,414 - INFO - - assistant: 1 sequences, 0.07 GB
2026-09-19 21:47:00,414 - INFO - - user: 0 sequences, 0.00 GB
2026-09-19 21:47:00,414 - INFO - - system: 0 sequences, 0.00 GB
127.0.0.1 - - [19/Sep/2026 21:47:00] "POST /v1/chat/completions HTTP/1.1" 200 -
2026-09-19 21:47:00,491 - INFO - Prompt Cache: 1 sequences, 0.07 GB
2026-09-19 21:47:00,491 - INFO - - assistant: 1 sequences, 0.07 GB
2026-09-19 21:47:00,491 - INFO - - user: 0 sequences, 0.00 GB
2026-09-19 21:47:00,491 - INFO - - system: 0 sequences, 0.00 GB
127.0.0.1 - - [19/Sep/2026 21:47:00] "POST /v1/chat/completions HTTP/1.1" 200 -
2026-09-19 21:47:00,566 - INFO - Prompt Cache: 1 sequences, 0.07 GB
2026-09-19 21:47:00,566 - INFO - - assistant: 1 sequences, 0.07 GB
2026-09-19 21:47:00,566 - INFO - - user: 0 sequences, 0.00 GB
2026-09-19 21:47:00,566 - INFO - - system: 0 sequences, 0.00 GB
127.0.0.1 - - [19/Sep/2026 21:47:00] "POST /v1/chat/completions HTTP/1.1" 200 -
2026-09-19 21:47:01,638 - INFO - Prompt processing progress: 517/521
2026-09-19 21:47:01,638 - INFO - Prompt processing progress: 517/521
2026-09-19 21:47:01,638 - INFO - Prompt processing progress: 517/521
2026-09-19 21:47:01,739 - INFO - Prompt processing progress: 520/521
2026-09-19 21:47:01,739 - INFO - Prompt processing progress: 520/521
2026-09-19 21:47:01,739 - INFO - Prompt processing progress: 520/521
2026-09-19 21:47:01,806 - INFO - Prompt processing progress: 521/521
2026-09-19 21:47:01,806 - INFO - Prompt processing progress: 521/521
2026-09-19 21:47:01,806 - INFO - Prompt processing progress: 521/521
2026-09-19 21:47:04,314 - INFO - Prompt Cache: 1 sequences, 0.07 GB
2026-09-19 21:47:04,314 - INFO - - assistant: 1 sequences, 0.07 GB
2026-09-19 21:47:04,314 - INFO - - user: 0 sequences, 0.00 GB
2026-09-19 21:47:04,314 - INFO - - system: 0 sequences, 0.00 GB
127.0.0.1 - - [19/Sep/2026 21:47:04] "POST /v1/chat/completions HTTP/1.1" 200 -
2026-09-19 21:47:04,792 - INFO - Prompt processing progress: 517/521
2026-09-19 21:47:04,883 - INFO - Prompt processing progress: 520/521
2026-09-19 21:47:04,952 - INFO - Prompt processing progress: 521/521
2026-09-19 21:47:09,024 - INFO - Prompt Cache: 1 sequences, 0.07 GB
2026-09-19 21:47:09,024 - INFO - - assistant: 1 sequences, 0.07 GB
2026-09-19 21:47:09,024 - INFO - - user: 0 sequences, 0.00 GB
2026-09-19 21:47:09,024 - INFO - - system: 0 sequences, 0.00 GB
127.0.0.1 - - [19/Sep/2026 21:47:09] "POST /v1/chat/completions HTTP/1.1" 200 -
2026-09-19 21:47:09,102 - INFO - Prompt Cache: 1 sequences, 0.07 GB
2026-09-19 21:47:09,102 - INFO - - assistant: 1 sequences, 0.07 GB
2026-09-19 21:47:09,102 - INFO - - user: 0 sequences, 0.00 GB
2026-09-19 21:47:09,102 - INFO - - system: 0 sequences, 0.00 GB
127.0.0.1 - - [19/Sep/2026 21:47:09] "POST /v1/chat/completions HTTP/1.1" 200 -
2026-09-19 21:47:09,177 - INFO - Prompt Cache: 1 sequences, 0.07 GB
2026-09-19 21:47:09,177 - INFO - - assistant: 1 sequences, 0.07 GB
2026-09-19 21:47:09,177 - INFO - - user: 0 sequences, 0.00 GB
2026-09-19 21:47:09,177 - INFO - - system: 0 sequences, 0.00 GB
127.0.0.1 - - [19/Sep/2026 21:47:09] "POST /v1/chat/completions HTTP/1.1" 200 -
2026-09-19 21:47:10,256 - INFO - Prompt processing progress: 517/521
2026-09-19 21:47:10,256 - INFO - Prompt processing progress: 517/521
2026-09-19 21:47:10,256 - INFO - Prompt processing progress: 517/521
2026-09-19 21:47:10,359 - INFO - Prompt processing progress: 520/521
2026-09-19 21:47:10,359 - INFO - Prompt processing progress: 520/521
2026-09-19 21:47:10,359 - INFO - Prompt processing progress: 520/521
2026-09-19 21:47:10,429 - INFO - Prompt processing progress: 521/521
2026-09-19 21:47:10,429 - INFO - Prompt processing progress: 521/521
2026-09-19 21:47:10,429 - INFO - Prompt processing progress: 521/521
2026-09-19 21:47:12,882 - INFO - Prompt Cache: 1 sequences, 0.07 GB
2026-09-19 21:47:12,883 - INFO - - assistant: 1 sequences, 0.07 GB
2026-09-19 21:47:12,883 - INFO - - user: 0 sequences, 0.00 GB
2026-09-19 21:47:12,883 - INFO - - system: 0 sequences, 0.00 GB
127.0.0.1 - - [19/Sep/2026 21:47:12] "POST /v1/chat/completions HTTP/1.1" 200 -
2026-09-19 21:47:13,362 - INFO - Prompt processing progress: 517/521
2026-09-19 21:47:13,453 - INFO - Prompt processing progress: 520/521
2026-09-19 21:47:13,523 - INFO - Prompt processing progress: 521/521
2026-09-19 21:47:17,594 - INFO - Prompt Cache: 1 sequences, 0.07 GB
2026-09-19 21:47:17,594 - INFO - - assistant: 1 sequences, 0.07 GB
2026-09-19 21:47:17,594 - INFO - - user: 0 sequences, 0.00 GB
2026-09-19 21:47:17,594 - INFO - - system: 0 sequences, 0.00 GB
127.0.0.1 - - [19/Sep/2026 21:47:17] "POST /v1/chat/completions HTTP/1.1" 200 -
2026-09-19 21:47:17,672 - INFO - Prompt Cache: 1 sequences, 0.07 GB
2026-09-19 21:47:17,672 - INFO - - assistant: 1 sequences, 0.07 GB
2026-09-19 21:47:17,672 - INFO - - user: 0 sequences, 0.00 GB
2026-09-19 21:47:17,672 - INFO - - system: 0 sequences, 0.00 GB
127.0.0.1 - - [19/Sep/2026 21:47:17] "POST /v1/chat/completions HTTP/1.1" 200 -
2026-09-19 21:47:17,748 - INFO - Prompt Cache: 1 sequences, 0.07 GB
2026-09-19 21:47:17,748 - INFO - - assistant: 1 sequences, 0.07 GB
2026-09-19 21:47:17,748 - INFO - - user: 0 sequences, 0.00 GB
2026-09-19 21:47:17,749 - INFO - - system: 0 sequences, 0.00 GB
127.0.0.1 - - [19/Sep/2026 21:47:17] "POST /v1/chat/completions HTTP/1.1" 200 -
2026-09-19 21:47:18,827 - INFO - Prompt processing progress: 517/521
2026-09-19 21:47:18,827 - INFO - Prompt processing progress: 517/521
2026-09-19 21:47:18,827 - INFO - Prompt processing progress: 517/521
2026-09-19 21:47:18,931 - INFO - Prompt processing progress: 520/521
2026-09-19 21:47:18,932 - INFO - Prompt processing progress: 520/521
2026-09-19 21:47:18,932 - INFO - Prompt processing progress: 520/521
2026-09-19 21:47:19,002 - INFO - Prompt processing progress: 521/521
2026-09-19 21:47:19,002 - INFO - Prompt processing progress: 521/521
2026-09-19 21:47:19,002 - INFO - Prompt processing progress: 521/521
2026-09-19 21:47:21,462 - INFO - Prompt Cache: 1 sequences, 0.07 GB
2026-09-19 21:47:21,462 - INFO - - assistant: 1 sequences, 0.07 GB
2026-09-19 21:47:21,462 - INFO - - user: 0 sequences, 0.00 GB
2026-09-19 21:47:21,462 - INFO - - system: 0 sequences, 0.00 GB
127.0.0.1 - - [19/Sep/2026 21:47:21] "POST /v1/chat/completions HTTP/1.1" 200 -
2026-09-19 21:47:21,944 - INFO - Prompt processing progress: 517/521
2026-09-19 21:47:22,036 - INFO - Prompt processing progress: 520/521
2026-09-19 21:47:22,103 - INFO - Prompt processing progress: 521/521
2026-09-19 21:47:26,273 - INFO - Prompt Cache: 1 sequences, 0.07 GB
2026-09-19 21:47:26,273 - INFO - - assistant: 1 sequences, 0.07 GB
2026-09-19 21:47:26,273 - INFO - - user: 0 sequences, 0.00 GB
2026-09-19 21:47:26,273 - INFO - - system: 0 sequences, 0.00 GB
127.0.0.1 - - [19/Sep/2026 21:47:26] "POST /v1/chat/completions HTTP/1.1" 200 -
2026-09-19 21:47:26,350 - INFO - Prompt Cache: 1 sequences, 0.07 GB
2026-09-19 21:47:26,350 - INFO - - assistant: 1 sequences, 0.07 GB
2026-09-19 21:47:26,350 - INFO - - user: 0 sequences, 0.00 GB
2026-09-19 21:47:26,350 - INFO - - system: 0 sequences, 0.00 GB
127.0.0.1 - - [19/Sep/2026 21:47:26] "POST /v1/chat/completions HTTP/1.1" 200 -
2026-09-19 21:47:26,425 - INFO - Prompt Cache: 1 sequences, 0.07 GB
2026-09-19 21:47:26,425 - INFO - - assistant: 1 sequences, 0.07 GB
2026-09-19 21:47:26,425 - INFO - - user: 0 sequences, 0.00 GB
2026-09-19 21:47:26,425 - INFO - - system: 0 sequences, 0.00 GB
127.0.0.1 - - [19/Sep/2026 21:47:26] "POST /v1/chat/completions HTTP/1.1" 200 -
2026-09-19 21:47:27,504 - INFO - Prompt processing progress: 517/521
2026-09-19 21:47:27,504 - INFO - Prompt processing progress: 517/521
2026-09-19 21:47:27,504 - INFO - Prompt processing progress: 517/521
2026-09-19 21:47:27,608 - INFO - Prompt processing progress: 520/521
2026-09-19 21:47:27,608 - INFO - Prompt processing progress: 520/521
2026-09-19 21:47:27,608 - INFO - Prompt processing progress: 520/521
2026-09-19 21:47:27,678 - INFO - Prompt processing progress: 521/521
2026-09-19 21:47:27,678 - INFO - Prompt processing progress: 521/521
2026-09-19 21:47:27,678 - INFO - Prompt processing progress: 521/521
2026-09-19 21:47:30,175 - INFO - Prompt Cache: 1 sequences, 0.07 GB
2026-09-19 21:47:30,175 - INFO - - assistant: 1 sequences, 0.07 GB
2026-09-19 21:47:30,175 - INFO - - user: 0 sequences, 0.00 GB
2026-09-19 21:47:30,175 - INFO - - system: 0 sequences, 0.00 GB
127.0.0.1 - - [19/Sep/2026 21:47:30] "POST /v1/chat/completions HTTP/1.1" 200 -
2026-09-19 21:47:30,657 - INFO - Prompt processing progress: 517/521
2026-09-19 21:47:30,747 - INFO - Prompt processing progress: 520/521
2026-09-19 21:47:30,816 - INFO - Prompt processing progress: 521/521
2026-09-19 21:47:34,886 - INFO - Prompt Cache: 1 sequences, 0.07 GB
2026-09-19 21:47:34,886 - INFO - - assistant: 1 sequences, 0.07 GB
2026-09-19 21:47:34,886 - INFO - - user: 0 sequences, 0.00 GB
2026-09-19 21:47:34,886 - INFO - - system: 0 sequences, 0.00 GB
127.0.0.1 - - [19/Sep/2026 21:47:34] "POST /v1/chat/completions HTTP/1.1" 200 -
2026-09-19 21:47:34,962 - INFO - Prompt Cache: 1 sequences, 0.07 GB
2026-09-19 21:47:34,963 - INFO - - assistant: 1 sequences, 0.07 GB
2026-09-19 21:47:34,963 - INFO - - user: 0 sequences, 0.00 GB
2026-09-19 21:47:34,963 - INFO - - system: 0 sequences, 0.00 GB
127.0.0.1 - - [19/Sep/2026 21:47:34] "POST /v1/chat/completions HTTP/1.1" 200 -
2026-09-19 21:47:35,038 - INFO - Prompt Cache: 1 sequences, 0.07 GB
2026-09-19 21:47:35,038 - INFO - - assistant: 1 sequences, 0.07 GB
2026-09-19 21:47:35,038 - INFO - - user: 0 sequences, 0.00 GB
2026-09-19 21:47:35,038 - INFO - - system: 0 sequences, 0.00 GB
127.0.0.1 - - [19/Sep/2026 21:47:35] "POST /v1/chat/completions HTTP/1.1" 200 -
2026-09-19 21:47:36,117 - INFO - Prompt processing progress: 517/521
2026-09-19 21:47:36,117 - INFO - Prompt processing progress: 517/521
2026-09-19 21:47:36,117 - INFO - Prompt processing progress: 517/521
2026-09-19 21:47:36,220 - INFO - Prompt processing progress: 520/521
2026-09-19 21:47:36,220 - INFO - Prompt processing progress: 520/521
2026-09-19 21:47:36,220 - INFO - Prompt processing progress: 520/521
2026-09-19 21:47:36,289 - INFO - Prompt processing progress: 521/521
2026-09-19 21:47:36,289 - INFO - Prompt processing progress: 521/521
2026-09-19 21:47:36,289 - INFO - Prompt processing progress: 521/521
2026-09-19 21:47:38,828 - INFO - Prompt Cache: 1 sequences, 0.07 GB
2026-09-19 21:47:38,829 - INFO - - assistant: 1 sequences, 0.07 GB
2026-09-19 21:47:38,829 - INFO - - user: 0 sequences, 0.00 GB
2026-09-19 21:47:38,829 - INFO - - system: 0 sequences, 0.00 GB
127.0.0.1 - - [19/Sep/2026 21:47:38] "POST /v1/chat/completions HTTP/1.1" 200 -
2026-09-19 21:47:39,310 - INFO - Prompt processing progress: 517/521
2026-09-19 21:47:39,401 - INFO - Prompt processing progress: 520/521
2026-09-19 21:47:39,471 - INFO - Prompt processing progress: 521/521
2026-09-19 21:47:43,497 - INFO - Prompt Cache: 1 sequences, 0.07 GB
2026-09-19 21:47:43,497 - INFO - - assistant: 1 sequences, 0.07 GB
2026-09-19 21:47:43,497 - INFO - - user: 0 sequences, 0.00 GB
2026-09-19 21:47:43,497 - INFO - - system: 0 sequences, 0.00 GB
127.0.0.1 - - [19/Sep/2026 21:47:43] "POST /v1/chat/completions HTTP/1.1" 200 -
2026-09-19 21:47:43,575 - INFO - Prompt Cache: 1 sequences, 0.07 GB
2026-09-19 21:47:43,575 - INFO - - assistant: 1 sequences, 0.07 GB
2026-09-19 21:47:43,575 - INFO - - user: 0 sequences, 0.00 GB
2026-09-19 21:47:43,575 - INFO - - system: 0 sequences, 0.00 GB
127.0.0.1 - - [19/Sep/2026 21:47:43] "POST /v1/chat/completions HTTP/1.1" 200 -
2026-09-19 21:47:43,651 - INFO - Prompt Cache: 1 sequences, 0.07 GB
2026-09-19 21:47:43,651 - INFO - - assistant: 1 sequences, 0.07 GB
2026-09-19 21:47:43,651 - INFO - - user: 0 sequences, 0.00 GB
2026-09-19 21:47:43,651 - INFO - - system: 0 sequences, 0.00 GB
127.0.0.1 - - [19/Sep/2026 21:47:43] "POST /v1/chat/completions HTTP/1.1" 200 -
2026-09-19 21:47:44,729 - INFO - Prompt processing progress: 517/521
2026-09-19 21:47:44,730 - INFO - Prompt processing progress: 517/521
2026-09-19 21:47:44,730 - INFO - Prompt processing progress: 517/521
2026-09-19 21:47:44,832 - INFO - Prompt processing progress: 520/521
2026-09-19 21:47:44,832 - INFO - Prompt processing progress: 520/521
2026-09-19 21:47:44,832 - INFO - Prompt processing progress: 520/521
2026-09-19 21:47:44,901 - INFO - Prompt processing progress: 521/521
2026-09-19 21:47:44,901 - INFO - Prompt processing progress: 521/521
2026-09-19 21:47:44,901 - INFO - Prompt processing progress: 521/521
2026-09-19 21:47:47,402 - INFO - Prompt Cache: 1 sequences, 0.07 GB
2026-09-19 21:47:47,402 - INFO - - assistant: 1 sequences, 0.07 GB
2026-09-19 21:47:47,402 - INFO - - user: 0 sequences, 0.00 GB
2026-09-19 21:47:47,402 - INFO - - system: 0 sequences, 0.00 GB
127.0.0.1 - - [19/Sep/2026 21:47:47] "POST /v1/chat/completions HTTP/1.1" 200 -
2026-09-19 21:47:47,885 - INFO - Prompt processing progress: 517/521
2026-09-19 21:47:47,976 - INFO - Prompt processing progress: 520/521
2026-09-19 21:47:48,045 - INFO - Prompt processing progress: 521/521
2026-09-19 21:47:52,063 - INFO - Prompt Cache: 1 sequences, 0.07 GB
2026-09-19 21:47:52,063 - INFO - - assistant: 1 sequences, 0.07 GB
2026-09-19 21:47:52,063 - INFO - - user: 0 sequences, 0.00 GB
2026-09-19 21:47:52,063 - INFO - - system: 0 sequences, 0.00 GB
127.0.0.1 - - [19/Sep/2026 21:47:52] "POST /v1/chat/completions HTTP/1.1" 200 -
2026-09-19 21:47:52,140 - INFO - Prompt Cache: 1 sequences, 0.07 GB
2026-09-19 21:47:52,140 - INFO - - assistant: 1 sequences, 0.07 GB
2026-09-19 21:47:52,140 - INFO - - user: 0 sequences, 0.00 GB
2026-09-19 21:47:52,140 - INFO - - system: 0 sequences, 0.00 GB
127.0.0.1 - - [19/Sep/2026 21:47:52] "POST /v1/chat/completions HTTP/1.1" 200 -
2026-09-19 21:47:52,215 - INFO - Prompt Cache: 1 sequences, 0.07 GB
2026-09-19 21:47:52,215 - INFO - - assistant: 1 sequences, 0.07 GB
2026-09-19 21:47:52,215 - INFO - - user: 0 sequences, 0.00 GB
2026-09-19 21:47:52,215 - INFO - - system: 0 sequences, 0.00 GB
127.0.0.1 - - [19/Sep/2026 21:47:52] "POST /v1/chat/completions HTTP/1.1" 200 -
2026-09-19 21:47:53,293 - INFO - Prompt processing progress: 517/521
2026-09-19 21:47:53,293 - INFO - Prompt processing progress: 517/521
2026-09-19 21:47:53,293 - INFO - Prompt processing progress: 517/521
2026-09-19 21:47:53,398 - INFO - Prompt processing progress: 520/521
2026-09-19 21:47:53,398 - INFO - Prompt processing progress: 520/521
2026-09-19 21:47:53,398 - INFO - Prompt processing progress: 520/521
2026-09-19 21:47:53,465 - INFO - Prompt processing progress: 521/521
2026-09-19 21:47:53,466 - INFO - Prompt processing progress: 521/521
2026-09-19 21:47:53,466 - INFO - Prompt processing progress: 521/521
2026-09-19 21:47:56,016 - INFO - Prompt Cache: 1 sequences, 0.07 GB
2026-09-19 21:47:56,016 - INFO - - assistant: 1 sequences, 0.07 GB
2026-09-19 21:47:56,016 - INFO - - user: 0 sequences, 0.00 GB
2026-09-19 21:47:56,016 - INFO - - system: 0 sequences, 0.00 GB
127.0.0.1 - - [19/Sep/2026 21:47:56] "POST /v1/chat/completions HTTP/1.1" 200 -
2026-09-19 21:47:56,498 - INFO - Prompt processing progress: 517/521
2026-09-19 21:47:56,589 - INFO - Prompt processing progress: 520/521
2026-09-19 21:47:56,657 - INFO - Prompt processing progress: 521/521
2026-09-19 21:48:00,751 - INFO - Prompt Cache: 1 sequences, 0.07 GB
2026-09-19 21:48:00,752 - INFO - - assistant: 1 sequences, 0.07 GB
2026-09-19 21:48:00,752 - INFO - - user: 0 sequences, 0.00 GB
2026-09-19 21:48:00,752 - INFO - - system: 0 sequences, 0.00 GB
127.0.0.1 - - [19/Sep/2026 21:48:00] "POST /v1/chat/completions HTTP/1.1" 200 -
2026-09-19 21:48:00,829 - INFO - Prompt Cache: 1 sequences, 0.07 GB
2026-09-19 21:48:00,829 - INFO - - assistant: 1 sequences, 0.07 GB
2026-09-19 21:48:00,829 - INFO - - user: 0 sequences, 0.00 GB
2026-09-19 21:48:00,830 - INFO - - system: 0 sequences, 0.00 GB
127.0.0.1 - - [19/Sep/2026 21:48:00] "POST /v1/chat/completions HTTP/1.1" 200 -
2026-09-19 21:48:00,906 - INFO - Prompt Cache: 1 sequences, 0.07 GB
2026-09-19 21:48:00,906 - INFO - - assistant: 1 sequences, 0.07 GB
2026-09-19 21:48:00,906 - INFO - - user: 0 sequences, 0.00 GB
2026-09-19 21:48:00,906 - INFO - - system: 0 sequences, 0.00 GB
127.0.0.1 - - [19/Sep/2026 21:48:00] "POST /v1/chat/completions HTTP/1.1" 200 -
2026-09-19 21:48:01,986 - INFO - Prompt processing progress: 517/521
2026-09-19 21:48:01,986 - INFO - Prompt processing progress: 517/521
2026-09-19 21:48:01,986 - INFO - Prompt processing progress: 517/521
2026-09-19 21:48:02,089 - INFO - Prompt processing progress: 520/521
2026-09-19 21:48:02,089 - INFO - Prompt processing progress: 520/521
2026-09-19 21:48:02,089 - INFO - Prompt processing progress: 520/521
2026-09-19 21:48:02,158 - INFO - Prompt processing progress: 521/521
2026-09-19 21:48:02,158 - INFO - Prompt processing progress: 521/521
2026-09-19 21:48:02,158 - INFO - Prompt processing progress: 521/521
2026-09-19 21:48:04,661 - INFO - Prompt Cache: 1 sequences, 0.07 GB
2026-09-19 21:48:04,662 - INFO - - assistant: 1 sequences, 0.07 GB
2026-09-19 21:48:04,662 - INFO - - user: 0 sequences, 0.00 GB
2026-09-19 21:48:04,662 - INFO - - system: 0 sequences, 0.00 GB
127.0.0.1 - - [19/Sep/2026 21:48:04] "POST /v1/chat/completions HTTP/1.1" 200 -
2026-09-19 21:48:05,142 - INFO - Prompt processing progress: 517/521
2026-09-19 21:48:05,233 - INFO - Prompt processing progress: 520/521
2026-09-19 21:48:05,303 - INFO - Prompt processing progress: 521/521
2026-09-19 21:48:09,431 - INFO - Prompt Cache: 1 sequences, 0.07 GB
2026-09-19 21:48:09,431 - INFO - - assistant: 1 sequences, 0.07 GB
2026-09-19 21:48:09,431 - INFO - - user: 0 sequences, 0.00 GB
2026-09-19 21:48:09,431 - INFO - - system: 0 sequences, 0.00 GB
127.0.0.1 - - [19/Sep/2026 21:48:09] "POST /v1/chat/completions HTTP/1.1" 200 -
2026-09-19 21:48:09,509 - INFO - Prompt Cache: 1 sequences, 0.07 GB
2026-09-19 21:48:09,509 - INFO - - assistant: 1 sequences, 0.07 GB
2026-09-19 21:48:09,509 - INFO - - user: 0 sequences, 0.00 GB
2026-09-19 21:48:09,509 - INFO - - system: 0 sequences, 0.00 GB
127.0.0.1 - - [19/Sep/2026 21:48:09] "POST /v1/chat/completions HTTP/1.1" 200 -
2026-09-19 21:48:09,585 - INFO - Prompt Cache: 1 sequences, 0.07 GB
2026-09-19 21:48:09,585 - INFO - - assistant: 1 sequences, 0.07 GB
2026-09-19 21:48:09,585 - INFO - - user: 0 sequences, 0.00 GB
2026-09-19 21:48:09,585 - INFO - - system: 0 sequences, 0.00 GB
127.0.0.1 - - [19/Sep/2026 21:48:09] "POST /v1/chat/completions HTTP/1.1" 200 -
2026-09-19 21:48:10,663 - INFO - Prompt processing progress: 517/521
2026-09-19 21:48:10,663 - INFO - Prompt processing progress: 517/521
2026-09-19 21:48:10,663 - INFO - Prompt processing progress: 517/521
2026-09-19 21:48:10,767 - INFO - Prompt processing progress: 520/521
2026-09-19 21:48:10,767 - INFO - Prompt processing progress: 520/521
2026-09-19 21:48:10,767 - INFO - Prompt processing progress: 520/521
2026-09-19 21:48:10,834 - INFO - Prompt processing progress: 521/521
2026-09-19 21:48:10,834 - INFO - Prompt processing progress: 521/521
2026-09-19 21:48:10,834 - INFO - Prompt processing progress: 521/521
2026-09-19 21:48:13,374 - INFO - Prompt Cache: 1 sequences, 0.07 GB
2026-09-19 21:48:13,374 - INFO - - assistant: 1 sequences, 0.07 GB
2026-09-19 21:48:13,374 - INFO - - user: 0 sequences, 0.00 GB
2026-09-19 21:48:13,374 - INFO - - system: 0 sequences, 0.00 GB
127.0.0.1 - - [19/Sep/2026 21:48:13] "POST /v1/chat/completions HTTP/1.1" 200 -
2026-09-19 21:48:13,857 - INFO - Prompt processing progress: 517/521
2026-09-19 21:48:13,948 - INFO - Prompt processing progress: 520/521
2026-09-19 21:48:14,015 - INFO - Prompt processing progress: 521/521
2026-09-19 21:48:18,196 - INFO - Prompt Cache: 1 sequences, 0.07 GB
2026-09-19 21:48:18,196 - INFO - - assistant: 1 sequences, 0.07 GB
2026-09-19 21:48:18,196 - INFO - - user: 0 sequences, 0.00 GB
2026-09-19 21:48:18,196 - INFO - - system: 0 sequences, 0.00 GB
127.0.0.1 - - [19/Sep/2026 21:48:18] "POST /v1/chat/completions HTTP/1.1" 200 -
2026-09-19 21:48:18,273 - INFO - Prompt Cache: 1 sequences, 0.07 GB
2026-09-19 21:48:18,273 - INFO - - assistant: 1 sequences, 0.07 GB
2026-09-19 21:48:18,273 - INFO - - user: 0 sequences, 0.00 GB
2026-09-19 21:48:18,273 - INFO - - system: 0 sequences, 0.00 GB
127.0.0.1 - - [19/Sep/2026 21:48:18] "POST /v1/chat/completions HTTP/1.1" 200 -
2026-09-19 21:48:18,349 - INFO - Prompt Cache: 1 sequences, 0.07 GB
2026-09-19 21:48:18,349 - INFO - - assistant: 1 sequences, 0.07 GB
2026-09-19 21:48:18,349 - INFO - - user: 0 sequences, 0.00 GB
2026-09-19 21:48:18,349 - INFO - - system: 0 sequences, 0.00 GB
127.0.0.1 - - [19/Sep/2026 21:48:18] "POST /v1/chat/completions HTTP/1.1" 200 -
2026-09-19 21:48:19,427 - INFO - Prompt processing progress: 517/521
2026-09-19 21:48:19,427 - INFO - Prompt processing progress: 517/521
2026-09-19 21:48:19,427 - INFO - Prompt processing progress: 517/521
2026-09-19 21:48:19,530 - INFO - Prompt processing progress: 520/521
2026-09-19 21:48:19,530 - INFO - Prompt processing progress: 520/521
2026-09-19 21:48:19,530 - INFO - Prompt processing progress: 520/521
2026-09-19 21:48:19,598 - INFO - Prompt processing progress: 521/521
2026-09-19 21:48:19,598 - INFO - Prompt processing progress: 521/521
2026-09-19 21:48:19,598 - INFO - Prompt processing progress: 521/521
2026-09-19 21:48:22,090 - INFO - Prompt Cache: 1 sequences, 0.07 GB
2026-09-19 21:48:22,091 - INFO - - assistant: 1 sequences, 0.07 GB
2026-09-19 21:48:22,091 - INFO - - user: 0 sequences, 0.00 GB
2026-09-19 21:48:22,091 - INFO - - system: 0 sequences, 0.00 GB
127.0.0.1 - - [19/Sep/2026 21:48:22] "POST /v1/chat/completions HTTP/1.1" 200 -
2026-09-19 21:48:22,576 - INFO - Prompt processing progress: 517/521
2026-09-19 21:48:22,667 - INFO - Prompt processing progress: 520/521
2026-09-19 21:48:22,736 - INFO - Prompt processing progress: 521/521
2026-09-19 21:48:26,805 - INFO - Prompt Cache: 1 sequences, 0.07 GB
2026-09-19 21:48:26,805 - INFO - - assistant: 1 sequences, 0.07 GB
2026-09-19 21:48:26,805 - INFO - - user: 0 sequences, 0.00 GB
2026-09-19 21:48:26,805 - INFO - - system: 0 sequences, 0.00 GB
127.0.0.1 - - [19/Sep/2026 21:48:26] "POST /v1/chat/completions HTTP/1.1" 200 -
2026-09-19 21:48:26,882 - INFO - Prompt Cache: 1 sequences, 0.07 GB
2026-09-19 21:48:26,882 - INFO - - assistant: 1 sequences, 0.07 GB
2026-09-19 21:48:26,882 - INFO - - user: 0 sequences, 0.00 GB
2026-09-19 21:48:26,882 - INFO - - system: 0 sequences, 0.00 GB
127.0.0.1 - - [19/Sep/2026 21:48:26] "POST /v1/chat/completions HTTP/1.1" 200 -
2026-09-19 21:48:26,958 - INFO - Prompt Cache: 1 sequences, 0.07 GB
2026-09-19 21:48:26,958 - INFO - - assistant: 1 sequences, 0.07 GB
2026-09-19 21:48:26,958 - INFO - - user: 0 sequences, 0.00 GB
2026-09-19 21:48:26,958 - INFO - - system: 0 sequences, 0.00 GB
127.0.0.1 - - [19/Sep/2026 21:48:26] "POST /v1/chat/completions HTTP/1.1" 200 -
2026-09-19 21:48:28,037 - INFO - Prompt processing progress: 517/521
2026-09-19 21:48:28,037 - INFO - Prompt processing progress: 517/521
2026-09-19 21:48:28,037 - INFO - Prompt processing progress: 517/521
2026-09-19 21:48:28,142 - INFO - Prompt processing progress: 520/521
2026-09-19 21:48:28,142 - INFO - Prompt processing progress: 520/521
2026-09-19 21:48:28,142 - INFO - Prompt processing progress: 520/521
2026-09-19 21:48:28,210 - INFO - Prompt processing progress: 521/521
2026-09-19 21:48:28,210 - INFO - Prompt processing progress: 521/521
2026-09-19 21:48:28,210 - INFO - Prompt processing progress: 521/521
2026-09-19 21:48:30,743 - INFO - Prompt Cache: 1 sequences, 0.07 GB
2026-09-19 21:48:30,743 - INFO - - assistant: 1 sequences, 0.07 GB
2026-09-19 21:48:30,743 - INFO - - user: 0 sequences, 0.00 GB
2026-09-19 21:48:30,743 - INFO - - system: 0 sequences, 0.00 GB
127.0.0.1 - - [19/Sep/2026 21:48:30] "POST /v1/chat/completions HTTP/1.1" 200 -
2026-09-19 21:48:31,220 - INFO - Prompt processing progress: 517/521
2026-09-19 21:48:31,311 - INFO - Prompt processing progress: 520/521
2026-09-19 21:48:31,380 - INFO - Prompt processing progress: 521/521
2026-09-19 21:48:35,641 - INFO - Prompt Cache: 1 sequences, 0.07 GB
2026-09-19 21:48:35,641 - INFO - - assistant: 1 sequences, 0.07 GB
2026-09-19 21:48:35,641 - INFO - - user: 0 sequences, 0.00 GB
2026-09-19 21:48:35,641 - INFO - - system: 0 sequences, 0.00 GB
127.0.0.1 - - [19/Sep/2026 21:48:35] "POST /v1/chat/completions HTTP/1.1" 200 -
2026-09-19 21:48:35,717 - INFO - Prompt Cache: 1 sequences, 0.07 GB
2026-09-19 21:48:35,717 - INFO - - assistant: 1 sequences, 0.07 GB
2026-09-19 21:48:35,717 - INFO - - user: 0 sequences, 0.00 GB
2026-09-19 21:48:35,717 - INFO - - system: 0 sequences, 0.00 GB
127.0.0.1 - - [19/Sep/2026 21:48:35] "POST /v1/chat/completions HTTP/1.1" 200 -
2026-09-19 21:48:35,793 - INFO - Prompt Cache: 1 sequences, 0.07 GB
2026-09-19 21:48:35,793 - INFO - - assistant: 1 sequences, 0.07 GB
2026-09-19 21:48:35,793 - INFO - - user: 0 sequences, 0.00 GB
2026-09-19 21:48:35,793 - INFO - - system: 0 sequences, 0.00 GB
127.0.0.1 - - [19/Sep/2026 21:48:35] "POST /v1/chat/completions HTTP/1.1" 200 -
2026-09-19 21:48:36,861 - INFO - Prompt processing progress: 517/521
2026-09-19 21:48:36,861 - INFO - Prompt processing progress: 517/521
2026-09-19 21:48:36,861 - INFO - Prompt processing progress: 517/521
2026-09-19 21:48:36,959 - INFO - Prompt processing progress: 520/521
2026-09-19 21:48:36,959 - INFO - Prompt processing progress: 520/521
2026-09-19 21:48:36,959 - INFO - Prompt processing progress: 520/521
2026-09-19 21:48:37,026 - INFO - Prompt processing progress: 521/521
2026-09-19 21:48:37,026 - INFO - Prompt processing progress: 521/521
2026-09-19 21:48:37,026 - INFO - Prompt processing progress: 521/521
2026-09-19 21:48:39,023 - INFO - Prompt Cache: 1 sequences, 0.07 GB
2026-09-19 21:48:39,023 - INFO - - assistant: 1 sequences, 0.07 GB
2026-09-19 21:48:39,023 - INFO - - user: 0 sequences, 0.00 GB
2026-09-19 21:48:39,023 - INFO - - system: 0 sequences, 0.00 GB
127.0.0.1 - - [19/Sep/2026 21:48:39] "POST /v1/chat/completions HTTP/1.1" 200 -
2026-09-19 21:48:39,504 - INFO - Prompt processing progress: 517/521
2026-09-19 21:48:39,596 - INFO - Prompt processing progress: 520/521
2026-09-19 21:48:39,664 - INFO - Prompt processing progress: 521/521
2026-09-19 21:48:44,243 - INFO - Prompt Cache: 1 sequences, 0.07 GB
2026-09-19 21:48:44,243 - INFO - - assistant: 1 sequences, 0.07 GB
2026-09-19 21:48:44,243 - INFO - - user: 0 sequences, 0.00 GB
2026-09-19 21:48:44,243 - INFO - - system: 0 sequences, 0.00 GB
127.0.0.1 - - [19/Sep/2026 21:48:44] "POST /v1/chat/completions HTTP/1.1" 200 -
2026-09-19 21:48:44,321 - INFO - Prompt Cache: 1 sequences, 0.07 GB
2026-09-19 21:48:44,321 - INFO - - assistant: 1 sequences, 0.07 GB
2026-09-19 21:48:44,321 - INFO - - user: 0 sequences, 0.00 GB
2026-09-19 21:48:44,321 - INFO - - system: 0 sequences, 0.00 GB
127.0.0.1 - - [19/Sep/2026 21:48:44] "POST /v1/chat/completions HTTP/1.1" 200 -
2026-09-19 21:48:44,397 - INFO - Prompt Cache: 1 sequences, 0.07 GB
2026-09-19 21:48:44,397 - INFO - - assistant: 1 sequences, 0.07 GB
2026-09-19 21:48:44,397 - INFO - - user: 0 sequences, 0.00 GB
2026-09-19 21:48:44,397 - INFO - - system: 0 sequences, 0.00 GB
127.0.0.1 - - [19/Sep/2026 21:48:44] "POST /v1/chat/completions HTTP/1.1" 200 -
2026-09-19 21:48:45,476 - INFO - Prompt processing progress: 517/521
2026-09-19 21:48:45,476 - INFO - Prompt processing progress: 517/521
2026-09-19 21:48:45,476 - INFO - Prompt processing progress: 517/521
2026-09-19 21:48:45,578 - INFO - Prompt processing progress: 520/521
2026-09-19 21:48:45,578 - INFO - Prompt processing progress: 520/521
2026-09-19 21:48:45,578 - INFO - Prompt processing progress: 520/521
2026-09-19 21:48:45,648 - INFO - Prompt processing progress: 521/521
2026-09-19 21:48:45,648 - INFO - Prompt processing progress: 521/521
2026-09-19 21:48:45,648 - INFO - Prompt processing progress: 521/521
2026-09-19 21:48:47,646 - INFO - Prompt Cache: 1 sequences, 0.07 GB
2026-09-19 21:48:47,646 - INFO - - assistant: 1 sequences, 0.07 GB
2026-09-19 21:48:47,646 - INFO - - user: 0 sequences, 0.00 GB
2026-09-19 21:48:47,646 - INFO - - system: 0 sequences, 0.00 GB
127.0.0.1 - - [19/Sep/2026 21:48:47] "POST /v1/chat/completions HTTP/1.1" 200 -
2026-09-19 21:48:48,128 - INFO - Prompt processing progress: 517/521
2026-09-19 21:48:48,219 - INFO - Prompt processing progress: 520/521
2026-09-19 21:48:48,288 - INFO - Prompt processing progress: 521/521
2026-09-19 21:48:52,874 - INFO - Prompt Cache: 1 sequences, 0.07 GB
2026-09-19 21:48:52,874 - INFO - - assistant: 1 sequences, 0.07 GB
2026-09-19 21:48:52,874 - INFO - - user: 0 sequences, 0.00 GB
2026-09-19 21:48:52,874 - INFO - - system: 0 sequences, 0.00 GB
127.0.0.1 - - [19/Sep/2026 21:48:52] "POST /v1/chat/completions HTTP/1.1" 200 -
2026-09-19 21:48:52,961 - INFO - Prompt Cache: 1 sequences, 0.07 GB
2026-09-19 21:48:52,961 - INFO - - assistant: 1 sequences, 0.07 GB
2026-09-19 21:48:52,961 - INFO - - user: 0 sequences, 0.00 GB
2026-09-19 21:48:52,961 - INFO - - system: 0 sequences, 0.00 GB
127.0.0.1 - - [19/Sep/2026 21:48:52] "POST /v1/chat/completions HTTP/1.1" 200 -
2026-09-19 21:48:53,036 - INFO - Prompt Cache: 1 sequences, 0.07 GB
2026-09-19 21:48:53,036 - INFO - - assistant: 1 sequences, 0.07 GB
2026-09-19 21:48:53,036 - INFO - - user: 0 sequences, 0.00 GB
2026-09-19 21:48:53,036 - INFO - - system: 0 sequences, 0.00 GB
127.0.0.1 - - [19/Sep/2026 21:48:53] "POST /v1/chat/completions HTTP/1.1" 200 -
2026-09-19 21:48:54,125 - INFO - Prompt processing progress: 517/521
2026-09-19 21:48:54,125 - INFO - Prompt processing progress: 517/521
2026-09-19 21:48:54,125 - INFO - Prompt processing progress: 517/521
2026-09-19 21:48:54,239 - INFO - Prompt processing progress: 520/521
2026-09-19 21:48:54,239 - INFO - Prompt processing progress: 520/521
2026-09-19 21:48:54,239 - INFO - Prompt processing progress: 520/521
2026-09-19 21:48:54,315 - INFO - Prompt processing progress: 521/521
2026-09-19 21:48:54,315 - INFO - Prompt processing progress: 521/521
2026-09-19 21:48:54,315 - INFO - Prompt processing progress: 521/521
127.0.0.1 - - [19/Sep/2026 21:49:06] code 501, message Unsupported method ('HEAD')
127.0.0.1 - - [19/Sep/2026 21:49:06] "HEAD /metrics HTTP/1.1" 501 -
127.0.0.1 - - [19/Sep/2026 21:49:06] "GET /metrics HTTP/1.1" 404 -
2026-09-19 21:49:09,938 - INFO - Prompt Cache: 1 sequences, 0.07 GB
2026-09-19 21:49:09,938 - INFO - - assistant: 1 sequences, 0.07 GB
2026-09-19 21:49:09,938 - INFO - - user: 0 sequences, 0.00 GB
2026-09-19 21:49:09,939 - INFO - - system: 0 sequences, 0.00 GB
127.0.0.1 - - [19/Sep/2026 21:49:09] "POST /v1/chat/completions HTTP/1.1" 200 -
2026-09-19 21:49:10,023 - INFO - Prompt Cache: 1 sequences, 0.07 GB
2026-09-19 21:49:10,024 - INFO - - assistant: 1 sequences, 0.07 GB
2026-09-19 21:49:10,024 - INFO - - user: 0 sequences, 0.00 GB
2026-09-19 21:49:10,024 - INFO - - system: 0 sequences, 0.00 GB
127.0.0.1 - - [19/Sep/2026 21:49:10] "POST /v1/chat/completions HTTP/1.1" 200 -
2026-09-19 21:49:10,108 - INFO - Prompt Cache: 1 sequences, 0.07 GB
2026-09-19 21:49:10,109 - INFO - - assistant: 1 sequences, 0.07 GB
2026-09-19 21:49:10,109 - INFO - - user: 0 sequences, 0.00 GB
2026-09-19 21:49:10,109 - INFO - - system: 0 sequences, 0.00 GB
127.0.0.1 - - [19/Sep/2026 21:49:10] "POST /v1/chat/completions HTTP/1.1" 200 -
2026-09-19 21:49:10,191 - INFO - Prompt Cache: 1 sequences, 0.07 GB
2026-09-19 21:49:10,191 - INFO - - assistant: 1 sequences, 0.07 GB
2026-09-19 21:49:10,191 - INFO - - user: 0 sequences, 0.00 GB
2026-09-19 21:49:10,191 - INFO - - system: 0 sequences, 0.00 GB
127.0.0.1 - - [19/Sep/2026 21:49:10] "POST /v1/chat/completions HTTP/1.1" 200 -
2026-09-19 21:49:10,287 - INFO - Prompt Cache: 1 sequences, 0.07 GB
2026-09-19 21:49:10,287 - INFO - - assistant: 1 sequences, 0.07 GB
2026-09-19 21:49:10,287 - INFO - - user: 0 sequences, 0.00 GB
2026-09-19 21:49:10,287 - INFO - - system: 0 sequences, 0.00 GB
127.0.0.1 - - [19/Sep/2026 21:49:10] "POST /v1/chat/completions HTTP/1.1" 200 -
2026-09-19 21:49:10,375 - INFO - Prompt Cache: 1 sequences, 0.07 GB
2026-09-19 21:49:10,375 - INFO - - assistant: 1 sequences, 0.07 GB
2026-09-19 21:49:10,375 - INFO - - user: 0 sequences, 0.00 GB
2026-09-19 21:49:10,375 - INFO - - system: 0 sequences, 0.00 GB
127.0.0.1 - - [19/Sep/2026 21:49:10] "POST /v1/chat/completions HTTP/1.1" 200 -
2026-09-19 21:49:10,466 - INFO - Prompt Cache: 1 sequences, 0.07 GB
2026-09-19 21:49:10,466 - INFO - - assistant: 1 sequences, 0.07 GB
2026-09-19 21:49:10,466 - INFO - - user: 0 sequences, 0.00 GB
2026-09-19 21:49:10,466 - INFO - - system: 0 sequences, 0.00 GB
127.0.0.1 - - [19/Sep/2026 21:49:10] "POST /v1/chat/completions HTTP/1.1" 200 -
2026-09-19 21:49:10,554 - INFO - Prompt Cache: 1 sequences, 0.07 GB
2026-09-19 21:49:10,555 - INFO - - assistant: 1 sequences, 0.07 GB
2026-09-19 21:49:10,555 - INFO - - user: 0 sequences, 0.00 GB
2026-09-19 21:49:10,555 - INFO - - system: 0 sequences, 0.00 GB
127.0.0.1 - - [19/Sep/2026 21:49:10] "POST /v1/chat/completions HTTP/1.1" 200 -
2026-09-19 21:49:13,784 - INFO - Prompt processing progress: 517/521
2026-09-19 21:49:13,784 - INFO - Prompt processing progress: 517/521
2026-09-19 21:49:13,784 - INFO - Prompt processing progress: 517/521
2026-09-19 21:49:13,784 - INFO - Prompt processing progress: 517/521
2026-09-19 21:49:13,784 - INFO - Prompt processing progress: 517/521
2026-09-19 21:49:13,784 - INFO - Prompt processing progress: 517/521
2026-09-19 21:49:13,784 - INFO - Prompt processing progress: 517/521
2026-09-19 21:49:13,784 - INFO - Prompt processing progress: 517/521
2026-09-19 21:49:13,935 - INFO - Prompt processing progress: 520/521
2026-09-19 21:49:13,935 - INFO - Prompt processing progress: 520/521
2026-09-19 21:49:13,935 - INFO - Prompt processing progress: 520/521
2026-09-19 21:49:13,935 - INFO - Prompt processing progress: 520/521
2026-09-19 21:49:13,935 - INFO - Prompt processing progress: 520/521
2026-09-19 21:49:13,935 - INFO - Prompt processing progress: 520/521
2026-09-19 21:49:13,935 - INFO - Prompt processing progress: 520/521
2026-09-19 21:49:13,935 - INFO - Prompt processing progress: 520/521
2026-09-19 21:49:14,023 - INFO - Prompt processing progress: 521/521
2026-09-19 21:49:14,023 - INFO - Prompt processing progress: 521/521
2026-09-19 21:49:14,023 - INFO - Prompt processing progress: 521/521
2026-09-19 21:49:14,023 - INFO - Prompt processing progress: 521/521
2026-09-19 21:49:14,023 - INFO - Prompt processing progress: 521/521
2026-09-19 21:49:14,023 - INFO - Prompt processing progress: 521/521
2026-09-19 21:49:14,023 - INFO - Prompt processing progress: 521/521
2026-09-19 21:49:14,023 - INFO - Prompt processing progress: 521/521
2026-09-19 21:49:17,568 - INFO - Prompt Cache: 1 sequences, 0.07 GB
2026-09-19 21:49:17,569 - INFO - - assistant: 1 sequences, 0.07 GB
2026-09-19 21:49:17,569 - INFO - - user: 0 sequences, 0.00 GB
2026-09-19 21:49:17,569 - INFO - - system: 0 sequences, 0.00 GB
127.0.0.1 - - [19/Sep/2026 21:49:17] "POST /v1/chat/completions HTTP/1.1" 200 -
2026-09-19 21:49:18,065 - INFO - Prompt processing progress: 517/521
2026-09-19 21:49:18,167 - INFO - Prompt processing progress: 520/521
2026-09-19 21:49:18,243 - INFO - Prompt processing progress: 521/521
2026-09-19 21:49:22,268 - INFO - Prompt Cache: 1 sequences, 0.07 GB
2026-09-19 21:49:22,268 - INFO - - assistant: 1 sequences, 0.07 GB
2026-09-19 21:49:22,268 - INFO - - user: 0 sequences, 0.00 GB
2026-09-19 21:49:22,268 - INFO - - system: 0 sequences, 0.00 GB
127.0.0.1 - - [19/Sep/2026 21:49:22] "POST /v1/chat/completions HTTP/1.1" 200 -
2026-09-19 21:49:22,351 - INFO - Prompt Cache: 1 sequences, 0.07 GB
2026-09-19 21:49:22,351 - INFO - - assistant: 1 sequences, 0.07 GB
2026-09-19 21:49:22,351 - INFO - - user: 0 sequences, 0.00 GB
2026-09-19 21:49:22,351 - INFO - - system: 0 sequences, 0.00 GB
127.0.0.1 - - [19/Sep/2026 21:49:22] "POST /v1/chat/completions HTTP/1.1" 200 -
2026-09-19 21:49:22,429 - INFO - Prompt Cache: 1 sequences, 0.07 GB
2026-09-19 21:49:22,429 - INFO - - assistant: 1 sequences, 0.07 GB
2026-09-19 21:49:22,429 - INFO - - user: 0 sequences, 0.00 GB
2026-09-19 21:49:22,429 - INFO - - system: 0 sequences, 0.00 GB
127.0.0.1 - - [19/Sep/2026 21:49:22] "POST /v1/chat/completions HTTP/1.1" 200 -
2026-09-19 21:49:22,505 - INFO - Prompt Cache: 1 sequences, 0.07 GB
2026-09-19 21:49:22,505 - INFO - - assistant: 1 sequences, 0.07 GB
2026-09-19 21:49:22,505 - INFO - - user: 0 sequences, 0.00 GB
2026-09-19 21:49:22,505 - INFO - - system: 0 sequences, 0.00 GB
127.0.0.1 - - [19/Sep/2026 21:49:22] "POST /v1/chat/completions HTTP/1.1" 200 -
2026-09-19 21:49:22,581 - INFO - Prompt Cache: 1 sequences, 0.07 GB
2026-09-19 21:49:22,581 - INFO - - assistant: 1 sequences, 0.07 GB
2026-09-19 21:49:22,581 - INFO - - user: 0 sequences, 0.00 GB
2026-09-19 21:49:22,581 - INFO - - system: 0 sequences, 0.00 GB
127.0.0.1 - - [19/Sep/2026 21:49:22] "POST /v1/chat/completions HTTP/1.1" 200 -
2026-09-19 21:49:22,657 - INFO - Prompt Cache: 1 sequences, 0.07 GB
2026-09-19 21:49:22,657 - INFO - - assistant: 1 sequences, 0.07 GB
2026-09-19 21:49:22,657 - INFO - - user: 0 sequences, 0.00 GB
2026-09-19 21:49:22,657 - INFO - - system: 0 sequences, 0.00 GB
127.0.0.1 - - [19/Sep/2026 21:49:22] "POST /v1/chat/completions HTTP/1.1" 200 -
2026-09-19 21:49:22,734 - INFO - Prompt Cache: 1 sequences, 0.07 GB
2026-09-19 21:49:22,734 - INFO - - assistant: 1 sequences, 0.07 GB
2026-09-19 21:49:22,734 - INFO - - user: 0 sequences, 0.00 GB
2026-09-19 21:49:22,734 - INFO - - system: 0 sequences, 0.00 GB
127.0.0.1 - - [19/Sep/2026 21:49:22] "POST /v1/chat/completions HTTP/1.1" 200 -
2026-09-19 21:49:25,058 - INFO - Prompt processing progress: 517/521
2026-09-19 21:49:25,058 - INFO - Prompt processing progress: 517/521
2026-09-19 21:49:25,058 - INFO - Prompt processing progress: 517/521
2026-09-19 21:49:25,058 - INFO - Prompt processing progress: 517/521
2026-09-19 21:49:25,058 - INFO - Prompt processing progress: 517/521
2026-09-19 21:49:25,058 - INFO - Prompt processing progress: 517/521
2026-09-19 21:49:25,058 - INFO - Prompt processing progress: 517/521
2026-09-19 21:49:25,212 - INFO - Prompt processing progress: 520/521
2026-09-19 21:49:25,212 - INFO - Prompt processing progress: 520/521
2026-09-19 21:49:25,212 - INFO - Prompt processing progress: 520/521
2026-09-19 21:49:25,212 - INFO - Prompt processing progress: 520/521
2026-09-19 21:49:25,212 - INFO - Prompt processing progress: 520/521
2026-09-19 21:49:25,212 - INFO - Prompt processing progress: 520/521
2026-09-19 21:49:25,212 - INFO - Prompt processing progress: 520/521
2026-09-19 21:49:25,317 - INFO - Prompt processing progress: 521/521
2026-09-19 21:49:25,317 - INFO - Prompt processing progress: 521/521
2026-09-19 21:49:25,317 - INFO - Prompt processing progress: 521/521
2026-09-19 21:49:25,317 - INFO - Prompt processing progress: 521/521
2026-09-19 21:49:25,317 - INFO - Prompt processing progress: 521/521
2026-09-19 21:49:25,317 - INFO - Prompt processing progress: 521/521
2026-09-19 21:49:25,317 - INFO - Prompt processing progress: 521/521
2026-09-19 21:49:28,769 - INFO - Prompt Cache: 1 sequences, 0.07 GB
2026-09-19 21:49:28,770 - INFO - - assistant: 1 sequences, 0.07 GB
2026-09-19 21:49:28,770 - INFO - - user: 0 sequences, 0.00 GB
2026-09-19 21:49:28,770 - INFO - - system: 0 sequences, 0.00 GB
127.0.0.1 - - [19/Sep/2026 21:49:28] "POST /v1/chat/completions HTTP/1.1" 200 -
2026-09-19 21:49:29,263 - INFO - Prompt processing progress: 517/521
2026-09-19 21:49:29,361 - INFO - Prompt processing progress: 520/521
2026-09-19 21:49:29,434 - INFO - Prompt processing progress: 521/521
2026-09-19 21:49:33,665 - INFO - Prompt Cache: 1 sequences, 0.07 GB
2026-09-19 21:49:33,666 - INFO - - assistant: 1 sequences, 0.07 GB
2026-09-19 21:49:33,666 - INFO - - user: 0 sequences, 0.00 GB
2026-09-19 21:49:33,666 - INFO - - system: 0 sequences, 0.00 GB
127.0.0.1 - - [19/Sep/2026 21:49:33] "POST /v1/chat/completions HTTP/1.1" 200 -
2026-09-19 21:49:33,746 - INFO - Prompt Cache: 1 sequences, 0.07 GB
2026-09-19 21:49:33,746 - INFO - - assistant: 1 sequences, 0.07 GB
2026-09-19 21:49:33,746 - INFO - - user: 0 sequences, 0.00 GB
2026-09-19 21:49:33,746 - INFO - - system: 0 sequences, 0.00 GB
127.0.0.1 - - [19/Sep/2026 21:49:33] "POST /v1/chat/completions HTTP/1.1" 200 -
2026-09-19 21:49:33,821 - INFO - Prompt Cache: 1 sequences, 0.07 GB
2026-09-19 21:49:33,821 - INFO - - assistant: 1 sequences, 0.07 GB
2026-09-19 21:49:33,821 - INFO - - user: 0 sequences, 0.00 GB
2026-09-19 21:49:33,821 - INFO - - system: 0 sequences, 0.00 GB
127.0.0.1 - - [19/Sep/2026 21:49:33] "POST /v1/chat/completions HTTP/1.1" 200 -
2026-09-19 21:49:33,895 - INFO - Prompt Cache: 1 sequences, 0.07 GB
2026-09-19 21:49:33,895 - INFO - - assistant: 1 sequences, 0.07 GB
2026-09-19 21:49:33,895 - INFO - - user: 0 sequences, 0.00 GB
2026-09-19 21:49:33,895 - INFO - - system: 0 sequences, 0.00 GB
127.0.0.1 - - [19/Sep/2026 21:49:33] "POST /v1/chat/completions HTTP/1.1" 200 -
2026-09-19 21:49:33,969 - INFO - Prompt Cache: 1 sequences, 0.07 GB
2026-09-19 21:49:33,969 - INFO - - assistant: 1 sequences, 0.07 GB
2026-09-19 21:49:33,969 - INFO - - user: 0 sequences, 0.00 GB
2026-09-19 21:49:33,969 - INFO - - system: 0 sequences, 0.00 GB
127.0.0.1 - - [19/Sep/2026 21:49:33] "POST /v1/chat/completions HTTP/1.1" 200 -
2026-09-19 21:49:34,044 - INFO - Prompt Cache: 1 sequences, 0.07 GB
2026-09-19 21:49:34,044 - INFO - - assistant: 1 sequences, 0.07 GB
2026-09-19 21:49:34,044 - INFO - - user: 0 sequences, 0.00 GB
2026-09-19 21:49:34,044 - INFO - - system: 0 sequences, 0.00 GB
127.0.0.1 - - [19/Sep/2026 21:49:34] "POST /v1/chat/completions HTTP/1.1" 200 -
2026-09-19 21:49:34,118 - INFO - Prompt Cache: 1 sequences, 0.07 GB
2026-09-19 21:49:34,119 - INFO - - assistant: 1 sequences, 0.07 GB
2026-09-19 21:49:34,119 - INFO - - user: 0 sequences, 0.00 GB
2026-09-19 21:49:34,119 - INFO - - system: 0 sequences, 0.00 GB
127.0.0.1 - - [19/Sep/2026 21:49:34] "POST /v1/chat/completions HTTP/1.1" 200 -
2026-09-19 21:49:36,436 - INFO - Prompt processing progress: 517/521
2026-09-19 21:49:36,436 - INFO - Prompt processing progress: 517/521
2026-09-19 21:49:36,436 - INFO - Prompt processing progress: 517/521
2026-09-19 21:49:36,436 - INFO - Prompt processing progress: 517/521
2026-09-19 21:49:36,436 - INFO - Prompt processing progress: 517/521
2026-09-19 21:49:36,436 - INFO - Prompt processing progress: 517/521
2026-09-19 21:49:36,436 - INFO - Prompt processing progress: 517/521
2026-09-19 21:49:36,590 - INFO - Prompt processing progress: 520/521
2026-09-19 21:49:36,590 - INFO - Prompt processing progress: 520/521
2026-09-19 21:49:36,590 - INFO - Prompt processing progress: 520/521
2026-09-19 21:49:36,590 - INFO - Prompt processing progress: 520/521
2026-09-19 21:49:36,590 - INFO - Prompt processing progress: 520/521
2026-09-19 21:49:36,590 - INFO - Prompt processing progress: 520/521
2026-09-19 21:49:36,590 - INFO - Prompt processing progress: 520/521
2026-09-19 21:49:36,714 - INFO - Prompt processing progress: 521/521
2026-09-19 21:49:36,714 - INFO - Prompt processing progress: 521/521
2026-09-19 21:49:36,714 - INFO - Prompt processing progress: 521/521
2026-09-19 21:49:36,714 - INFO - Prompt processing progress: 521/521
2026-09-19 21:49:36,714 - INFO - Prompt processing progress: 521/521
2026-09-19 21:49:36,714 - INFO - Prompt processing progress: 521/521
2026-09-19 21:49:36,714 - INFO - Prompt processing progress: 521/521
2026-09-19 21:49:39,656 - INFO - Prompt Cache: 1 sequences, 0.07 GB
2026-09-19 21:49:39,657 - INFO - - assistant: 1 sequences, 0.07 GB
2026-09-19 21:49:39,657 - INFO - - user: 0 sequences, 0.00 GB
2026-09-19 21:49:39,657 - INFO - - system: 0 sequences, 0.00 GB
127.0.0.1 - - [19/Sep/2026 21:49:39] "POST /v1/chat/completions HTTP/1.1" 200 -
2026-09-19 21:49:40,143 - INFO - Prompt processing progress: 517/521
2026-09-19 21:49:40,241 - INFO - Prompt processing progress: 520/521
2026-09-19 21:49:40,314 - INFO - Prompt processing progress: 521/521
2026-09-19 21:49:44,632 - INFO - Prompt Cache: 1 sequences, 0.07 GB
2026-09-19 21:49:44,632 - INFO - - assistant: 1 sequences, 0.07 GB
2026-09-19 21:49:44,632 - INFO - - user: 0 sequences, 0.00 GB
2026-09-19 21:49:44,632 - INFO - - system: 0 sequences, 0.00 GB
127.0.0.1 - - [19/Sep/2026 21:49:44] "POST /v1/chat/completions HTTP/1.1" 200 -
2026-09-19 21:49:44,710 - INFO - Prompt Cache: 1 sequences, 0.07 GB
2026-09-19 21:49:44,710 - INFO - - assistant: 1 sequences, 0.07 GB
2026-09-19 21:49:44,710 - INFO - - user: 0 sequences, 0.00 GB
2026-09-19 21:49:44,710 - INFO - - system: 0 sequences, 0.00 GB
127.0.0.1 - - [19/Sep/2026 21:49:44] "POST /v1/chat/completions HTTP/1.1" 200 -
2026-09-19 21:49:44,786 - INFO - Prompt Cache: 1 sequences, 0.07 GB
2026-09-19 21:49:44,786 - INFO - - assistant: 1 sequences, 0.07 GB
2026-09-19 21:49:44,786 - INFO - - user: 0 sequences, 0.00 GB
2026-09-19 21:49:44,786 - INFO - - system: 0 sequences, 0.00 GB
127.0.0.1 - - [19/Sep/2026 21:49:44] "POST /v1/chat/completions HTTP/1.1" 200 -
2026-09-19 21:49:44,862 - INFO - Prompt Cache: 1 sequences, 0.07 GB
2026-09-19 21:49:44,862 - INFO - - assistant: 1 sequences, 0.07 GB
2026-09-19 21:49:44,862 - INFO - - user: 0 sequences, 0.00 GB
2026-09-19 21:49:44,862 - INFO - - system: 0 sequences, 0.00 GB
127.0.0.1 - - [19/Sep/2026 21:49:44] "POST /v1/chat/completions HTTP/1.1" 200 -
2026-09-19 21:49:44,935 - INFO - Prompt Cache: 1 sequences, 0.07 GB
2026-09-19 21:49:44,935 - INFO - - assistant: 1 sequences, 0.07 GB
2026-09-19 21:49:44,935 - INFO - - user: 0 sequences, 0.00 GB
2026-09-19 21:49:44,935 - INFO - - system: 0 sequences, 0.00 GB
127.0.0.1 - - [19/Sep/2026 21:49:44] "POST /v1/chat/completions HTTP/1.1" 200 -
2026-09-19 21:49:45,009 - INFO - Prompt Cache: 1 sequences, 0.07 GB
2026-09-19 21:49:45,009 - INFO - - assistant: 1 sequences, 0.07 GB
2026-09-19 21:49:45,009 - INFO - - user: 0 sequences, 0.00 GB
2026-09-19 21:49:45,009 - INFO - - system: 0 sequences, 0.00 GB
127.0.0.1 - - [19/Sep/2026 21:49:45] "POST /v1/chat/completions HTTP/1.1" 200 -
2026-09-19 21:49:45,095 - INFO - Prompt Cache: 1 sequences, 0.07 GB
2026-09-19 21:49:45,095 - INFO - - assistant: 1 sequences, 0.07 GB
2026-09-19 21:49:45,095 - INFO - - user: 0 sequences, 0.00 GB
2026-09-19 21:49:45,095 - INFO - - system: 0 sequences, 0.00 GB
127.0.0.1 - - [19/Sep/2026 21:49:45] "POST /v1/chat/completions HTTP/1.1" 200 -
2026-09-19 21:49:47,416 - INFO - Prompt processing progress: 517/521
2026-09-19 21:49:47,416 - INFO - Prompt processing progress: 517/521
2026-09-19 21:49:47,416 - INFO - Prompt processing progress: 517/521
2026-09-19 21:49:47,416 - INFO - Prompt processing progress: 517/521
2026-09-19 21:49:47,416 - INFO - Prompt processing progress: 517/521
2026-09-19 21:49:47,416 - INFO - Prompt processing progress: 517/521
2026-09-19 21:49:47,416 - INFO - Prompt processing progress: 517/521
2026-09-19 21:49:47,571 - INFO - Prompt processing progress: 520/521
2026-09-19 21:49:47,571 - INFO - Prompt processing progress: 520/521
2026-09-19 21:49:47,571 - INFO - Prompt processing progress: 520/521
2026-09-19 21:49:47,571 - INFO - Prompt processing progress: 520/521
2026-09-19 21:49:47,571 - INFO - Prompt processing progress: 520/521
2026-09-19 21:49:47,571 - INFO - Prompt processing progress: 520/521
2026-09-19 21:49:47,571 - INFO - Prompt processing progress: 520/521
2026-09-19 21:49:47,677 - INFO - Prompt processing progress: 521/521
2026-09-19 21:49:47,677 - INFO - Prompt processing progress: 521/521
2026-09-19 21:49:47,677 - INFO - Prompt processing progress: 521/521
2026-09-19 21:49:47,677 - INFO - Prompt processing progress: 521/521
2026-09-19 21:49:47,677 - INFO - Prompt processing progress: 521/521
2026-09-19 21:49:47,677 - INFO - Prompt processing progress: 521/521
2026-09-19 21:49:47,677 - INFO - Prompt processing progress: 521/521
2026-09-19 21:49:50,665 - INFO - Prompt Cache: 1 sequences, 0.07 GB
2026-09-19 21:49:50,665 - INFO - - assistant: 1 sequences, 0.07 GB
2026-09-19 21:49:50,665 - INFO - - user: 0 sequences, 0.00 GB
2026-09-19 21:49:50,665 - INFO - - system: 0 sequences, 0.00 GB
127.0.0.1 - - [19/Sep/2026 21:49:50] "POST /v1/chat/completions HTTP/1.1" 200 -
2026-09-19 21:49:51,150 - INFO - Prompt processing progress: 517/521
2026-09-19 21:49:51,247 - INFO - Prompt processing progress: 520/521
2026-09-19 21:49:51,320 - INFO - Prompt processing progress: 521/521
2026-09-19 21:49:55,533 - INFO - Prompt Cache: 1 sequences, 0.07 GB
2026-09-19 21:49:55,533 - INFO - - assistant: 1 sequences, 0.07 GB
2026-09-19 21:49:55,533 - INFO - - user: 0 sequences, 0.00 GB
2026-09-19 21:49:55,533 - INFO - - system: 0 sequences, 0.00 GB
127.0.0.1 - - [19/Sep/2026 21:49:55] "POST /v1/chat/completions HTTP/1.1" 200 -
2026-09-19 21:49:55,610 - INFO - Prompt Cache: 1 sequences, 0.07 GB
2026-09-19 21:49:55,610 - INFO - - assistant: 1 sequences, 0.07 GB
2026-09-19 21:49:55,610 - INFO - - user: 0 sequences, 0.00 GB
2026-09-19 21:49:55,610 - INFO - - system: 0 sequences, 0.00 GB
127.0.0.1 - - [19/Sep/2026 21:49:55] "POST /v1/chat/completions HTTP/1.1" 200 -
2026-09-19 21:49:55,683 - INFO - Prompt Cache: 1 sequences, 0.07 GB
2026-09-19 21:49:55,683 - INFO - - assistant: 1 sequences, 0.07 GB
2026-09-19 21:49:55,683 - INFO - - user: 0 sequences, 0.00 GB
2026-09-19 21:49:55,683 - INFO - - system: 0 sequences, 0.00 GB
127.0.0.1 - - [19/Sep/2026 21:49:55] "POST /v1/chat/completions HTTP/1.1" 200 -
2026-09-19 21:49:55,757 - INFO - Prompt Cache: 1 sequences, 0.07 GB
2026-09-19 21:49:55,757 - INFO - - assistant: 1 sequences, 0.07 GB
2026-09-19 21:49:55,757 - INFO - - user: 0 sequences, 0.00 GB
2026-09-19 21:49:55,757 - INFO - - system: 0 sequences, 0.00 GB
127.0.0.1 - - [19/Sep/2026 21:49:55] "POST /v1/chat/completions HTTP/1.1" 200 -
2026-09-19 21:49:55,829 - INFO - Prompt Cache: 1 sequences, 0.07 GB
2026-09-19 21:49:55,829 - INFO - - assistant: 1 sequences, 0.07 GB
2026-09-19 21:49:55,829 - INFO - - user: 0 sequences, 0.00 GB
2026-09-19 21:49:55,829 - INFO - - system: 0 sequences, 0.00 GB
127.0.0.1 - - [19/Sep/2026 21:49:55] "POST /v1/chat/completions HTTP/1.1" 200 -
2026-09-19 21:49:55,902 - INFO - Prompt Cache: 1 sequences, 0.07 GB
2026-09-19 21:49:55,903 - INFO - - assistant: 1 sequences, 0.07 GB
2026-09-19 21:49:55,903 - INFO - - user: 0 sequences, 0.00 GB
2026-09-19 21:49:55,903 - INFO - - system: 0 sequences, 0.00 GB
127.0.0.1 - - [19/Sep/2026 21:49:55] "POST /v1/chat/completions HTTP/1.1" 200 -
2026-09-19 21:49:55,988 - INFO - Prompt Cache: 1 sequences, 0.07 GB
2026-09-19 21:49:55,988 - INFO - - assistant: 1 sequences, 0.07 GB
2026-09-19 21:49:55,988 - INFO - - user: 0 sequences, 0.00 GB
2026-09-19 21:49:55,988 - INFO - - system: 0 sequences, 0.00 GB
127.0.0.1 - - [19/Sep/2026 21:49:55] "POST /v1/chat/completions HTTP/1.1" 200 -
2026-09-19 21:49:58,316 - INFO - Prompt processing progress: 517/521
2026-09-19 21:49:58,316 - INFO - Prompt processing progress: 517/521
2026-09-19 21:49:58,316 - INFO - Prompt processing progress: 517/521
2026-09-19 21:49:58,316 - INFO - Prompt processing progress: 517/521
2026-09-19 21:49:58,316 - INFO - Prompt processing progress: 517/521
2026-09-19 21:49:58,316 - INFO - Prompt processing progress: 517/521
2026-09-19 21:49:58,316 - INFO - Prompt processing progress: 517/521
2026-09-19 21:49:58,472 - INFO - Prompt processing progress: 520/521
2026-09-19 21:49:58,472 - INFO - Prompt processing progress: 520/521
2026-09-19 21:49:58,472 - INFO - Prompt processing progress: 520/521
2026-09-19 21:49:58,472 - INFO - Prompt processing progress: 520/521
2026-09-19 21:49:58,472 - INFO - Prompt processing progress: 520/521
2026-09-19 21:49:58,472 - INFO - Prompt processing progress: 520/521
2026-09-19 21:49:58,472 - INFO - Prompt processing progress: 520/521
2026-09-19 21:49:58,577 - INFO - Prompt processing progress: 521/521
2026-09-19 21:49:58,577 - INFO - Prompt processing progress: 521/521
2026-09-19 21:49:58,577 - INFO - Prompt processing progress: 521/521
2026-09-19 21:49:58,578 - INFO - Prompt processing progress: 521/521
2026-09-19 21:49:58,578 - INFO - Prompt processing progress: 521/521
2026-09-19 21:49:58,578 - INFO - Prompt processing progress: 521/521
2026-09-19 21:49:58,578 - INFO - Prompt processing progress: 521/521
2026-09-19 21:50:02,071 - INFO - Prompt Cache: 1 sequences, 0.07 GB
2026-09-19 21:50:02,071 - INFO - - assistant: 1 sequences, 0.07 GB
2026-09-19 21:50:02,071 - INFO - - user: 0 sequences, 0.00 GB
2026-09-19 21:50:02,071 - INFO - - system: 0 sequences, 0.00 GB
127.0.0.1 - - [19/Sep/2026 21:50:02] "POST /v1/chat/completions HTTP/1.1" 200 -
2026-09-19 21:50:02,569 - INFO - Prompt processing progress: 517/521
2026-09-19 21:50:02,679 - INFO - Prompt processing progress: 520/521
2026-09-19 21:50:02,752 - INFO - Prompt processing progress: 521/521
2026-09-19 21:50:06,873 - INFO - Prompt Cache: 1 sequences, 0.07 GB
2026-09-19 21:50:06,873 - INFO - - assistant: 1 sequences, 0.07 GB
2026-09-19 21:50:06,873 - INFO - - user: 0 sequences, 0.00 GB
2026-09-19 21:50:06,873 - INFO - - system: 0 sequences, 0.00 GB
127.0.0.1 - - [19/Sep/2026 21:50:06] "POST /v1/chat/completions HTTP/1.1" 200 -
2026-09-19 21:50:06,955 - INFO - Prompt Cache: 1 sequences, 0.07 GB
2026-09-19 21:50:06,955 - INFO - - assistant: 1 sequences, 0.07 GB
2026-09-19 21:50:06,955 - INFO - - user: 0 sequences, 0.00 GB
2026-09-19 21:50:06,955 - INFO - - system: 0 sequences, 0.00 GB
127.0.0.1 - - [19/Sep/2026 21:50:06] "POST /v1/chat/completions HTTP/1.1" 200 -
2026-09-19 21:50:07,032 - INFO - Prompt Cache: 1 sequences, 0.07 GB
2026-09-19 21:50:07,032 - INFO - - assistant: 1 sequences, 0.07 GB
2026-09-19 21:50:07,032 - INFO - - user: 0 sequences, 0.00 GB
2026-09-19 21:50:07,032 - INFO - - system: 0 sequences, 0.00 GB
127.0.0.1 - - [19/Sep/2026 21:50:07] "POST /v1/chat/completions HTTP/1.1" 200 -
2026-09-19 21:50:07,107 - INFO - Prompt Cache: 1 sequences, 0.07 GB
2026-09-19 21:50:07,107 - INFO - - assistant: 1 sequences, 0.07 GB
2026-09-19 21:50:07,107 - INFO - - user: 0 sequences, 0.00 GB
2026-09-19 21:50:07,107 - INFO - - system: 0 sequences, 0.00 GB
127.0.0.1 - - [19/Sep/2026 21:50:07] "POST /v1/chat/completions HTTP/1.1" 200 -
2026-09-19 21:50:07,182 - INFO - Prompt Cache: 1 sequences, 0.07 GB
2026-09-19 21:50:07,182 - INFO - - assistant: 1 sequences, 0.07 GB
2026-09-19 21:50:07,182 - INFO - - user: 0 sequences, 0.00 GB
2026-09-19 21:50:07,182 - INFO - - system: 0 sequences, 0.00 GB
127.0.0.1 - - [19/Sep/2026 21:50:07] "POST /v1/chat/completions HTTP/1.1" 200 -
2026-09-19 21:50:07,257 - INFO - Prompt Cache: 1 sequences, 0.07 GB
2026-09-19 21:50:07,257 - INFO - - assistant: 1 sequences, 0.07 GB
2026-09-19 21:50:07,257 - INFO - - user: 0 sequences, 0.00 GB
2026-09-19 21:50:07,257 - INFO - - system: 0 sequences, 0.00 GB
127.0.0.1 - - [19/Sep/2026 21:50:07] "POST /v1/chat/completions HTTP/1.1" 200 -
2026-09-19 21:50:07,332 - INFO - Prompt Cache: 1 sequences, 0.07 GB
2026-09-19 21:50:07,332 - INFO - - assistant: 1 sequences, 0.07 GB
2026-09-19 21:50:07,332 - INFO - - user: 0 sequences, 0.00 GB
2026-09-19 21:50:07,332 - INFO - - system: 0 sequences, 0.00 GB
127.0.0.1 - - [19/Sep/2026 21:50:07] "POST /v1/chat/completions HTTP/1.1" 200 -
2026-09-19 21:50:09,641 - INFO - Prompt processing progress: 517/521
2026-09-19 21:50:09,641 - INFO - Prompt processing progress: 517/521
2026-09-19 21:50:09,641 - INFO - Prompt processing progress: 517/521
2026-09-19 21:50:09,641 - INFO - Prompt processing progress: 517/521
2026-09-19 21:50:09,641 - INFO - Prompt processing progress: 517/521
2026-09-19 21:50:09,641 - INFO - Prompt processing progress: 517/521
2026-09-19 21:50:09,641 - INFO - Prompt processing progress: 517/521
2026-09-19 21:50:09,791 - INFO - Prompt processing progress: 520/521
2026-09-19 21:50:09,791 - INFO - Prompt processing progress: 520/521
2026-09-19 21:50:09,791 - INFO - Prompt processing progress: 520/521
2026-09-19 21:50:09,791 - INFO - Prompt processing progress: 520/521
2026-09-19 21:50:09,791 - INFO - Prompt processing progress: 520/521
2026-09-19 21:50:09,791 - INFO - Prompt processing progress: 520/521
2026-09-19 21:50:09,791 - INFO - Prompt processing progress: 520/521
2026-09-19 21:50:09,895 - INFO - Prompt processing progress: 521/521
2026-09-19 21:50:09,895 - INFO - Prompt processing progress: 521/521
2026-09-19 21:50:09,895 - INFO - Prompt processing progress: 521/521
2026-09-19 21:50:09,895 - INFO - Prompt processing progress: 521/521
2026-09-19 21:50:09,895 - INFO - Prompt processing progress: 521/521
2026-09-19 21:50:09,895 - INFO - Prompt processing progress: 521/521
2026-09-19 21:50:09,895 - INFO - Prompt processing progress: 521/521
2026-09-19 21:50:12,867 - INFO - Prompt Cache: 1 sequences, 0.07 GB
2026-09-19 21:50:12,867 - INFO - - assistant: 1 sequences, 0.07 GB
2026-09-19 21:50:12,867 - INFO - - user: 0 sequences, 0.00 GB
2026-09-19 21:50:12,867 - INFO - - system: 0 sequences, 0.00 GB
127.0.0.1 - - [19/Sep/2026 21:50:12] "POST /v1/chat/completions HTTP/1.1" 200 -
2026-09-19 21:50:13,355 - INFO - Prompt processing progress: 517/521
2026-09-19 21:50:13,454 - INFO - Prompt processing progress: 520/521
2026-09-19 21:50:13,528 - INFO - Prompt processing progress: 521/521
2026-09-19 21:50:18,074 - INFO - Prompt Cache: 1 sequences, 0.07 GB
2026-09-19 21:50:18,075 - INFO - - assistant: 1 sequences, 0.07 GB
2026-09-19 21:50:18,075 - INFO - - user: 0 sequences, 0.00 GB
2026-09-19 21:50:18,075 - INFO - - system: 0 sequences, 0.00 GB
127.0.0.1 - - [19/Sep/2026 21:50:18] "POST /v1/chat/completions HTTP/1.1" 200 -
2026-09-19 21:50:18,156 - INFO - Prompt Cache: 1 sequences, 0.07 GB
2026-09-19 21:50:18,156 - INFO - - assistant: 1 sequences, 0.07 GB
2026-09-19 21:50:18,156 - INFO - - user: 0 sequences, 0.00 GB
2026-09-19 21:50:18,156 - INFO - - system: 0 sequences, 0.00 GB
127.0.0.1 - - [19/Sep/2026 21:50:18] "POST /v1/chat/completions HTTP/1.1" 200 -
2026-09-19 21:50:18,232 - INFO - Prompt Cache: 1 sequences, 0.07 GB
2026-09-19 21:50:18,232 - INFO - - assistant: 1 sequences, 0.07 GB
2026-09-19 21:50:18,232 - INFO - - user: 0 sequences, 0.00 GB
2026-09-19 21:50:18,232 - INFO - - system: 0 sequences, 0.00 GB
127.0.0.1 - - [19/Sep/2026 21:50:18] "POST /v1/chat/completions HTTP/1.1" 200 -
2026-09-19 21:50:18,309 - INFO - Prompt Cache: 1 sequences, 0.07 GB
2026-09-19 21:50:18,309 - INFO - - assistant: 1 sequences, 0.07 GB
2026-09-19 21:50:18,309 - INFO - - user: 0 sequences, 0.00 GB
2026-09-19 21:50:18,309 - INFO - - system: 0 sequences, 0.00 GB
127.0.0.1 - - [19/Sep/2026 21:50:18] "POST /v1/chat/completions HTTP/1.1" 200 -
2026-09-19 21:50:18,385 - INFO - Prompt Cache: 1 sequences, 0.07 GB
2026-09-19 21:50:18,385 - INFO - - assistant: 1 sequences, 0.07 GB
2026-09-19 21:50:18,385 - INFO - - user: 0 sequences, 0.00 GB
2026-09-19 21:50:18,385 - INFO - - system: 0 sequences, 0.00 GB
127.0.0.1 - - [19/Sep/2026 21:50:18] "POST /v1/chat/completions HTTP/1.1" 200 -
2026-09-19 21:50:18,460 - INFO - Prompt Cache: 1 sequences, 0.07 GB
2026-09-19 21:50:18,460 - INFO - - assistant: 1 sequences, 0.07 GB
2026-09-19 21:50:18,460 - INFO - - user: 0 sequences, 0.00 GB
2026-09-19 21:50:18,460 - INFO - - system: 0 sequences, 0.00 GB
127.0.0.1 - - [19/Sep/2026 21:50:18] "POST /v1/chat/completions HTTP/1.1" 200 -
2026-09-19 21:50:18,536 - INFO - Prompt Cache: 1 sequences, 0.07 GB
2026-09-19 21:50:18,536 - INFO - - assistant: 1 sequences, 0.07 GB
2026-09-19 21:50:18,536 - INFO - - user: 0 sequences, 0.00 GB
2026-09-19 21:50:18,536 - INFO - - system: 0 sequences, 0.00 GB
127.0.0.1 - - [19/Sep/2026 21:50:18] "POST /v1/chat/completions HTTP/1.1" 200 -
2026-09-19 21:50:21,124 - INFO - Prompt processing progress: 517/521
2026-09-19 21:50:21,125 - INFO - Prompt processing progress: 517/521
2026-09-19 21:50:21,125 - INFO - Prompt processing progress: 516/520
2026-09-19 21:50:21,125 - INFO - Prompt processing progress: 517/521
2026-09-19 21:50:21,125 - INFO - Prompt processing progress: 517/521
2026-09-19 21:50:21,125 - INFO - Prompt processing progress: 517/521
2026-09-19 21:50:21,125 - INFO - Prompt processing progress: 517/521
2026-09-19 21:50:21,275 - INFO - Prompt processing progress: 520/521
2026-09-19 21:50:21,275 - INFO - Prompt processing progress: 519/520
2026-09-19 21:50:21,275 - INFO - Prompt processing progress: 520/521
2026-09-19 21:50:21,275 - INFO - Prompt processing progress: 520/521
2026-09-19 21:50:21,275 - INFO - Prompt processing progress: 520/521
2026-09-19 21:50:21,275 - INFO - Prompt processing progress: 520/521
2026-09-19 21:50:21,275 - INFO - Prompt processing progress: 520/521
2026-09-19 21:50:21,406 - INFO - Prompt processing progress: 521/521
2026-09-19 21:50:21,406 - INFO - Prompt processing progress: 521/521
2026-09-19 21:50:21,406 - INFO - Prompt processing progress: 520/520
2026-09-19 21:50:21,406 - INFO - Prompt processing progress: 521/521
2026-09-19 21:50:21,406 - INFO - Prompt processing progress: 521/521
2026-09-19 21:50:21,406 - INFO - Prompt processing progress: 521/521
2026-09-19 21:50:21,406 - INFO - Prompt processing progress: 521/521
2026-09-19 21:50:24,335 - INFO - Prompt Cache: 1 sequences, 0.07 GB
2026-09-19 21:50:24,335 - INFO - - assistant: 1 sequences, 0.07 GB
2026-09-19 21:50:24,335 - INFO - - user: 0 sequences, 0.00 GB
2026-09-19 21:50:24,335 - INFO - - system: 0 sequences, 0.00 GB
127.0.0.1 - - [19/Sep/2026 21:50:24] "POST /v1/chat/completions HTTP/1.1" 200 -
2026-09-19 21:50:24,825 - INFO - Prompt processing progress: 517/521
2026-09-19 21:50:24,923 - INFO - Prompt processing progress: 520/521
2026-09-19 21:50:24,997 - INFO - Prompt processing progress: 521/521
2026-09-19 21:50:29,316 - INFO - Prompt Cache: 1 sequences, 0.07 GB
2026-09-19 21:50:29,316 - INFO - - assistant: 1 sequences, 0.07 GB
2026-09-19 21:50:29,316 - INFO - - user: 0 sequences, 0.00 GB
2026-09-19 21:50:29,316 - INFO - - system: 0 sequences, 0.00 GB
127.0.0.1 - - [19/Sep/2026 21:50:29] "POST /v1/chat/completions HTTP/1.1" 200 -
2026-09-19 21:50:29,395 - INFO - Prompt Cache: 1 sequences, 0.07 GB
2026-09-19 21:50:29,395 - INFO - - assistant: 1 sequences, 0.07 GB
2026-09-19 21:50:29,395 - INFO - - user: 0 sequences, 0.00 GB
2026-09-19 21:50:29,395 - INFO - - system: 0 sequences, 0.00 GB
127.0.0.1 - - [19/Sep/2026 21:50:29] "POST /v1/chat/completions HTTP/1.1" 200 -
2026-09-19 21:50:29,469 - INFO - Prompt Cache: 1 sequences, 0.07 GB
2026-09-19 21:50:29,469 - INFO - - assistant: 1 sequences, 0.07 GB
2026-09-19 21:50:29,469 - INFO - - user: 0 sequences, 0.00 GB
2026-09-19 21:50:29,469 - INFO - - system: 0 sequences, 0.00 GB
127.0.0.1 - - [19/Sep/2026 21:50:29] "POST /v1/chat/completions HTTP/1.1" 200 -
2026-09-19 21:50:29,545 - INFO - Prompt Cache: 1 sequences, 0.07 GB
2026-09-19 21:50:29,545 - INFO - - assistant: 1 sequences, 0.07 GB
2026-09-19 21:50:29,545 - INFO - - user: 0 sequences, 0.00 GB
2026-09-19 21:50:29,545 - INFO - - system: 0 sequences, 0.00 GB
127.0.0.1 - - [19/Sep/2026 21:50:29] "POST /v1/chat/completions HTTP/1.1" 200 -
2026-09-19 21:50:29,619 - INFO - Prompt Cache: 1 sequences, 0.07 GB
2026-09-19 21:50:29,619 - INFO - - assistant: 1 sequences, 0.07 GB
2026-09-19 21:50:29,619 - INFO - - user: 0 sequences, 0.00 GB
2026-09-19 21:50:29,619 - INFO - - system: 0 sequences, 0.00 GB
127.0.0.1 - - [19/Sep/2026 21:50:29] "POST /v1/chat/completions HTTP/1.1" 200 -
2026-09-19 21:50:29,694 - INFO - Prompt Cache: 1 sequences, 0.07 GB
2026-09-19 21:50:29,694 - INFO - - assistant: 1 sequences, 0.07 GB
2026-09-19 21:50:29,694 - INFO - - user: 0 sequences, 0.00 GB
2026-09-19 21:50:29,694 - INFO - - system: 0 sequences, 0.00 GB
127.0.0.1 - - [19/Sep/2026 21:50:29] "POST /v1/chat/completions HTTP/1.1" 200 -
2026-09-19 21:50:29,778 - INFO - Prompt Cache: 1 sequences, 0.07 GB
2026-09-19 21:50:29,778 - INFO - - assistant: 1 sequences, 0.07 GB
2026-09-19 21:50:29,778 - INFO - - user: 0 sequences, 0.00 GB
2026-09-19 21:50:29,778 - INFO - - system: 0 sequences, 0.00 GB
127.0.0.1 - - [19/Sep/2026 21:50:29] "POST /v1/chat/completions HTTP/1.1" 200 -
2026-09-19 21:50:32,097 - INFO - Prompt processing progress: 517/521
2026-09-19 21:50:32,097 - INFO - Prompt processing progress: 517/521
2026-09-19 21:50:32,097 - INFO - Prompt processing progress: 517/521
2026-09-19 21:50:32,097 - INFO - Prompt processing progress: 517/521
2026-09-19 21:50:32,097 - INFO - Prompt processing progress: 517/521
2026-09-19 21:50:32,097 - INFO - Prompt processing progress: 517/521
2026-09-19 21:50:32,097 - INFO - Prompt processing progress: 517/521
2026-09-19 21:50:32,265 - INFO - Prompt processing progress: 520/521
2026-09-19 21:50:32,265 - INFO - Prompt processing progress: 520/521
2026-09-19 21:50:32,265 - INFO - Prompt processing progress: 520/521
2026-09-19 21:50:32,265 - INFO - Prompt processing progress: 520/521
2026-09-19 21:50:32,265 - INFO - Prompt processing progress: 520/521
2026-09-19 21:50:32,265 - INFO - Prompt processing progress: 520/521
2026-09-19 21:50:32,265 - INFO - Prompt processing progress: 520/521
2026-09-19 21:50:32,418 - INFO - Prompt processing progress: 521/521
2026-09-19 21:50:32,418 - INFO - Prompt processing progress: 521/521
2026-09-19 21:50:32,418 - INFO - Prompt processing progress: 521/521
2026-09-19 21:50:32,418 - INFO - Prompt processing progress: 521/521
2026-09-19 21:50:32,418 - INFO - Prompt processing progress: 521/521
2026-09-19 21:50:32,418 - INFO - Prompt processing progress: 521/521
2026-09-19 21:50:32,418 - INFO - Prompt processing progress: 521/521
2026-09-19 21:50:35,369 - INFO - Prompt Cache: 1 sequences, 0.07 GB
2026-09-19 21:50:35,369 - INFO - - assistant: 1 sequences, 0.07 GB
2026-09-19 21:50:35,369 - INFO - - user: 0 sequences, 0.00 GB
2026-09-19 21:50:35,369 - INFO - - system: 0 sequences, 0.00 GB
127.0.0.1 - - [19/Sep/2026 21:50:35] "POST /v1/chat/completions HTTP/1.1" 200 -
2026-09-19 21:50:35,857 - INFO - Prompt processing progress: 517/521
2026-09-19 21:50:35,956 - INFO - Prompt processing progress: 520/521
2026-09-19 21:50:36,030 - INFO - Prompt processing progress: 521/521
2026-09-19 21:50:40,710 - INFO - Prompt Cache: 1 sequences, 0.07 GB
2026-09-19 21:50:40,710 - INFO - - assistant: 1 sequences, 0.07 GB
2026-09-19 21:50:40,710 - INFO - - user: 0 sequences, 0.00 GB
2026-09-19 21:50:40,710 - INFO - - system: 0 sequences, 0.00 GB
127.0.0.1 - - [19/Sep/2026 21:50:40] "POST /v1/chat/completions HTTP/1.1" 200 -
2026-09-19 21:50:40,788 - INFO - Prompt Cache: 1 sequences, 0.07 GB
2026-09-19 21:50:40,789 - INFO - - assistant: 1 sequences, 0.07 GB
2026-09-19 21:50:40,789 - INFO - - user: 0 sequences, 0.00 GB
2026-09-19 21:50:40,789 - INFO - - system: 0 sequences, 0.00 GB
127.0.0.1 - - [19/Sep/2026 21:50:40] "POST /v1/chat/completions HTTP/1.1" 200 -
2026-09-19 21:50:40,863 - INFO - Prompt Cache: 1 sequences, 0.07 GB
2026-09-19 21:50:40,863 - INFO - - assistant: 1 sequences, 0.07 GB
2026-09-19 21:50:40,863 - INFO - - user: 0 sequences, 0.00 GB
2026-09-19 21:50:40,863 - INFO - - system: 0 sequences, 0.00 GB
127.0.0.1 - - [19/Sep/2026 21:50:40] "POST /v1/chat/completions HTTP/1.1" 200 -
2026-09-19 21:50:40,937 - INFO - Prompt Cache: 1 sequences, 0.07 GB
2026-09-19 21:50:40,937 - INFO - - assistant: 1 sequences, 0.07 GB
2026-09-19 21:50:40,938 - INFO - - user: 0 sequences, 0.00 GB
2026-09-19 21:50:40,938 - INFO - - system: 0 sequences, 0.00 GB
127.0.0.1 - - [19/Sep/2026 21:50:40] "POST /v1/chat/completions HTTP/1.1" 200 -
2026-09-19 21:50:41,012 - INFO - Prompt Cache: 1 sequences, 0.07 GB
2026-09-19 21:50:41,012 - INFO - - assistant: 1 sequences, 0.07 GB
2026-09-19 21:50:41,012 - INFO - - user: 0 sequences, 0.00 GB
2026-09-19 21:50:41,012 - INFO - - system: 0 sequences, 0.00 GB
127.0.0.1 - - [19/Sep/2026 21:50:41] "POST /v1/chat/completions HTTP/1.1" 200 -
2026-09-19 21:50:41,086 - INFO - Prompt Cache: 1 sequences, 0.07 GB
2026-09-19 21:50:41,087 - INFO - - assistant: 1 sequences, 0.07 GB
2026-09-19 21:50:41,087 - INFO - - user: 0 sequences, 0.00 GB
2026-09-19 21:50:41,087 - INFO - - system: 0 sequences, 0.00 GB
127.0.0.1 - - [19/Sep/2026 21:50:41] "POST /v1/chat/completions HTTP/1.1" 200 -
2026-09-19 21:50:41,171 - INFO - Prompt Cache: 1 sequences, 0.07 GB
2026-09-19 21:50:41,171 - INFO - - assistant: 1 sequences, 0.07 GB
2026-09-19 21:50:41,171 - INFO - - user: 0 sequences, 0.00 GB
2026-09-19 21:50:41,171 - INFO - - system: 0 sequences, 0.00 GB
127.0.0.1 - - [19/Sep/2026 21:50:41] "POST /v1/chat/completions HTTP/1.1" 200 -
2026-09-19 21:50:43,489 - INFO - Prompt processing progress: 517/521
2026-09-19 21:50:43,490 - INFO - Prompt processing progress: 517/521
2026-09-19 21:50:43,490 - INFO - Prompt processing progress: 517/521
2026-09-19 21:50:43,490 - INFO - Prompt processing progress: 517/521
2026-09-19 21:50:43,490 - INFO - Prompt processing progress: 517/521
2026-09-19 21:50:43,490 - INFO - Prompt processing progress: 517/521
2026-09-19 21:50:43,490 - INFO - Prompt processing progress: 517/521
2026-09-19 21:50:43,648 - INFO - Prompt processing progress: 520/521
2026-09-19 21:50:43,648 - INFO - Prompt processing progress: 520/521
2026-09-19 21:50:43,648 - INFO - Prompt processing progress: 520/521
2026-09-19 21:50:43,648 - INFO - Prompt processing progress: 520/521
2026-09-19 21:50:43,648 - INFO - Prompt processing progress: 520/521
2026-09-19 21:50:43,648 - INFO - Prompt processing progress: 520/521
2026-09-19 21:50:43,648 - INFO - Prompt processing progress: 520/521
2026-09-19 21:50:43,756 - INFO - Prompt processing progress: 521/521
2026-09-19 21:50:43,756 - INFO - Prompt processing progress: 521/521
2026-09-19 21:50:43,756 - INFO - Prompt processing progress: 521/521
2026-09-19 21:50:43,756 - INFO - Prompt processing progress: 521/521
2026-09-19 21:50:43,756 - INFO - Prompt processing progress: 521/521
2026-09-19 21:50:43,756 - INFO - Prompt processing progress: 521/521
2026-09-19 21:50:43,756 - INFO - Prompt processing progress: 521/521
2026-09-19 21:50:46,073 - INFO - Prompt Cache: 1 sequences, 0.07 GB
2026-09-19 21:50:46,073 - INFO - - assistant: 1 sequences, 0.07 GB
2026-09-19 21:50:46,073 - INFO - - user: 0 sequences, 0.00 GB
2026-09-19 21:50:46,073 - INFO - - system: 0 sequences, 0.00 GB
127.0.0.1 - - [19/Sep/2026 21:50:46] "POST /v1/chat/completions HTTP/1.1" 200 -
2026-09-19 21:50:46,562 - INFO - Prompt processing progress: 517/521
2026-09-19 21:50:46,661 - INFO - Prompt processing progress: 520/521
2026-09-19 21:50:46,735 - INFO - Prompt processing progress: 521/521
2026-09-19 21:50:51,797 - INFO - Prompt Cache: 1 sequences, 0.07 GB
2026-09-19 21:50:51,797 - INFO - - assistant: 1 sequences, 0.07 GB
2026-09-19 21:50:51,798 - INFO - - user: 0 sequences, 0.00 GB
2026-09-19 21:50:51,798 - INFO - - system: 0 sequences, 0.00 GB
127.0.0.1 - - [19/Sep/2026 21:50:51] "POST /v1/chat/completions HTTP/1.1" 200 -
2026-09-19 21:50:51,876 - INFO - Prompt Cache: 1 sequences, 0.07 GB
2026-09-19 21:50:51,876 - INFO - - assistant: 1 sequences, 0.07 GB
2026-09-19 21:50:51,876 - INFO - - user: 0 sequences, 0.00 GB
2026-09-19 21:50:51,876 - INFO - - system: 0 sequences, 0.00 GB
127.0.0.1 - - [19/Sep/2026 21:50:51] "POST /v1/chat/completions HTTP/1.1" 200 -
2026-09-19 21:50:51,953 - INFO - Prompt Cache: 1 sequences, 0.07 GB
2026-09-19 21:50:51,953 - INFO - - assistant: 1 sequences, 0.07 GB
2026-09-19 21:50:51,953 - INFO - - user: 0 sequences, 0.00 GB
2026-09-19 21:50:51,953 - INFO - - system: 0 sequences, 0.00 GB
127.0.0.1 - - [19/Sep/2026 21:50:51] "POST /v1/chat/completions HTTP/1.1" 200 -
2026-09-19 21:50:52,029 - INFO - Prompt Cache: 1 sequences, 0.07 GB
2026-09-19 21:50:52,029 - INFO - - assistant: 1 sequences, 0.07 GB
2026-09-19 21:50:52,029 - INFO - - user: 0 sequences, 0.00 GB
2026-09-19 21:50:52,029 - INFO - - system: 0 sequences, 0.00 GB
127.0.0.1 - - [19/Sep/2026 21:50:52] "POST /v1/chat/completions HTTP/1.1" 200 -
2026-09-19 21:50:52,104 - INFO - Prompt Cache: 1 sequences, 0.07 GB
2026-09-19 21:50:52,104 - INFO - - assistant: 1 sequences, 0.07 GB
2026-09-19 21:50:52,104 - INFO - - user: 0 sequences, 0.00 GB
2026-09-19 21:50:52,104 - INFO - - system: 0 sequences, 0.00 GB
127.0.0.1 - - [19/Sep/2026 21:50:52] "POST /v1/chat/completions HTTP/1.1" 200 -
2026-09-19 21:50:52,188 - INFO - Prompt Cache: 1 sequences, 0.07 GB
2026-09-19 21:50:52,188 - INFO - - assistant: 1 sequences, 0.07 GB
2026-09-19 21:50:52,188 - INFO - - user: 0 sequences, 0.00 GB
2026-09-19 21:50:52,188 - INFO - - system: 0 sequences, 0.00 GB
127.0.0.1 - - [19/Sep/2026 21:50:52] "POST /v1/chat/completions HTTP/1.1" 200 -
2026-09-19 21:50:52,262 - INFO - Prompt Cache: 1 sequences, 0.07 GB
2026-09-19 21:50:52,262 - INFO - - assistant: 1 sequences, 0.07 GB
2026-09-19 21:50:52,262 - INFO - - user: 0 sequences, 0.00 GB
2026-09-19 21:50:52,262 - INFO - - system: 0 sequences, 0.00 GB
127.0.0.1 - - [19/Sep/2026 21:50:52] "POST /v1/chat/completions HTTP/1.1" 200 -
2026-09-19 21:50:54,594 - INFO - Prompt processing progress: 517/521
2026-09-19 21:50:54,594 - INFO - Prompt processing progress: 517/521
2026-09-19 21:50:54,594 - INFO - Prompt processing progress: 517/521
2026-09-19 21:50:54,594 - INFO - Prompt processing progress: 517/521
2026-09-19 21:50:54,594 - INFO - Prompt processing progress: 517/521
2026-09-19 21:50:54,594 - INFO - Prompt processing progress: 517/521
2026-09-19 21:50:54,594 - INFO - Prompt processing progress: 517/521
2026-09-19 21:50:54,760 - INFO - Prompt processing progress: 520/521
2026-09-19 21:50:54,760 - INFO - Prompt processing progress: 520/521
2026-09-19 21:50:54,760 - INFO - Prompt processing progress: 520/521
2026-09-19 21:50:54,760 - INFO - Prompt processing progress: 520/521
2026-09-19 21:50:54,760 - INFO - Prompt processing progress: 520/521
2026-09-19 21:50:54,760 - INFO - Prompt processing progress: 520/521
2026-09-19 21:50:54,760 - INFO - Prompt processing progress: 520/521
2026-09-19 21:50:54,867 - INFO - Prompt processing progress: 521/521
2026-09-19 21:50:54,867 - INFO - Prompt processing progress: 521/521
2026-09-19 21:50:54,867 - INFO - Prompt processing progress: 521/521
2026-09-19 21:50:54,867 - INFO - Prompt processing progress: 521/521
2026-09-19 21:50:54,867 - INFO - Prompt processing progress: 521/521
2026-09-19 21:50:54,867 - INFO - Prompt processing progress: 521/521
2026-09-19 21:50:54,867 - INFO - Prompt processing progress: 521/521
2026-09-19 21:50:57,227 - INFO - Prompt Cache: 1 sequences, 0.07 GB
2026-09-19 21:50:57,227 - INFO - - assistant: 1 sequences, 0.07 GB
2026-09-19 21:50:57,227 - INFO - - user: 0 sequences, 0.00 GB
2026-09-19 21:50:57,227 - INFO - - system: 0 sequences, 0.00 GB
127.0.0.1 - - [19/Sep/2026 21:50:57] "POST /v1/chat/completions HTTP/1.1" 200 -
2026-09-19 21:50:57,720 - INFO - Prompt processing progress: 517/521
2026-09-19 21:50:57,820 - INFO - Prompt processing progress: 520/521
2026-09-19 21:50:57,893 - INFO - Prompt processing progress: 521/521
2026-09-19 21:51:03,011 - INFO - Prompt Cache: 1 sequences, 0.07 GB
2026-09-19 21:51:03,011 - INFO - - assistant: 1 sequences, 0.07 GB
2026-09-19 21:51:03,011 - INFO - - user: 0 sequences, 0.00 GB
2026-09-19 21:51:03,011 - INFO - - system: 0 sequences, 0.00 GB
127.0.0.1 - - [19/Sep/2026 21:51:03] "POST /v1/chat/completions HTTP/1.1" 200 -
2026-09-19 21:51:03,093 - INFO - Prompt Cache: 1 sequences, 0.07 GB
2026-09-19 21:51:03,093 - INFO - - assistant: 1 sequences, 0.07 GB
2026-09-19 21:51:03,094 - INFO - - user: 0 sequences, 0.00 GB
2026-09-19 21:51:03,094 - INFO - - system: 0 sequences, 0.00 GB
127.0.0.1 - - [19/Sep/2026 21:51:03] "POST /v1/chat/completions HTTP/1.1" 200 -
2026-09-19 21:51:03,170 - INFO - Prompt Cache: 1 sequences, 0.07 GB
2026-09-19 21:51:03,170 - INFO - - assistant: 1 sequences, 0.07 GB
2026-09-19 21:51:03,170 - INFO - - user: 0 sequences, 0.00 GB
2026-09-19 21:51:03,170 - INFO - - system: 0 sequences, 0.00 GB
127.0.0.1 - - [19/Sep/2026 21:51:03] "POST /v1/chat/completions HTTP/1.1" 200 -
2026-09-19 21:51:03,247 - INFO - Prompt Cache: 1 sequences, 0.07 GB
2026-09-19 21:51:03,247 - INFO - - assistant: 1 sequences, 0.07 GB
2026-09-19 21:51:03,247 - INFO - - user: 0 sequences, 0.00 GB
2026-09-19 21:51:03,247 - INFO - - system: 0 sequences, 0.00 GB
127.0.0.1 - - [19/Sep/2026 21:51:03] "POST /v1/chat/completions HTTP/1.1" 200 -
2026-09-19 21:51:03,323 - INFO - Prompt Cache: 1 sequences, 0.07 GB
2026-09-19 21:51:03,323 - INFO - - assistant: 1 sequences, 0.07 GB
2026-09-19 21:51:03,323 - INFO - - user: 0 sequences, 0.00 GB
2026-09-19 21:51:03,323 - INFO - - system: 0 sequences, 0.00 GB
127.0.0.1 - - [19/Sep/2026 21:51:03] "POST /v1/chat/completions HTTP/1.1" 200 -
2026-09-19 21:51:03,399 - INFO - Prompt Cache: 1 sequences, 0.07 GB
2026-09-19 21:51:03,400 - INFO - - assistant: 1 sequences, 0.07 GB
2026-09-19 21:51:03,400 - INFO - - user: 0 sequences, 0.00 GB
2026-09-19 21:51:03,400 - INFO - - system: 0 sequences, 0.00 GB
127.0.0.1 - - [19/Sep/2026 21:51:03] "POST /v1/chat/completions HTTP/1.1" 200 -
2026-09-19 21:51:03,487 - INFO - Prompt Cache: 1 sequences, 0.07 GB
2026-09-19 21:51:03,488 - INFO - - assistant: 1 sequences, 0.07 GB
2026-09-19 21:51:03,488 - INFO - - user: 0 sequences, 0.00 GB
2026-09-19 21:51:03,488 - INFO - - system: 0 sequences, 0.00 GB
127.0.0.1 - - [19/Sep/2026 21:51:03] "POST /v1/chat/completions HTTP/1.1" 200 -
2026-09-19 21:51:05,812 - INFO - Prompt processing progress: 517/521
2026-09-19 21:51:05,812 - INFO - Prompt processing progress: 517/521
2026-09-19 21:51:05,812 - INFO - Prompt processing progress: 517/521
2026-09-19 21:51:05,812 - INFO - Prompt processing progress: 517/521
2026-09-19 21:51:05,812 - INFO - Prompt processing progress: 517/521
2026-09-19 21:51:05,812 - INFO - Prompt processing progress: 517/521
2026-09-19 21:51:05,812 - INFO - Prompt processing progress: 517/521
2026-09-19 21:51:05,971 - INFO - Prompt processing progress: 520/521
2026-09-19 21:51:05,971 - INFO - Prompt processing progress: 520/521
2026-09-19 21:51:05,971 - INFO - Prompt processing progress: 520/521
2026-09-19 21:51:05,971 - INFO - Prompt processing progress: 520/521
2026-09-19 21:51:05,971 - INFO - Prompt processing progress: 520/521
2026-09-19 21:51:05,971 - INFO - Prompt processing progress: 520/521
2026-09-19 21:51:05,971 - INFO - Prompt processing progress: 520/521
2026-09-19 21:51:06,077 - INFO - Prompt processing progress: 521/521
2026-09-19 21:51:06,077 - INFO - Prompt processing progress: 521/521
2026-09-19 21:51:06,077 - INFO - Prompt processing progress: 521/521
2026-09-19 21:51:06,077 - INFO - Prompt processing progress: 521/521
2026-09-19 21:51:06,077 - INFO - Prompt processing progress: 521/521
2026-09-19 21:51:06,077 - INFO - Prompt processing progress: 521/521
2026-09-19 21:51:06,077 - INFO - Prompt processing progress: 521/521
2026-09-19 21:51:08,428 - INFO - Prompt Cache: 1 sequences, 0.07 GB
2026-09-19 21:51:08,428 - INFO - - assistant: 1 sequences, 0.07 GB
2026-09-19 21:51:08,428 - INFO - - user: 0 sequences, 0.00 GB
2026-09-19 21:51:08,428 - INFO - - system: 0 sequences, 0.00 GB
127.0.0.1 - - [19/Sep/2026 21:51:08] "POST /v1/chat/completions HTTP/1.1" 200 -
2026-09-19 21:51:08,922 - INFO - Prompt processing progress: 517/521
2026-09-19 21:51:09,026 - INFO - Prompt processing progress: 520/521
2026-09-19 21:51:09,101 - INFO - Prompt processing progress: 521/521
2026-09-19 21:51:14,168 - INFO - Prompt Cache: 1 sequences, 0.07 GB
2026-09-19 21:51:14,168 - INFO - - assistant: 1 sequences, 0.07 GB
2026-09-19 21:51:14,168 - INFO - - user: 0 sequences, 0.00 GB
2026-09-19 21:51:14,168 - INFO - - system: 0 sequences, 0.00 GB
127.0.0.1 - - [19/Sep/2026 21:51:14] "POST /v1/chat/completions HTTP/1.1" 200 -
2026-09-19 21:51:14,246 - INFO - Prompt Cache: 1 sequences, 0.07 GB
2026-09-19 21:51:14,246 - INFO - - assistant: 1 sequences, 0.07 GB
2026-09-19 21:51:14,246 - INFO - - user: 0 sequences, 0.00 GB
2026-09-19 21:51:14,246 - INFO - - system: 0 sequences, 0.00 GB
127.0.0.1 - - [19/Sep/2026 21:51:14] "POST /v1/chat/completions HTTP/1.1" 200 -
2026-09-19 21:51:14,321 - INFO - Prompt Cache: 1 sequences, 0.07 GB
2026-09-19 21:51:14,321 - INFO - - assistant: 1 sequences, 0.07 GB
2026-09-19 21:51:14,321 - INFO - - user: 0 sequences, 0.00 GB
2026-09-19 21:51:14,321 - INFO - - system: 0 sequences, 0.00 GB
127.0.0.1 - - [19/Sep/2026 21:51:14] "POST /v1/chat/completions HTTP/1.1" 200 -
2026-09-19 21:51:14,394 - INFO - Prompt Cache: 1 sequences, 0.07 GB
2026-09-19 21:51:14,394 - INFO - - assistant: 1 sequences, 0.07 GB
2026-09-19 21:51:14,394 - INFO - - user: 0 sequences, 0.00 GB
2026-09-19 21:51:14,394 - INFO - - system: 0 sequences, 0.00 GB
127.0.0.1 - - [19/Sep/2026 21:51:14] "POST /v1/chat/completions HTTP/1.1" 200 -
2026-09-19 21:51:14,467 - INFO - Prompt Cache: 1 sequences, 0.07 GB
2026-09-19 21:51:14,467 - INFO - - assistant: 1 sequences, 0.07 GB
2026-09-19 21:51:14,467 - INFO - - user: 0 sequences, 0.00 GB
2026-09-19 21:51:14,467 - INFO - - system: 0 sequences, 0.00 GB
127.0.0.1 - - [19/Sep/2026 21:51:14] "POST /v1/chat/completions HTTP/1.1" 200 -
2026-09-19 21:51:14,540 - INFO - Prompt Cache: 1 sequences, 0.07 GB
2026-09-19 21:51:14,540 - INFO - - assistant: 1 sequences, 0.07 GB
2026-09-19 21:51:14,540 - INFO - - user: 0 sequences, 0.00 GB
2026-09-19 21:51:14,540 - INFO - - system: 0 sequences, 0.00 GB
127.0.0.1 - - [19/Sep/2026 21:51:14] "POST /v1/chat/completions HTTP/1.1" 200 -
2026-09-19 21:51:14,625 - INFO - Prompt Cache: 1 sequences, 0.07 GB
2026-09-19 21:51:14,625 - INFO - - assistant: 1 sequences, 0.07 GB
2026-09-19 21:51:14,625 - INFO - - user: 0 sequences, 0.00 GB
2026-09-19 21:51:14,625 - INFO - - system: 0 sequences, 0.00 GB
127.0.0.1 - - [19/Sep/2026 21:51:14] "POST /v1/chat/completions HTTP/1.1" 200 -
2026-09-19 21:51:16,938 - INFO - Prompt processing progress: 517/521
2026-09-19 21:51:16,938 - INFO - Prompt processing progress: 517/521
2026-09-19 21:51:16,938 - INFO - Prompt processing progress: 517/521
2026-09-19 21:51:16,938 - INFO - Prompt processing progress: 517/521
2026-09-19 21:51:16,938 - INFO - Prompt processing progress: 517/521
2026-09-19 21:51:16,938 - INFO - Prompt processing progress: 517/521
2026-09-19 21:51:16,938 - INFO - Prompt processing progress: 517/521
2026-09-19 21:51:17,097 - INFO - Prompt processing progress: 520/521
2026-09-19 21:51:17,097 - INFO - Prompt processing progress: 520/521
2026-09-19 21:51:17,097 - INFO - Prompt processing progress: 520/521
2026-09-19 21:51:17,097 - INFO - Prompt processing progress: 520/521
2026-09-19 21:51:17,097 - INFO - Prompt processing progress: 520/521
2026-09-19 21:51:17,097 - INFO - Prompt processing progress: 520/521
2026-09-19 21:51:17,097 - INFO - Prompt processing progress: 520/521
2026-09-19 21:51:17,202 - INFO - Prompt processing progress: 521/521
2026-09-19 21:51:17,202 - INFO - Prompt processing progress: 521/521
2026-09-19 21:51:17,202 - INFO - Prompt processing progress: 521/521
2026-09-19 21:51:17,202 - INFO - Prompt processing progress: 521/521
2026-09-19 21:51:17,202 - INFO - Prompt processing progress: 521/521
2026-09-19 21:51:17,202 - INFO - Prompt processing progress: 521/521
2026-09-19 21:51:17,202 - INFO - Prompt processing progress: 521/521
2026-09-19 21:51:19,735 - INFO - Prompt Cache: 1 sequences, 0.07 GB
2026-09-19 21:51:19,735 - INFO - - assistant: 1 sequences, 0.07 GB
2026-09-19 21:51:19,735 - INFO - - user: 0 sequences, 0.00 GB
2026-09-19 21:51:19,735 - INFO - - system: 0 sequences, 0.00 GB
127.0.0.1 - - [19/Sep/2026 21:51:19] "POST /v1/chat/completions HTTP/1.1" 200 -
2026-09-19 21:51:20,227 - INFO - Prompt processing progress: 517/521
2026-09-19 21:51:20,325 - INFO - Prompt processing progress: 520/521
2026-09-19 21:51:20,398 - INFO - Prompt processing progress: 521/521
2026-09-19 21:51:25,128 - INFO - Prompt Cache: 1 sequences, 0.07 GB
2026-09-19 21:51:25,128 - INFO - - assistant: 1 sequences, 0.07 GB
2026-09-19 21:51:25,128 - INFO - - user: 0 sequences, 0.00 GB
2026-09-19 21:51:25,128 - INFO - - system: 0 sequences, 0.00 GB
127.0.0.1 - - [19/Sep/2026 21:51:25] "POST /v1/chat/completions HTTP/1.1" 200 -
2026-09-19 21:51:25,609 - INFO - Prompt processing progress: 517/521
2026-09-19 21:51:25,686 - INFO - Prompt processing progress: 520/521
2026-09-19 21:51:25,739 - INFO - Prompt processing progress: 521/521
